accounting:,'https://apply.pdx.edu/register/undergrad-program?sys:field:ug_acad_int=76ba10f8-0783-4311-aba1-72d11223c711','76ba10f8-0783-4311-aba1-72d11223c711'
accounting-postbaccalaureate-certificate:,'https://apply.pdx.edu/register/undergrad-program?sys:field:ug_acad_int=d56e7d0d-af8d-4679-a3b6-14a02ac1b2da','d56e7d0d-af8d-4679-a3b6-14a02ac1b2da'
advanced-proficiency-russian:,'https://apply.pdx.edu/register/undergrad-program?sys:field:ug_acad_int=9e40b409-bf5f-4e22-9bf8-f2a7e33cc511','9e40b409-bf5f-4e22-9bf8-f2a7e33cc511'
advertising-management:,'https://apply.pdx.edu/register/undergrad-program?sys:field:ug_acad_int=156e41a0-63d0-4d00-84d3-7a72ebc36d98','156e41a0-63d0-4d00-84d3-7a72ebc36d98'
advertising-management-minor:,'https://apply.pdx.edu/register/undergrad-program?sys:field:ug_acad_int=fe9fe282-f62c-4e1b-b804-b7b24ca72762','fe9fe282-f62c-4e1b-b804-b7b24ca72762'
advertising-management-minor-communication-majors:,'https://apply.pdx.edu/register/undergrad-minor?sys:field:ug_minor_inquiry=96425a86-1d18-494c-aeab-493e18e77db0','96425a86-1d18-494c-aeab-493e18e77db0'
advertising-management-minor-graphic-design-majors:,'https://apply.pdx.edu/register/undergrad-program?sys:field:ug_acad_int=96425a86-1d18-494c-aeab-493e18e77db0','96425a86-1d18-494c-aeab-493e18e77db0'
american-sign-language:,'https://apply.pdx.edu/register/undergrad-minor?sys:field:ug_minor_inquiry=80b6ff8c-4eae-4fb3-ab1f-d500afddc7a2','80b6ff8c-4eae-4fb3-ab1f-d500afddc7a2'
anthropology:,'https://apply.pdx.edu/register/undergrad-program?sys:field:ug_acad_int=eb35ee27-b6b8-4f99-a32d-e5eaf36a87a8','eb35ee27-b6b8-4f99-a32d-e5eaf36a87a8'
applied-health-and-fitness:,'https://apply.pdx.edu/register/undergrad-program?sys:field:ug_acad_int=a8810bca-414b-42a7-b2d3-277f63af910b','a8810bca-414b-42a7-b2d3-277f63af910b'
applied-linguistics:,'https://apply.pdx.edu/register/undergrad-program?sys:field:ug_acad_int=4615423d-6d9f-4e81-b847-a424d977c0e1','4615423d-6d9f-4e81-b847-a424d977c0e1'
arabic:,'https://apply.pdx.edu/register/undergrad-program?sys:field:ug_acad_int=ebe1fe89-07b7-4b2c-9fac-847ec5f43ee7','ebe1fe89-07b7-4b2c-9fac-847ec5f43ee7'
architecture:,'https://apply.pdx.edu/register/undergrad-program?sys:field:ug_acad_int=6d61c5ad-ad85-4d0d-857a-6d78bceba519','6d61c5ad-ad85-4d0d-857a-6d78bceba519'
art-design:,'https://apply.pdx.edu/register/undergrad-program?sys:field:ug_acad_int=e0d1a5b4-b48d-412b-8896-4df47b0d4098','e0d1a5b4-b48d-412b-8896-4df47b0d4098'
art-history:,'https://apply.pdx.edu/register/undergrad-program?sys:field:ug_acad_int=99e4f668-0171-481f-9a7f-05de4a6bb49e','99e4f668-0171-481f-9a7f-05de4a6bb49e'
art-history-postbaccalaureate-certificate:,'https://apply.pdx.edu/register/undergrad-program?sys:field:ug_acad_int=cd42bd55-7e4e-4781-b3a0-156a151fe8c0','cd42bd55-7e4e-4781-b3a0-156a151fe8c0'
art-practice:,'https://apply.pdx.edu/register/undergrad-program?sys:field:ug_acad_int=d71cfa89-ed30-4c43-97c9-8bba96d39006','d71cfa89-ed30-4c43-97c9-8bba96d39006'
arts-and-letters:,'https://apply.pdx.edu/register/undergrad-program?sys:field:ug_acad_int=5141317d-d023-40c7-830c-da1d521537a4','5141317d-d023-40c7-830c-da1d521537a4'
arts-and-letters-online:,'https://apply.pdx.edu/register/undergrad-program?sys:field:ug_acad_int=8eed73da-af08-4cd5-a6c1-3308a308559d','8eed73da-af08-4cd5-a6c1-3308a308559d'
athletic-and-outdoor-industry:,'https://apply.pdx.edu/register/undergrad-program?sys:field:ug_acad_int=9dcb576f-9245-49db-a316-af62415dc584','9dcb576f-9245-49db-a316-af62415dc584'
biochemistry:,'https://apply.pdx.edu/register/undergrad-program?sys:field:ug_acad_int=60036910-e15f-4f88-b473-ed3fd0ad2308','60036910-e15f-4f88-b473-ed3fd0ad2308'
biology:,'https://apply.pdx.edu/register/undergrad-program?sys:field:ug_acad_int=5627f501-1436-42ea-85d2-6d5dd6ad2fc6','5627f501-1436-42ea-85d2-6d5dd6ad2fc6'
black-studies:,'https://apply.pdx.edu/register/undergrad-program?sys:field:ug_acad_int=4680be34-1b07-4c7e-a077-f94077696268','4680be34-1b07-4c7e-a077-f94077696268'
black-studies-certificate:,'https://apply.pdx.edu/register/undergrad-program?sys:field:ug_acad_int=b37ed7a7-890e-4b8c-8818-4e7364dad17f','b37ed7a7-890e-4b8c-8818-4e7364dad17f'
business:,'https://apply.pdx.edu/register/undergrad-minor?sys:field:ug_minor_inquiry=ea7d6d02-d5cb-4cd6-911b-d528184bc8a4','ea7d6d02-d5cb-4cd6-911b-d528184bc8a4'
business-economics:,'https://apply.pdx.edu/register/undergrad-program?sys:field:ug_acad_int=2ac77b61-b779-46b0-8350-508595d0b11f','2ac77b61-b779-46b0-8350-508595d0b11f'
business-technology-and-analytics:,'https://apply.pdx.edu/register/undergrad-program?sys:field:ug_acad_int=ba083dc1-8e4e-4cab-82f8-5c552e114684','ba083dc1-8e4e-4cab-82f8-5c552e114684'
business-technology-and-analytics-online:,'https://apply.pdx.edu/register/undergrad-program?sys:field:ug_acad_int=72e95d88-fa23-4735-89f2-cf1580fdebb6','72e95d88-fa23-4735-89f2-cf1580fdebb6'
campaigning-win-us-political-campaign:,'https://apply.pdx.edu/register/undergrad-program?sys:field:ug_acad_int=ca8a4aa6-b49e-47b2-9f77-41a8067aa784','ca8a4aa6-b49e-47b2-9f77-41a8067aa784'
chemsitry:,'https://apply.pdx.edu/register/undergrad-program?sys:field:ug_acad_int=c3f8949d-a21e-4729-a854-8c4c390d948d','c3f8949d-a21e-4729-a854-8c4c390d948d'
chicanxlatinx-studies:,'https://apply.pdx.edu/register/undergrad-program?sys:field:ug_acad_int=b720978e-d352-45b3-b35a-840cf861ef08','b720978e-d352-45b3-b35a-840cf861ef08'
chicanolatino-studies:,'https://apply.pdx.edu/register/undergrad-minor?sys:field:ug_minor_inquiry=cb50cd31-a56e-4ace-a59e-57a0fb39bd51','cb50cd31-a56e-4ace-a59e-57a0fb39bd51'
child-youth-and-family-studies:,'https://apply.pdx.edu/register/undergrad-program?sys:field:ug_acad_int=50615a50-be48-484e-9f8d-930bb558215f','50615a50-be48-484e-9f8d-930bb558215f'
civic-leadership:,'https://apply.pdx.edu/register/undergrad-minor?sys:field:ug_minor_inquiry=b4010185-04ef-4a26-b120-c7c9d36070ed','b4010185-04ef-4a26-b120-c7c9d36070ed'
civil-engineering:,'https://apply.pdx.edu/register/undergrad-program?sys:field:ug_acad_int=0333fbd3-e1e2-4c6b-893b-ffa7582680e1','0333fbd3-e1e2-4c6b-893b-ffa7582680e1'
classical-studies:,'https://apply.pdx.edu/register/undergrad-minor?sys:field:ug_minor_inquiry=0008e196-5cfc-42cf-aa6c-714467c6e29a','0008e196-5cfc-42cf-aa6c-714467c6e29a'
climate-change-science-and-adaptation:,'https://apply.pdx.edu/register/undergrad-minor?sys:field:ug_minor_inquiry=0070bdf5-bea3-4ece-b775-4c7b4e8a1f0b','0070bdf5-bea3-4ece-b775-4c7b4e8a1f0b'
comics-studies-certificate:,'https://apply.pdx.edu/register/undergrad-program?sys:field:ug_acad_int=811a52c8-0a0e-459c-adc6-78119efa533d','811a52c8-0a0e-459c-adc6-78119efa533d'
communication:,'https://apply.pdx.edu/register/undergrad-program?sys:field:ug_acad_int=a8f5e1d2-8038-4372-a507-b51709f44232','a8f5e1d2-8038-4372-a507-b51709f44232'
communication-sciences-and-disorders:,'https://apply.pdx.edu/register/undergrad-program?sys:field:ug_acad_int=8b1c92c2-ca1d-408c-ae90-27e6bc514a2e','8b1c92c2-ca1d-408c-ae90-27e6bc514a2e'
communication-sciences-and-disorders-online:,'https://apply.pdx.edu/register/undergrad-program?sys:field:ug_acad_int=3faf6a32-41da-4cff-a014-46de8868bb07','3faf6a32-41da-4cff-a014-46de8868bb07'
community-development:,'https://apply.pdx.edu/register/undergrad-program?sys:field:ug_acad_int=3eb121ee-7b14-42db-bce1-f47cab1c571e','3eb121ee-7b14-42db-bce1-f47cab1c571e'
comparative-literary-and-cultural-studies:,'https://apply.pdx.edu/register/undergrad-program?sys:field:ug_acad_int=7c887473-a117-4d7a-b0f1-65afefe442b2','7c887473-a117-4d7a-b0f1-65afefe442b2'
computer-application:,'https://apply.pdx.edu/register/undergrad-minor?sys:field:ug_minor_inquiry=6ab47baa-87eb-4305-9b45-ecac1f83a8b4','6ab47baa-87eb-4305-9b45-ecac1f83a8b4'
computer-engineering:,'https://apply.pdx.edu/register/undergrad-program?sys:field:ug_acad_int=9635ad32-3667-42a5-bb24-658f8ce033a4','9635ad32-3667-42a5-bb24-658f8ce033a4'
computer-science:,'https://apply.pdx.edu/register/undergrad-program?sys:field:ug_acad_int=50fb168d-d1e6-4217-822b-29efd9667869','50fb168d-d1e6-4217-822b-29efd9667869'
conflict-resolution:,'https://apply.pdx.edu/register/undergrad-program?sys:field:ug_acad_int=15f4132d-1098-4df2-9617-b51fe0cefc1c','15f4132d-1098-4df2-9617-b51fe0cefc1c'
conflict-resolution-online:,'https://apply.pdx.edu/register/undergrad-program?sys:field:ug_acad_int=a8c52617-4416-45a6-bf2c-c9495c933e3a','a8c52617-4416-45a6-bf2c-c9495c933e3a'
consumer-retail-pre-baccalaureate-certificate:,'https://apply.pdx.edu/register/undergrad-program?sys:field:ug_acad_int=9e8ac144-413e-44a1-abee-ed01cdec2ec7','9e8ac144-413e-44a1-abee-ed01cdec2ec7'
creative-writing:,'https://apply.pdx.edu/register/undergrad-program?sys:field:ug_acad_int=674b8a48-2a0d-4ba0-b6e6-25ca3dd2b694','674b8a48-2a0d-4ba0-b6e6-25ca3dd2b694'
criminology-and-criminal-justice:,'https://apply.pdx.edu/register/undergrad-program?sys:field:ug_acad_int=8b46d70b-726e-4269-bbad-62b0c090dc25','8b46d70b-726e-4269-bbad-62b0c090dc25'
criminology-and-criminal-justice-postbac:,'https://apply.pdx.edu/register/undergrad-program?sys:field:ug_acad_int=4e772e89-9bef-4aa4-b45e-36170a5dca41','4e772e89-9bef-4aa4-b45e-36170a5dca41'
criminology-and-criminal-justice-online:,'https://apply.pdx.edu/register/undergrad-program?sys:field:ug_acad_int=0c637f07-dbd7-4f35-9e4c-a1f6743ff9cb','0c637f07-dbd7-4f35-9e4c-a1f6743ff9cb'
criminology-and-criminal-justice-postbac-online:,'https://apply.pdx.edu/register/undergrad-program?sys:field:ug_acad_int=d91a9198-953c-4a26-93db-84b7ceb6e341','d91a9198-953c-4a26-93db-84b7ceb6e341'
cultural-history-arts:,'https://apply.pdx.edu/register/undergrad-program?sys:field:ug_acad_int=7ad03463-1458-4031-ab29-9613e4c430c1','7ad03463-1458-4031-ab29-9613e4c430c1'
cultural-history-arts-online:,'https://apply.pdx.edu/register/undergrad-program?sys:field:ug_acad_int=52b89c5a-4f1a-418c-b5c7-b4c3e8edf77b','52b89c5a-4f1a-418c-b5c7-b4c3e8edf77b'
data-science:,'https://apply.pdx.edu/register/undergrad-program?sys:field:ug_acad_int=d75533b7-bf84-4211-9b9b-be1ae8cb254d','d75533b7-bf84-4211-9b9b-be1ae8cb254d'
design-management-minor-advertising-majors:,'https://apply.pdx.edu/register/undergrad-minor?sys:field:ug_minor_inquiry=8fb765a9-a7dc-49dc-b687-2eeb896132ae','8fb765a9-a7dc-49dc-b687-2eeb896132ae'
earth-science:,'https://apply.pdx.edu/register/undergrad-program?sys:field:ug_acad_int=c965904e-09d9-4190-a8f8-282c24aa93f7','c965904e-09d9-4190-a8f8-282c24aa93f7'
economics:,'https://apply.pdx.edu/register/undergrad-program?sys:field:ug_acad_int=ad525779-dd49-459b-84f8-252ae4983764','ad525779-dd49-459b-84f8-252ae4983764'
electrical-engineering:,'https://apply.pdx.edu/register/undergrad-program?sys:field:ug_acad_int=d8e33ec2-4200-4102-816a-ca236e0f51e7','d8e33ec2-4200-4102-816a-ca236e0f51e7'
elementary-education-minor:,'https://apply.pdx.edu/register/undergrad-minor?sys:field:ug_minor_inquiry=5ee10348-0075-4939-9a0b-7e6f83e8d077','5ee10348-0075-4939-9a0b-7e6f83e8d077'
elementary-education-science-minor:,'https://apply.pdx.edu/register/undergrad-minor?sys:field:ug_minor_inquiry=3fedd685-9b5b-4c1e-b69f-cc9d8241fca1','3fedd685-9b5b-4c1e-b69f-cc9d8241fca1'
elementary-education:,'https://apply.pdx.edu/register/undergrad-program?sys:field:ug_acad_int=537e2b8b-85c0-4751-83b6-9575f1f87814','537e2b8b-85c0-4751-83b6-9575f1f87814'
english:,'https://apply.pdx.edu/register/undergrad-program?sys:field:ug_acad_int=f314c6e5-1c5c-4ab3-9e1c-47ebde2e5f05','f314c6e5-1c5c-4ab3-9e1c-47ebde2e5f05'
entrepreneurship-certificate:,'https://apply.pdx.edu/register/undergrad-program?sys:field:ug_acad_int=05f8ed8c-b2b7-4465-a9b2-519cbc33c233','05f8ed8c-b2b7-4465-a9b2-519cbc33c233'
environmental-engineering:,'https://apply.pdx.edu/register/undergrad-program?sys:field:ug_acad_int=7228496c-c120-4ca1-ae67-dfc32301bfda','7228496c-c120-4ca1-ae67-dfc32301bfda'
environmental-geology:,'https://apply.pdx.edu/register/undergrad-minor?sys:field:ug_minor_inquiry=3b42646f-680c-4882-bf6d-7850354ebbe8','3b42646f-680c-4882-bf6d-7850354ebbe8'
environmental-science:,'https://apply.pdx.edu/register/undergrad-program?sys:field:ug_acad_int=b88f74b8-1855-43f8-a9c9-032f808a8a86','b88f74b8-1855-43f8-a9c9-032f808a8a86'
environmental-studies:,'https://apply.pdx.edu/register/undergrad-program?sys:field:ug_acad_int=39558a17-3b2d-4bcb-a2ff-f59f99d8e95e','39558a17-3b2d-4bcb-a2ff-f59f99d8e95e'
film:,'https://apply.pdx.edu/register/undergrad-program?sys:field:ug_acad_int=608a2eaf-b284-4f77-8d0f-82c7de7294e1','608a2eaf-b284-4f77-8d0f-82c7de7294e1'
film-studies:,'https://apply.pdx.edu/register/undergrad-minor?sys:field:ug_minor_inquiry=3dbedaa3-7330-4467-ac53-d4627a1f5baf','3dbedaa3-7330-4467-ac53-d4627a1f5baf'
finance:,'https://apply.pdx.edu/register/undergrad-program?sys:field:ug_acad_int=32a185ad-6880-436b-a057-775ea858af92','32a185ad-6880-436b-a057-775ea858af92'
food-beverage-and-goods-leadership:,'https://apply.pdx.edu/register/undergrad-program?sys:field:ug_acad_int=a040694a-ba15-4980-b935-3bcc331d157a','a040694a-ba15-4980-b935-3bcc331d157a'
french:,'https://apply.pdx.edu/register/undergrad-program?sys:field:ug_acad_int=6aa4bb66-f178-4b02-915b-8b29a0f3401f','6aa4bb66-f178-4b02-915b-8b29a0f3401f'
geographic-information-systems:,'https://apply.pdx.edu/register/undergrad-minor?sys:field:ug_minor_inquiry=28b433e3-24f3-4a16-be69-625f20a58c44','28b433e3-24f3-4a16-be69-625f20a58c44'
geography:,'https://apply.pdx.edu/register/undergrad-program?sys:field:ug_acad_int=dfd488c8-01b1-4910-85d3-9e3ace14aec7','dfd488c8-01b1-4910-85d3-9e3ace14aec7'
geology:,'https://apply.pdx.edu/register/undergrad-program?sys:field:ug_acad_int=8ded3393-adbb-49fd-8a04-275d1ecfca31','8ded3393-adbb-49fd-8a04-275d1ecfca31'
german:,'https://apply.pdx.edu/register/undergrad-program?sys:field:ug_acad_int=3d85039f-1447-4c5c-8770-e591a856ab46','3d85039f-1447-4c5c-8770-e591a856ab46'
:,'https://apply.pdx.edu/register/undergrad-program?sys:field:ug_acad_int=d7334767-8d0f-41a6-a4d1-0d0ca2e623af','d7334767-8d0f-41a6-a4d1-0d0ca2e623af'
supply-and-logistics-management:,'https://apply.pdx.edu/register/undergrad-program?sys:field:ug_acad_int=1e24d865-a780-4c2c-a195-f3069d4248f5','1e24d865-a780-4c2c-a195-f3069d4248f5'
supply-and-logistics-management-online:,'https://apply.pdx.edu/register/undergrad-program?sys:field:ug_acad_int=d94554be-88d7-48ba-b347-db4829ff194e','d94554be-88d7-48ba-b347-db4829ff194e'
graphic-design:,'https://apply.pdx.edu/register/undergrad-program?sys:field:ug_acad_int=9191c95c-8b0d-491e-a4f4-a35aa103510f','9191c95c-8b0d-491e-a4f4-a35aa103510f'
history:,'https://apply.pdx.edu/register/undergrad-program?sys:field:ug_acad_int=22eb483c-2ab6-469d-ad9f-c2c23c5387e1','22eb483c-2ab6-469d-ad9f-c2c23c5387e1'
human-resource-management:,'https://apply.pdx.edu/register/undergrad-program?sys:field:ug_acad_int=8a72bad8-7669-45ce-a9be-1ecf8722a56c','8a72bad8-7669-45ce-a9be-1ecf8722a56c'
human-resource-management-online:,'https://apply.pdx.edu/register/undergrad-program?sys:field:ug_acad_int=61cc99fe-01e2-40bf-8cb9-5aaf55d77f50','61cc99fe-01e2-40bf-8cb9-5aaf55d77f50'
indigenous-nations-and-native-american-studies:,'https://apply.pdx.edu/register/undergrad-program?sys:field:ug_acad_int=7550b3a0-4b36-4d37-b549-b6b97e04e99a','7550b3a0-4b36-4d37-b549-b6b97e04e99a'
indigenous-traditional-ecological-cultural-knowledge:,'https://apply.pdx.edu/register/undergrad-program?sys:field:ug_acad_int=b6d15b0a-52d0-4117-bcc8-c75f4d729999','b6d15b0a-52d0-4117-bcc8-c75f4d729999'
institutional-economics:,'https://apply.pdx.edu/register/undergrad-program?sys:field:ug_acad_int=4e34f585-7c1c-447b-aecb-fc346827129d','4e34f585-7c1c-447b-aecb-fc346827129d'
intercultural-competence-workplace:,'https://apply.pdx.edu/register/undergrad-program?sys:field:ug_acad_int=3601dacb-2be5-4396-a5f5-6e966b8f8736','3601dacb-2be5-4396-a5f5-6e966b8f8736'
african-studies:,'https://apply.pdx.edu/register/undergrad-program?sys:field:ug_acad_int=4175f102-132f-4328-a0ea-f89cd77729f5','4175f102-132f-4328-a0ea-f89cd77729f5'
global-studies:,'https://apply.pdx.edu/register/undergrad-program?sys:field:ug_acad_int=c0a6018c-27c5-4884-b602-665f273168e2','c0a6018c-27c5-4884-b602-665f273168e2'
international-and-global-studies-minor:,'https://apply.pdx.edu/register/undergrad-program?sys:field:ug_acad_int=4d0b4830-6386-4aa9-a503-cf7fd1fd1c8c','4d0b4830-6386-4aa9-a503-cf7fd1fd1c8c'
middle-east-studies:,'https://apply.pdx.edu/register/undergrad-program?sys:field:ug_acad_int=65365b79-ada1-44cd-a569-9f149bf24198','65365b79-ada1-44cd-a569-9f149bf24198'
international-business:,'https://apply.pdx.edu/register/undergrad-program?sys:field:ug_acad_int=fa0a841f-d548-4756-aec6-f04e3324fc8f','fa0a841f-d548-4756-aec6-f04e3324fc8f'
international-development-studies:,'https://apply.pdx.edu/register/undergrad-program?sys:field:ug_acad_int=18db4368-8edc-4653-b5e3-bc77e14c4a31','18db4368-8edc-4653-b5e3-bc77e14c4a31'
international-economics:,'https://apply.pdx.edu/register/undergrad-minor?sys:field:ug_minor_inquiry=19ef423a-bbc6-4d5e-bfd3-233d64fc51fc','19ef423a-bbc6-4d5e-bfd3-233d64fc51fc'
italian:,'https://apply.pdx.edu/register/undergrad-minor?sys:field:ug_minor_inquiry=f1b23d98-167a-4133-a221-a0dfebc7205d','f1b23d98-167a-4133-a221-a0dfebc7205d'
japanese:,'https://apply.pdx.edu/register/undergrad-program?sys:field:ug_acad_int=e43834f3-b531-4b0f-9ce9-fb351b1cd114','e43834f3-b531-4b0f-9ce9-fb351b1cd114'
judaic-studies:,'https://apply.pdx.edu/register/undergrad-program?sys:field:ug_acad_int=de4f2408-706b-42f4-9df4-b636cabe94ad','de4f2408-706b-42f4-9df4-b636cabe94ad'
lake-and-reservoir-management-certificate-program:,'https://apply.pdx.edu/register/undergrad-program?sys:field:ug_acad_int=bf62c6e1-974a-47ca-a7be-c9454e3a50ba','bf62c6e1-974a-47ca-a7be-c9454e3a50ba'
law-legal-studies:,'https://apply.pdx.edu/register/undergrad-minor?sys:field:ug_minor_inquiry=ed465bb9-4df9-4e5e-aca7-9e0bf596ff86','ed465bb9-4df9-4e5e-aca7-9e0bf596ff86'
liberal-studies:,'https://apply.pdx.edu/register/undergrad-program?sys:field:ug_acad_int=93da619b-344a-4306-b305-d8190b671356','93da619b-344a-4306-b305-d8190b671356'
liberal-studies-online:,'https://apply.pdx.edu/register/undergrad-program?sys:field:ug_acad_int=212bd0ea-9bcd-4528-a069-8d9f786c9ffe','212bd0ea-9bcd-4528-a069-8d9f786c9ffe'
management-and-leadership:,'https://apply.pdx.edu/register/undergrad-program?sys:field:ug_acad_int=eeb4970e-a7b9-49f4-b520-300744a4aa17','eeb4970e-a7b9-49f4-b520-300744a4aa17'
management-and-leadership-online:,'https://apply.pdx.edu/register/undergrad-program?sys:field:ug_acad_int=0ef7aa44-db9d-41d9-84b7-f751b473158a','0ef7aa44-db9d-41d9-84b7-f751b473158a'
marketing:,'https://apply.pdx.edu/register/undergrad-program?sys:field:ug_acad_int=c2531f1b-ab94-401b-8007-bbce0e60ed60','c2531f1b-ab94-401b-8007-bbce0e60ed60'
mathematics:,'https://apply.pdx.edu/register/undergrad-program?sys:field:ug_acad_int=411f8fb7-8a52-4ea8-af56-cf2de9720345','411f8fb7-8a52-4ea8-af56-cf2de9720345'
mathematics-middle-school-teachers:,'https://apply.pdx.edu/register/undergrad-minor?sys:field:ug_minor_inquiry=174f6b16-71b3-4d7c-bc0e-1d2cb110c42b','174f6b16-71b3-4d7c-bc0e-1d2cb110c42b'
mechanical-engineering:,'https://apply.pdx.edu/register/undergrad-program?sys:field:ug_acad_int=bfcc1941-5718-4493-a0a7-a96ecf28fae6','bfcc1941-5718-4493-a0a7-a96ecf28fae6'
medieval-studies:,'https://apply.pdx.edu/register/undergrad-minor?sys:field:ug_minor_inquiry=255d1802-7695-426a-82a8-54d52a1d6dd1','255d1802-7695-426a-82a8-54d52a1d6dd1'
modern-hebrew:,'https://apply.pdx.edu/register/undergrad-minor?sys:field:ug_minor_inquiry=641cc048-e0c6-4f2e-8d8c-6a5ae228f16c','641cc048-e0c6-4f2e-8d8c-6a5ae228f16c'
music :,'https://apply.pdx.edu/register/undergrad-minor?sys:field:ug_minor_inquiry=3f221322-1249-404a-8cd5-bb712fa74510','3f221322-1249-404a-8cd5-bb712fa74510'
music-history-minor:,'https://apply.pdx.edu/register/undergrad-minor?sys:field:ug_minor_inquiry=bef473e7-612c-458c-b994-b2c94d7c1cda','bef473e7-612c-458c-b994-b2c94d7c1cda'
music-composition:,'https://apply.pdx.edu/register/undergrad-program?sys:field:ug_acad_int=4acd7c8c-bcb3-4510-817d-c259aa26ea88','4acd7c8c-bcb3-4510-817d-c259aa26ea88'
music-education:,'https://apply.pdx.edu/register/undergrad-program?sys:field:ug_acad_int=066961a5-08b1-4597-a582-2c3c1482cfd6','066961a5-08b1-4597-a582-2c3c1482cfd6'
music-jazz-studies:,'https://apply.pdx.edu/register/undergrad-program?sys:field:ug_acad_int=dc760c13-2ff0-451d-a608-0394ca34f563','dc760c13-2ff0-451d-a608-0394ca34f563'
music-musicologyethnomusicology:,'https://apply.pdx.edu/register/undergrad-program?sys:field:ug_acad_int=20e0fec7-1e1f-49f3-9ab1-eafe8bfc1caa','20e0fec7-1e1f-49f3-9ab1-eafe8bfc1caa'
music-performance:,'https://apply.pdx.edu/register/undergrad-program?sys:field:ug_acad_int=f320c62b-8449-402a-9f46-6506590f2ba1','f320c62b-8449-402a-9f46-6506590f2ba1'
music-theory:,'https://apply.pdx.edu/register/undergrad-program?sys:field:ug_acad_int=a5678bf2-e9f9-4932-a824-af052afc037f','a5678bf2-e9f9-4932-a824-af052afc037f'
music-voice:,'https://apply.pdx.edu/register/undergrad-program?sys:field:ug_acad_int=ecd94f19-edd5-4e83-ab58-3c8f19964e39','ecd94f19-edd5-4e83-ab58-3c8f19964e39'
neuroscience:,'https://apply.pdx.edu/register/undergrad-minor?sys:field:ug_minor_inquiry=a37e5b1d-c7a4-443a-baa5-30bc5a3ad00c','a37e5b1d-c7a4-443a-baa5-30bc5a3ad00c'
persian:,'https://apply.pdx.edu/register/undergrad-minor?sys:field:ug_minor_inquiry=e0e66afd-e81b-4ee5-b9ea-3fd35e621179','e0e66afd-e81b-4ee5-b9ea-3fd35e621179'
philosophy:,'https://apply.pdx.edu/register/undergrad-program?sys:field:ug_acad_int=adb3e8eb-1f29-46c9-9c6a-4c6c7938f899','adb3e8eb-1f29-46c9-9c6a-4c6c7938f899'
philosophy-online:,'https://apply.pdx.edu/register/undergrad-program?sys:field:ug_acad_int=6592cdd9-1fd3-4ac3-8812-9f68f9647b79','6592cdd9-1fd3-4ac3-8812-9f68f9647b79'
physics:,'https://apply.pdx.edu/register/undergrad-program?sys:field:ug_acad_int=78637c20-4836-4b15-aef7-0229c8067ec7','78637c20-4836-4b15-aef7-0229c8067ec7'
political-economy:,'https://apply.pdx.edu/register/undergrad-minor?sys:field:ug_minor_inquiry=2554ffbd-2391-4631-b7f0-540bb43c1ea5','2554ffbd-2391-4631-b7f0-540bb43c1ea5'
political-science:,'https://apply.pdx.edu/register/undergrad-program?sys:field:ug_acad_int=5059bc7d-6348-46c9-9df3-ffcb00a842b9','5059bc7d-6348-46c9-9df3-ffcb00a842b9'
pre-chiropractic-medicine-pre-professional-program:,'https://apply.pdx.edu/register/undergrad-program?sys:field:ug_acad_int=584c1688-e573-4a37-8104-f877e6781272','584c1688-e573-4a37-8104-f877e6781272'
pre-dental-hygiene-pre-professional-program:,'https://apply.pdx.edu/register/undergrad-program?sys:field:ug_acad_int=af63b514-34b1-4c3f-93d3-44d113e4849e','af63b514-34b1-4c3f-93d3-44d113e4849e'
pre-dentistry-pre-professional-program:,'https://apply.pdx.edu/register/undergrad-program?sys:field:ug_acad_int=dc989c2b-bf8c-4144-a581-ba74b96cee31','dc989c2b-bf8c-4144-a581-ba74b96cee31'
pre-education-pre-professional-program:,'https://apply.pdx.edu/register/undergrad-program?sys:field:ug_acad_int=7225f0b4-61bf-4662-a713-9c966e6366ba','7225f0b4-61bf-4662-a713-9c966e6366ba'
pre-law-pre-professional-program:,'https://apply.pdx.edu/register/undergrad-program?sys:field:ug_acad_int=e75e50d8-2f04-458e-9adf-ad47ff732de4','e75e50d8-2f04-458e-9adf-ad47ff732de4'
pre-medical-laboratory-science-pre-professional-program:,'https://apply.pdx.edu/register/undergrad-program?sys:field:ug_acad_int=09b253c0-2768-48f4-aef4-7da6e77edaed','09b253c0-2768-48f4-aef4-7da6e77edaed'
pre-medicine-pre-professional-program:,'https://apply.pdx.edu/register/undergrad-program?sys:field:ug_acad_int=49cc6fea-b0f2-4ee8-8c7b-a5920cfd83a3','49cc6fea-b0f2-4ee8-8c7b-a5920cfd83a3'
pre-naturopathic-medicine-pre-professional-program:,'https://apply.pdx.edu/register/undergrad-program?sys:field:ug_acad_int=b207c0aa-8893-489d-8e1c-eff3120f6ac3','b207c0aa-8893-489d-8e1c-eff3120f6ac3'
undergraduate/pre-nursing-pre-professional-program:,'https://apply.pdx.edu/register/undergrad-program?sys:field:ug_acad_int=7f61a909-728c-4ccc-8f09-61305832ac57','7f61a909-728c-4ccc-8f09-61305832ac57'
pre-occupational-therapy-pre-professional-program:,'https://apply.pdx.edu/register/undergrad-program?sys:field:ug_acad_int=447a4afa-1ed0-4bc8-ac1d-3861fbb6d344','447a4afa-1ed0-4bc8-ac1d-3861fbb6d344'
pre-optometry-pre-professional-program:,'https://apply.pdx.edu/register/undergrad-program?sys:field:ug_acad_int=10f09c7c-8f1f-4154-bcb8-69d75f4df05c','10f09c7c-8f1f-4154-bcb8-69d75f4df05c'
pre-pharmacy-pre-professional-program:,'https://apply.pdx.edu/register/undergrad-program?sys:field:ug_acad_int=9f88ffef-83a6-4353-a988-f14db612d252','9f88ffef-83a6-4353-a988-f14db612d252'
pre-physical-therapy-pre-professional-program:,'https://apply.pdx.edu/register/undergrad-program?sys:field:ug_acad_int=8b0efbc4-bd63-45f6-923d-a9b0d1e72fe4','8b0efbc4-bd63-45f6-923d-a9b0d1e72fe4'
Pre-physician-assistant-pre-professional-program:,'https://apply.pdx.edu/register/undergrad-program?sys:field:ug_acad_int=0f227a14-8584-40da-83d2-0618bb4e4bdb','0f227a14-8584-40da-83d2-0618bb4e4bdb'
pre-radiation-therapy-pre-professional-program:,'https://apply.pdx.edu/register/undergrad-program?sys:field:ug_acad_int=02bdeb15-2e1e-407b-b270-17052bb2d027','02bdeb15-2e1e-407b-b270-17052bb2d027'
pre-veterinary-medicine-pre-professional-program:,'https://apply.pdx.edu/register/undergrad-program?sys:field:ug_acad_int=a37cfdd5-1d05-4599-8f93-908d4a898e8b','a37cfdd5-1d05-4599-8f93-908d4a898e8b'
psychology:,'https://apply.pdx.edu/register/undergrad-program?sys:field:ug_acad_int=d42b10b2-f0e9-4b33-a879-949d0045580d','d42b10b2-f0e9-4b33-a879-949d0045580d'
public-health:,'https://apply.pdx.edu/register/undergrad-program?sys:field:ug_acad_int=af25a6e6-811c-48b1-818b-2d715bf05527','af25a6e6-811c-48b1-818b-2d715bf05527'
public-health-community-health-promotion:,'https://apply.pdx.edu/register/undergrad-program?sys:field:ug_acad_int=51512fbb-8fa2-45b3-8971-028822f1db9e','51512fbb-8fa2-45b3-8971-028822f1db9e'
public-health-community-health-promotion-online:,'https://apply.pdx.edu/register/undergrad-program?sys:field:ug_acad_int=04b2a8c1-9502-4ec6-b747-51a4ded9bee2','04b2a8c1-9502-4ec6-b747-51a4ded9bee2'
public-health-health-services-administration:,'https://apply.pdx.edu/register/undergrad-program?sys:field:ug_acad_int=ec9d51f2-860b-4951-92dc-1cca601c7a85','ec9d51f2-860b-4951-92dc-1cca601c7a85'
public-health-health-services-administration-online:,'https://apply.pdx.edu/register/undergrad-program?sys:field:ug_acad_int=50cb01f5-c8e6-450d-a641-0c0f78ff3dfa','50cb01f5-c8e6-450d-a641-0c0f78ff3dfa'
public-health-healthy-aging:,'https://apply.pdx.edu/register/undergrad-program?sys:field:ug_acad_int=b9bd8985-82e0-444e-b024-b921edb1f358','b9bd8985-82e0-444e-b024-b921edb1f358'
public-health-healthy-aging-online:,'https://apply.pdx.edu/register/undergrad-program?sys:field:ug_acad_int=85af7bdb-5038-4b67-b46b-7521cad99801','85af7bdb-5038-4b67-b46b-7521cad99801'
public-health-human-lactation:,'https://apply.pdx.edu/register/?id=2b6df78f-0517-48f6-b1d3-f5bbe57fad84','2b6df78f-0517-48f6-b1d3-f5bbe57fad84'
public-health-studies-indigenous-health:,'https://apply.pdx.edu/register/undergrad-program?sys:field:ug_acad_int=3d58145f-fa5e-4549-b045-21fb348b7b9b','3d58145f-fa5e-4549-b045-21fb348b7b9b'
public-health-pre-clinical-health-sciences:,'https://apply.pdx.edu/register/undergrad-program?sys:field:ug_acad_int=340f00e4-bc24-497a-947f-39a63d97e251','340f00e4-bc24-497a-947f-39a63d97e251'
public-health-school-health-education:,'https://apply.pdx.edu/register/undergrad-program?sys:field:ug_acad_int=f7b1a644-33bb-43f9-b25c-a934a80b62e6','f7b1a644-33bb-43f9-b25c-a934a80b62e6'
quantitative-economics:,'https://apply.pdx.edu/register/undergrad-program?sys:field:ug_acad_int=d24f9b98-2507-472d-880b-de4734813bd7','d24f9b98-2507-472d-880b-de4734813bd7'
real-estate-property-management-minor:,'https://apply.pdx.edu/register/undergrad-minor?sys:field:ug_minor_inquiry=743ea0b4-060b-4471-9a02-42b57d870d44','743ea0b4-060b-4471-9a02-42b57d870d44'
real-estate-property-management-certificate:,'https://apply.pdx.edu/register/undergrad-program?sys:field:ug_acad_int=b21dacf4-77d2-4922-b056-be826fbe96f4','b21dacf4-77d2-4922-b056-be826fbe96f4'
russian:,'https://apply.pdx.edu/register/undergrad-program?sys:field:ug_acad_int=be644631-ebd8-4e44-afd0-5d0beea6c21a','be644631-ebd8-4e44-afd0-5d0beea6c21a'
science:,'https://apply.pdx.edu/register/undergrad-program?sys:field:ug_acad_int=d27994d7-57c4-4772-aedc-87d636685f92','d27994d7-57c4-4772-aedc-87d636685f92'
science-online:,'https://apply.pdx.edu/register/undergrad-program?sys:field:ug_acad_int=d4204af7-a583-450c-9243-c730738dfe3c','d4204af7-a583-450c-9243-c730738dfe3c'
science-technology-and-society-interdisciplinary-minor:,'https://apply.pdx.edu/register/undergrad-minor?sys:field:ug_minor_inquiry=22a5efa4-cd48-4f87-b6e8-84a4ab3b2714','22a5efa4-cd48-4f87-b6e8-84a4ab3b2714'
secondary-education-minor:,'https://apply.pdx.edu/register/undergrad-minor?sys:field:ug_minor_inquiry=a16a57c7-0648-4d11-b270-6566948ac0dd','a16a57c7-0648-4d11-b270-6566948ac0dd'
sexuality-gender-and-queer-studies:,'https://apply.pdx.edu/register/undergrad-program?sys:field:ug_acad_int=98ac66f6-8334-454f-825f-89db0501f1c3','98ac66f6-8334-454f-825f-89db0501f1c3'
social-innovation:,'https://apply.pdx.edu/register/undergrad-minor?sys:field:ug_minor_inquiry=b8ec3565-f287-408a-9118-86756ea9539f','b8ec3565-f287-408a-9118-86756ea9539f'
social-innovation-and-social-entrepreneurship:,'https://apply.pdx.edu/register/undergrad-program?sys:field:ug_acad_int=3e2a7390-24ff-44a6-847d-63f3f02e4049','3e2a7390-24ff-44a6-847d-63f3f02e4049'
social-innovation-and-social-entrepreneurship-online:,'https://apply.pdx.edu/register/undergrad-program?sys:field:ug_acad_int=cbe2be5b-5751-4bcf-ae41-06b84b1b82d6','cbe2be5b-5751-4bcf-ae41-06b84b1b82d6'
social-justice-arts,'https://apply.pdx.edu/register/undergrad-program?sys:field:ug_acad_int=d1307b8c-2560-4f7a-9bf1-4fa92a957e20','d1307b8c-2560-4f7a-9bf1-4fa92a957e20'
social-science:,'https://apply.pdx.edu/register/undergrad-program?sys:field:ug_acad_int=6cd32f94-3653-49db-be1e-f90a8c8b249f','6cd32f94-3653-49db-be1e-f90a8c8b249f'
social-science-online:,'https://apply.pdx.edu/register/undergrad-program?sys:field:ug_acad_int=914d07e5-6a4a-4e87-bfcf-4695267d0c45','914d07e5-6a4a-4e87-bfcf-4695267d0c45'
bsw-social-work:,'https://apply.pdx.edu/register/undergrad-program?sys:field:ug_acad_int=3ebb91ad-149d-498a-b711-3666d131159d','3ebb91ad-149d-498a-b711-3666d131159d'
bsw-social-work-online:,'https://apply.pdx.edu/register/undergrad-program?sys:field:ug_acad_int=a46e4a78-cebe-4cb8-9f6d-a429bae7136b','a46e4a78-cebe-4cb8-9f6d-a429bae7136b'
sociology:,'https://apply.pdx.edu/register/undergrad-program?sys:field:ug_acad_int=8f699453-c9df-4ecd-a741-dd59768a32f2','8f699453-c9df-4ecd-a741-dd59768a32f2'
sonic-arts-and-music-production:,'https://apply.pdx.edu/register/undergrad-program?sys:field:ug_acad_int=c6c8e616-c3bc-4d56-a4f4-c6c746dbb182','c6c8e616-c3bc-4d56-a4f4-c6c746dbb182'
space-and-planetary-science:,'https://apply.pdx.edu/register/undergrad-minor?sys:field:ug_minor_inquiry=afdb2bd6-1f80-43c8-836e-ebe826130b16','afdb2bd6-1f80-43c8-836e-ebe826130b16'
spanish:,'https://apply.pdx.edu/register/undergrad-program?sys:field:ug_acad_int=2dfa894c-4bc8-4895-8206-de5eba96ca97','2dfa894c-4bc8-4895-8206-de5eba96ca97'
special-education:,'https://apply.pdx.edu/register/undergrad-program?sys:field:ug_acad_int=e25b59bd-c27b-4a84-8d9a-0109b63915b8','e25b59bd-c27b-4a84-8d9a-0109b63915b8'
speech-and-hearing-sciences:,'https://apply.pdx.edu/register/undergrad-program?sys:field:ug_acad_int=8a2e01b5-e248-473d-abc6-87359b62fdff','8a2e01b5-e248-473d-abc6-87359b62fdff'
speech-and-hearing-sciences-online:,'https://apply.pdx.edu/register/undergrad-program?sys:field:ug_acad_int=fd0f2c67-e5df-4f7b-b6e8-23741884c380','fd0f2c67-e5df-4f7b-b6e8-23741884c380'
sustainability:,'https://apply.pdx.edu/register/undergrad-minor?sys:field:ug_minor_inquiry=e8a74bad-c94d-4914-81b6-92da86fc300e','e8a74bad-c94d-4914-81b6-92da86fc300e'
sustainable-urban-development:,'https://apply.pdx.edu/register/undergrad-minor?sys:field:ug_minor_inquiry=2a3bf138-2166-4174-bdf0-8435f1ce9f3c','2a3bf138-2166-4174-bdf0-8435f1ce9f3c'
systems:,'https://apply.pdx.edu/register/undergrad-minor?sys:field:ug_minor_inquiry=ec0e3a7b-df15-4b13-8a2e-bde6ee9d7e98','ec0e3a7b-df15-4b13-8a2e-bde6ee9d7e98'
teaching-english-second-language:,'https://apply.pdx.edu/register/undergrad-program?sys:field:ug_acad_int=e7c8edb7-6e9a-466c-ae5d-dbc71feaeae9','e7c8edb7-6e9a-466c-ae5d-dbc71feaeae9'
teaching-japanese-foreign-language-certificate:,'https://apply.pdx.edu/register/undergrad-program?sys:field:ug_acad_int=9e1ac1ff-46d9-4782-8fa2-44af034c9b99','9e1ac1ff-46d9-4782-8fa2-44af034c9b99'
theater-arts:,'https://apply.pdx.edu/register/undergrad-program?sys:field:ug_acad_int=5dbbe929-5bc6-4c22-bf9b-17c539b68f86','5dbbe929-5bc6-4c22-bf9b-17c539b68f86'
transformative-messaging-certificate:,'https://apply.pdx.edu/register/undergrad-program?sys:field:ug_acad_int=6fb367a0-5ee3-422b-a819-da460de1aae4','6fb367a0-5ee3-422b-a819-da460de1aae4'
undecided:,'https://apply.pdx.edu/register/undergrad-program?sys:field:ug_acad_int=fbbb22b6-09c3-4b86-ac5b-594dfe2e6416','fbbb22b6-09c3-4b86-ac5b-594dfe2e6416'
urban-and-public-affairs:,'https://apply.pdx.edu/register/undergrad-program?sys:field:ug_acad_int=c87993c7-7d7e-4dc3-a2f9-b004fb5c3c89','c87993c7-7d7e-4dc3-a2f9-b004fb5c3c89'
water-resources:,'https://apply.pdx.edu/register/undergrad-minor?sys:field:ug_minor_inquiry=040d1911-0253-46dd-9d9c-bdc962cea90d','040d1911-0253-46dd-9d9c-bdc962cea90d'
womens-leadership-certificate:,'https://apply.pdx.edu/register/undergrad-program?sys:field:ug_acad_int=7e414af6-34fb-4f30-a58a-a17ff0ff7ac7','7e414af6-34fb-4f30-a58a-a17ff0ff7ac7'
womens-studies:,'https://apply.pdx.edu/register/undergrad-program?sys:field:ug_acad_int=fcde574b-e0bb-4bad-9b0b-1b3f9eb56184','fcde574b-e0bb-4bad-9b0b-1b3f9eb56184'
world-history-minor:,'https://apply.pdx.edu/register/undergrad-minor?sys:field:ug_minor_inquiry=77496f98-bfd9-4fb7-8f4c-535ab99e5898','77496f98-bfd9-4fb7-8f4c-535ab99e5898'
world-language-pedagogy-certificate:,'https://apply.pdx.edu/register/undergrad-program?sys:field:ug_acad_int=ec338724-b486-4191-9dbe-a1beafbd07bb','ec338724-b486-4191-9dbe-a1beafbd07bb'
writing-minor:,'https://apply.pdx.edu/register/undergrad-minor?sys:field:ug_minor_inquiry=a1353ac6-d388-470b-b875-2442e544ed81','a1353ac6-d388-470b-b875-2442e544ed81'
