https://this.is/at/content-dir/1/1/this_0.pdf,a
https://this.is/at/content-dir/2/2/this_0.pdf,a
https://this.is/at/content-dir/4/3/this_1.pdf,a
https://this.is/at/content-dir/8/4/this_4.pdf,a
https://this.is/at/content-dir/16/5/this_11.pdf,a
https://this.is/at/content-dir/32/6/this_26.pdf,a
https://this.is/at/content-dir/64/7/this_57.pdf,a
https://this.is/at/content-dir/128/8/this_120.pdf,a
https://this.is/at/content-dir/256/9/this_247.pdf,a
https://this.is/at/content-dir/512/10/this_502.pdf,a
https://this.is/at/content-dir/1024/11/this_1013.pdf,a
https://this.is/at/content-dir/2048/12/this_2036.pdf,a
https://this.is/at/content-dir/4096/13/this_4083.pdf,a
https://this.is/at/content-dir/8192/14/this_8178.pdf,a
https://this.is/at/content-dir/16384/15/this_16369.pdf,a
https://this.is/at/content-dir/32768/16/this_32752.pdf,a
https://this.is/at/content-dir/65536/17/this_65519.pdf,a
https://this.is/at/content-dir/131072/18/this_131054.pdf,a
https://this.is/at/content-dir/262144/19/this_262125.pdf,a
https://this.is/at/content-dir/524288/20/this_524268.pdf,a