URL,Images,Last Mod.
https://mynewimage.net/,2,2019-10-07 10:53 -07:00
https://mynewimage.net/patient-resources/tooth-extraction-post-op-instructions/,0,2017-05-09 12:13 -07:00
https://mynewimage.net/patient-resources/implant-post-op-instructions/,0,2017-05-09 12:16 -07:00
https://mynewimage.net/specials/,2,2017-05-11 08:40 -07:00
https://mynewimage.net/dental-surgeon/periodontal-disease/mouthbody-connection/,0,2017-05-15 12:06 -07:00
https://mynewimage.net/dr-dick-moller/,1,2017-05-16 16:58 -07:00
https://mynewimage.net/family-dentistry-serving-camas/,0,2017-05-17 08:18 -07:00
https://mynewimage.net/family-dentistry-serving-%20/,0,2017-05-17 08:21 -07:00
https://mynewimage.net/patient-resources/financial-options/,1,2017-06-05 10:33 -07:00
https://mynewimage.net/office-tour/,0,2017-06-05 11:29 -07:00
https://mynewimage.net/dental-implants/plaque-removal-from-dental-implants/,1,2018-02-20 14:52 -08:00
https://mynewimage.net/family-dentistry/brushing-and-flossing-your-teeth/,1,2018-02-20 15:21 -08:00
https://mynewimage.net/videos/,0,2018-02-28 08:38 -08:00
https://mynewimage.net/cosmetic-dentistry/reviews/,0,2018-04-18 11:43 -07:00
https://mynewimage.net/dentist-near-vancouver-wa/,1,2018-04-30 14:39 -07:00
https://mynewimage.net/dental-implants/dental-implant-care/,1,2018-05-17 16:16 -07:00
https://mynewimage.net/dental-surgeon/,1,2018-07-25 09:50 -07:00
https://mynewimage.net/dental-surgeon/bone-grafting/,1,2018-08-20 15:29 -07:00
https://mynewimage.net/family-dentistry/fluoride-treatment/,1,2018-08-20 15:42 -07:00
https://mynewimage.net/dental-surgeon/tmj-disorder/,1,2018-08-20 16:27 -07:00
https://mynewimage.net/cosmetic-dentistry/porcelain-bridges/,1,2018-08-24 10:02 -07:00
https://mynewimage.net/cosmetic-dentistry/porcelain-veneers/,1,2018-08-24 10:03 -07:00
https://mynewimage.net/family-dentistry/digital-x-rays/,1,2018-08-24 10:07 -07:00
https://mynewimage.net/family-dentistry/sealants/,1,2018-08-24 10:07 -07:00
https://mynewimage.net/family-dentistry/sleep-apnea/,2,2018-08-24 10:08 -07:00
https://mynewimage.net/dental-surgeon/apicoectomy/,1,2018-08-24 10:09 -07:00
https://mynewimage.net/dental-surgeon/oral-surgery/,1,2018-08-24 10:09 -07:00
https://mynewimage.net/dental-surgeon/root-canal-therapy/,1,2018-08-24 10:12 -07:00
https://mynewimage.net/dental-surgeon/periodontal-disease/,1,2018-08-24 10:16 -07:00
https://mynewimage.net/dental-surgeon/wisdom-tooth-extraction/pain-relief/,1,2018-09-27 15:41 -07:00
https://mynewimage.net/dental-surgeon/wisdom-tooth-extraction/,1,2018-09-27 15:42 -07:00
https://mynewimage.net/family-dentistry/regular-exams-and-teeth-cleaning/,1,2018-09-28 12:43 -07:00
https://mynewimage.net/family-dentistry/oral-cancer-exams/velscope-oral-cancer-screening/,1,2018-10-17 08:40 -07:00
https://mynewimage.net/dental-surgeon/tooth-extraction/,1,2018-11-12 09:09 -08:00
https://mynewimage.net/dental-surgeon/frenectomy/,1,2018-11-12 10:24 -08:00
https://mynewimage.net/family-dentistry/oral-cancer-exams/hpv-associated-throat-cancer/,1,2018-11-12 10:30 -08:00
https://mynewimage.net/meet-us/,0,2018-11-12 10:43 -08:00
https://mynewimage.net/family-dentistry/oral-cancer-exams/,1,2018-11-20 13:42 -08:00
https://mynewimage.net/dental-surgeon/pinhole-gum-rejuvenation/,1,2018-11-21 14:25 -08:00
https://mynewimage.net/dental-surgeon/soft-tissue-grafting/,1,2018-11-27 10:02 -08:00
https://mynewimage.net/patient-resources/dental-phobia/,0,2018-12-19 16:30 -08:00
https://mynewimage.net/dental-implants/implant-supported-dentures/,1,2018-12-27 08:30 -08:00
https://mynewimage.net/cosmetic-dentistry/dentures/,1,2019-01-14 13:14 -08:00
https://mynewimage.net/cosmetic-dentistry/tooth-colored-fillings/,1,2019-01-15 08:57 -08:00
https://mynewimage.net/dental-implants/procedure/,1,2019-01-17 16:11 -08:00
https://mynewimage.net/patient-resources/,0,2019-04-22 16:49 -07:00
https://mynewimage.net/cosmetic-dentistry/tooth-bonding/,1,2019-04-25 11:49 -07:00
https://mynewimage.net/family-dentistry/tooth-abscess/,1,2019-04-25 12:06 -07:00
https://mynewimage.net/contact/,1,2019-07-17 09:14 -07:00
https://mynewimage.net/our-staff/,0,2019-07-17 09:29 -07:00
https://mynewimage.net/cosmetic-dentistry/teeth-whitening/white-for-life/,1,2019-07-17 13:52 -07:00
https://mynewimage.net/dr-blake-perkins/,1,2019-07-17 14:58 -07:00
https://mynewimage.net/cosmetic-dentistry/,2,2019-07-17 14:59 -07:00
https://mynewimage.net/cosmetic-dentistry/teeth-straightening/,1,2019-07-17 15:01 -07:00
https://mynewimage.net/dental-implants/dental-implant-costs/,1,2019-07-17 15:04 -07:00
https://mynewimage.net/cosmetic-dentistry/teeth-whitening/,2,2019-07-17 16:46 -07:00
https://mynewimage.net/dental-memberships/,0,2019-07-24 15:34 -07:00
https://mynewimage.net/family-dentistry/,1,2019-07-26 12:23 -07:00
https://mynewimage.net/dental-terminology/,0,2019-08-09 11:04 -07:00
https://mynewimage.net/dental-implants/,1,2019-08-19 11:13 -07:00