Brand,Ehrlich,,,,,,,,
Phone Number,610-568-9032,,,,,,,,
,,,,,,,,,
Zip Code,District,Name,Region,Brand,System,City,State,Population,New Res.
48001,239,Detroit Metro - Eradico Pest,19,Eradico,iRIS,Algonac,MI,11840,yes
48002,239,Detroit Metro - Eradico Pest,19,Eradico,iRIS,Allenton,MI,3236,yes
48003,239,Detroit Metro - Eradico Pest,19,Eradico,iRIS,Almont,MI,6035,yes
48004,239,Detroit Metro - Eradico Pest,19,Eradico,iRIS,Anchorville,MI,0,yes
48005,239,Detroit Metro - Eradico Pest,19,Eradico,iRIS,Armada,MI,5471,yes
48006,239,Detroit Metro - Eradico Pest,19,Eradico,iRIS,Avoca,MI,3975,yes
48007,239,Detroit Metro - Eradico Pest,19,Eradico,iRIS,Troy,MI,0,yes
48009,239,Detroit Metro - Eradico Pest,19,Eradico,iRIS,Birmingham,MI,20653,yes
48012,239,Detroit Metro - Eradico Pest,19,Eradico,iRIS,Birmingham,MI,0,yes
48014,239,Detroit Metro - Eradico Pest,19,Eradico,iRIS,Capac,MI,4224,yes
48015,239,Detroit Metro - Eradico Pest,19,Eradico,iRIS,Center Line,MI,8313,yes
48017,239,Detroit Metro - Eradico Pest,19,Eradico,iRIS,Clawson,MI,11982,yes
48021,239,Detroit Metro - Eradico Pest,19,Eradico,iRIS,Eastpointe,MI,32576,yes
48022,239,Detroit Metro - Eradico Pest,19,Eradico,iRIS,Emmett,MI,2605,yes
48023,239,Detroit Metro - Eradico Pest,19,Eradico,iRIS,Fair Haven,MI,5083,yes
48025,239,Detroit Metro - Eradico Pest,19,Eradico,iRIS,Franklin,MI,14762,yes
48026,239,Detroit Metro - Eradico Pest,19,Eradico,iRIS,Fraser,MI,14620,yes
48027,239,Detroit Metro - Eradico Pest,19,Eradico,iRIS,Goodells,MI,3201,yes
48028,239,Detroit Metro - Eradico Pest,19,Eradico,iRIS,Harsens Island,MI,1081,yes
48030,239,Detroit Metro - Eradico Pest,19,Eradico,iRIS,Hazel Park,MI,16587,yes
48032,239,Detroit Metro - Eradico Pest,19,Eradico,iRIS,Jeddo,MI,2196,yes
48033,239,Detroit Metro - Eradico Pest,19,Eradico,iRIS,Southfield,MI,16420,yes
48034,239,Detroit Metro - Eradico Pest,19,Eradico,iRIS,Southfield,MI,13348,yes
48035,239,Detroit Metro - Eradico Pest,19,Eradico,iRIS,Clinton Township,MI,35101,yes
48036,239,Detroit Metro - Eradico Pest,19,Eradico,iRIS,Clinton Township,MI,21830,yes
48037,239,Detroit Metro - Eradico Pest,19,Eradico,iRIS,Southfield,MI,0,yes
48038,239,Detroit Metro - Eradico Pest,19,Eradico,iRIS,Clinton Township,MI,42287,yes
48039,239,Detroit Metro - Eradico Pest,19,Eradico,iRIS,Marine City,MI,7667,yes
48040,239,Detroit Metro - Eradico Pest,19,Eradico,iRIS,Marysville,MI,9775,yes
48041,239,Detroit Metro - Eradico Pest,19,Eradico,iRIS,Memphis,MI,4535,yes
48042,239,Detroit Metro - Eradico Pest,19,Eradico,iRIS,Macomb,MI,29413,yes
48043,239,Detroit Metro - Eradico Pest,19,Eradico,iRIS,Mount Clemens,MI,16377,yes
48044,239,Detroit Metro - Eradico Pest,19,Eradico,iRIS,Macomb,MI,55783,yes
48045,239,Detroit Metro - Eradico Pest,19,Eradico,iRIS,Harrison Township,MI,24907,yes
48046,239,Detroit Metro - Eradico Pest,19,Eradico,iRIS,Mount Clemens,MI,0,yes
48047,239,Detroit Metro - Eradico Pest,19,Eradico,iRIS,New Baltimore,MI,40290,yes
48048,239,Detroit Metro - Eradico Pest,19,Eradico,iRIS,New Haven,MI,7193,yes
48049,239,Detroit Metro - Eradico Pest,19,Eradico,iRIS,North Street,MI,5480,yes
48050,239,Detroit Metro - Eradico Pest,19,Eradico,iRIS,New Haven,MI,2068,yes
48051,239,Detroit Metro - Eradico Pest,19,Eradico,iRIS,New Baltimore,MI,17741,yes
48054,239,Detroit Metro - Eradico Pest,19,Eradico,iRIS,East China,MI,7205,yes
48059,239,Detroit Metro - Eradico Pest,19,Eradico,iRIS,Fort Gratiot,MI,15008,yes
48060,239,Detroit Metro - Eradico Pest,19,Eradico,iRIS,Port Huron,MI,39830,yes
48061,239,Detroit Metro - Eradico Pest,19,Eradico,iRIS,Port Huron,MI,0,yes
48062,239,Detroit Metro - Eradico Pest,19,Eradico,iRIS,Richmond,MI,9539,yes
48063,239,Detroit Metro - Eradico Pest,19,Eradico,iRIS,Columbus,MI,4006,yes
48064,239,Detroit Metro - Eradico Pest,19,Eradico,iRIS,Casco,MI,4058,yes
48065,239,Detroit Metro - Eradico Pest,19,Eradico,iRIS,Romeo,MI,11041,yes
48066,239,Detroit Metro - Eradico Pest,19,Eradico,iRIS,Roseville,MI,47678,yes
48067,239,Detroit Metro - Eradico Pest,19,Eradico,iRIS,Royal Oak,MI,25017,yes
48068,239,Detroit Metro - Eradico Pest,19,Eradico,iRIS,Royal Oak,MI,0,yes
48069,239,Detroit Metro - Eradico Pest,19,Eradico,iRIS,Pleasant Ridge,MI,2562,yes
48070,239,Detroit Metro - Eradico Pest,19,Eradico,iRIS,Huntington Woods,MI,6330,yes
48071,239,Detroit Metro - Eradico Pest,19,Eradico,iRIS,Madison Heights,MI,30168,yes
48072,239,Detroit Metro - Eradico Pest,19,Eradico,iRIS,Berkley,MI,15239,yes
48073,239,Detroit Metro - Eradico Pest,19,Eradico,iRIS,Royal Oak,MI,33832,yes
48074,267,Guardian Pest Avengers,19,Eradico,iRIS,Smiths Creek,MI,9179,yes
48075,239,Detroit Metro - Eradico Pest,19,Eradico,iRIS,Southfield,MI,21651,yes
48076,239,Detroit Metro - Eradico Pest,19,Eradico,iRIS,Southfield,MI,25825,yes
48079,239,Detroit Metro - Eradico Pest,19,Eradico,iRIS,Saint Clair,MI,12122,yes
48080,239,Detroit Metro - Eradico Pest,19,Eradico,iRIS,Saint Clair Shores,MI,22386,yes
48081,239,Detroit Metro - Eradico Pest,19,Eradico,iRIS,Saint Clair Shores,MI,20867,yes
48082,239,Detroit Metro - Eradico Pest,19,Eradico,iRIS,Saint Clair Shores,MI,16626,yes
48083,239,Detroit Metro - Eradico Pest,19,Eradico,iRIS,Troy,MI,23002,yes
48084,239,Detroit Metro - Eradico Pest,19,Eradico,iRIS,Troy,MI,15655,yes
48085,239,Detroit Metro - Eradico Pest,19,Eradico,iRIS,Troy,MI,24963,yes
48086,239,Detroit Metro - Eradico Pest,19,Eradico,iRIS,Southfield,MI,0,yes
48088,239,Detroit Metro - Eradico Pest,19,Eradico,iRIS,Warren,MI,22255,yes
48089,239,Detroit Metro - Eradico Pest,19,Eradico,iRIS,Warren,MI,30923,yes
48090,239,Detroit Metro - Eradico Pest,19,Eradico,iRIS,Warren,MI,0,yes
48091,239,Detroit Metro - Eradico Pest,19,Eradico,iRIS,Warren,MI,31074,yes
48092,239,Detroit Metro - Eradico Pest,19,Eradico,iRIS,Warren,MI,26946,yes
48093,239,Detroit Metro - Eradico Pest,19,Eradico,iRIS,Warren,MI,23871,yes
48094,239,Detroit Metro - Eradico Pest,19,Eradico,iRIS,Washington,MI,18807,yes
48095,239,Detroit Metro - Eradico Pest,19,Eradico,iRIS,Washington,MI,5327,yes
48096,239,Detroit Metro - Eradico Pest,19,Eradico,iRIS,Ray,MI,3953,yes
48097,239,Detroit Metro - Eradico Pest,19,Eradico,iRIS,Yale,MI,5197,yes
48098,239,Detroit Metro - Eradico Pest,19,Eradico,iRIS,Troy,MI,19362,yes
48099,239,Detroit Metro - Eradico Pest,19,Eradico,iRIS,Troy,MI,0,yes
48101,239,Detroit Metro - Eradico Pest,19,Eradico,iRIS,Allen Park,MI,27519,yes
48103,239,Detroit Metro - Eradico Pest,19,Eradico,iRIS,Ann Arbor,MI,54120,yes
48104,239,Detroit Metro - Eradico Pest,19,Eradico,iRIS,Ann Arbor,MI,41352,yes
48105,239,Detroit Metro - Eradico Pest,19,Eradico,iRIS,Ann Arbor,MI,35754,yes
48106,239,Detroit Metro - Eradico Pest,19,Eradico,iRIS,Ann Arbor,MI,0,yes
48107,239,Detroit Metro - Eradico Pest,19,Eradico,iRIS,Ann Arbor,MI,0,yes
48108,239,Detroit Metro - Eradico Pest,19,Eradico,iRIS,Ann Arbor,MI,26457,yes
48109,239,Detroit Metro - Eradico Pest,19,Eradico,iRIS,Ann Arbor,MI,5435,yes
48110,239,Detroit Metro - Eradico Pest,19,Eradico,iRIS,Azalia,MI,0,yes
48111,239,Detroit Metro - Eradico Pest,19,Eradico,iRIS,Belleville,MI,41560,yes
48112,239,Detroit Metro - Eradico Pest,19,Eradico,iRIS,Belleville,MI,0,yes
48113,239,Detroit Metro - Eradico Pest,19,Eradico,iRIS,Ann Arbor,MI,0,yes
48114,242,Lansing - Eradico Pest,19,Eradico,iRIS,Brighton,MI,20756,yes
48115,239,Detroit Metro - Eradico Pest,19,Eradico,iRIS,Bridgewater,MI,0,yes
48116,242,Lansing - Eradico Pest,19,Eradico,iRIS,Brighton,MI,27156,yes
48117,239,Detroit Metro - Eradico Pest,19,Eradico,iRIS,Carleton,MI,9847,yes
48118,239,Detroit Metro - Eradico Pest,19,Eradico,iRIS,Chelsea,MI,12755,yes
48120,239,Detroit Metro - Eradico Pest,19,Eradico,iRIS,Dearborn,MI,7516,yes
48121,239,Detroit Metro - Eradico Pest,19,Eradico,iRIS,Dearborn,MI,0,yes
48122,239,Detroit Metro - Eradico Pest,19,Eradico,iRIS,Melvindale,MI,10437,yes
48123,239,Detroit Metro - Eradico Pest,19,Eradico,iRIS,Dearborn,MI,0,yes
48124,239,Detroit Metro - Eradico Pest,19,Eradico,iRIS,Dearborn,MI,29575,yes
48125,239,Detroit Metro - Eradico Pest,19,Eradico,iRIS,Dearborn Heights,MI,20344,yes
48126,239,Detroit Metro - Eradico Pest,19,Eradico,iRIS,Dearborn,MI,47789,yes
48127,239,Detroit Metro - Eradico Pest,19,Eradico,iRIS,Dearborn Heights,MI,35985,yes
48128,239,Detroit Metro - Eradico Pest,19,Eradico,iRIS,Dearborn,MI,10640,yes
48130,242,Lansing - Eradico Pest,19,Eradico,iRIS,Dexter,MI,15554,yes
48131,239,Detroit Metro - Eradico Pest,19,Eradico,iRIS,Dundee,MI,6733,yes
48133,239,Detroit Metro - Eradico Pest,19,Eradico,iRIS,Erie,MI,5860,yes
48134,239,Detroit Metro - Eradico Pest,19,Eradico,iRIS,Flat Rock,MI,21223,yes
48135,239,Detroit Metro - Eradico Pest,19,Eradico,iRIS,Garden City,MI,27001,yes
48136,239,Detroit Metro - Eradico Pest,19,Eradico,iRIS,Garden City,MI,0,yes
48137,242,Lansing - Eradico Pest,19,Eradico,iRIS,Gregory,MI,5249,yes
48138,239,Detroit Metro - Eradico Pest,19,Eradico,iRIS,Grosse Ile,MI,10161,yes
48139,242,Lansing - Eradico Pest,19,Eradico,iRIS,Hamburg,MI,140,yes
48140,239,Detroit Metro - Eradico Pest,19,Eradico,iRIS,Ida,MI,3425,yes
48141,239,Detroit Metro - Eradico Pest,19,Eradico,iRIS,Inkster,MI,24738,yes
48143,242,Lansing - Eradico Pest,19,Eradico,iRIS,Lakeland,MI,0,yes
48144,239,Detroit Metro - Eradico Pest,19,Eradico,iRIS,Lambertville,MI,9649,yes
48145,239,Detroit Metro - Eradico Pest,19,Eradico,iRIS,La Salle,MI,3385,yes
48146,239,Detroit Metro - Eradico Pest,19,Eradico,iRIS,Lincoln Park,MI,37037,yes
48150,239,Detroit Metro - Eradico Pest,19,Eradico,iRIS,Livonia,MI,25905,yes
48151,239,Detroit Metro - Eradico Pest,19,Eradico,iRIS,Livonia,MI,0,yes
48152,239,Detroit Metro - Eradico Pest,19,Eradico,iRIS,Livonia,MI,31172,yes
48153,239,Detroit Metro - Eradico Pest,19,Eradico,iRIS,Livonia,MI,0,yes
48154,239,Detroit Metro - Eradico Pest,19,Eradico,iRIS,Livonia,MI,37772,yes
48157,239,Detroit Metro - Eradico Pest,19,Eradico,iRIS,Luna Pier,MI,1395,yes
48158,239,Detroit Metro - Eradico Pest,19,Eradico,iRIS,Manchester,MI,7562,yes
48159,239,Detroit Metro - Eradico Pest,19,Eradico,iRIS,Maybee,MI,2505,yes
48160,239,Detroit Metro - Eradico Pest,19,Eradico,iRIS,Milan,MI,13375,yes
48161,239,Detroit Metro - Eradico Pest,19,Eradico,iRIS,Monroe,MI,26469,yes
48162,239,Detroit Metro - Eradico Pest,19,Eradico,iRIS,Monroe,MI,28300,yes
48164,239,Detroit Metro - Eradico Pest,19,Eradico,iRIS,New Boston,MI,8720,yes
48165,239,Detroit Metro - Eradico Pest,19,Eradico,iRIS,New Hudson,MI,6799,yes
48166,239,Detroit Metro - Eradico Pest,19,Eradico,iRIS,Newport,MI,11480,yes
48167,239,Detroit Metro - Eradico Pest,19,Eradico,iRIS,Northville,MI,21982,yes
48168,239,Detroit Metro - Eradico Pest,19,Eradico,iRIS,Northville,MI,21798,yes
48169,242,Lansing - Eradico Pest,19,Eradico,iRIS,Pinckney,MI,21047,yes
48170,239,Detroit Metro - Eradico Pest,19,Eradico,iRIS,Plymouth,MI,39352,yes
48173,239,Detroit Metro - Eradico Pest,19,Eradico,iRIS,Rockwood,MI,12481,yes
48174,239,Detroit Metro - Eradico Pest,19,Eradico,iRIS,Romulus,MI,31267,yes
48175,239,Detroit Metro - Eradico Pest,19,Eradico,iRIS,Salem,MI,0,yes
48176,239,Detroit Metro - Eradico Pest,19,Eradico,iRIS,Saline,MI,22433,yes
48177,239,Detroit Metro - Eradico Pest,19,Eradico,iRIS,Samaria,MI,271,yes
48178,239,Detroit Metro - Eradico Pest,19,Eradico,iRIS,South Lyon,MI,32362,yes
48179,239,Detroit Metro - Eradico Pest,19,Eradico,iRIS,South Rockwood,MI,3763,yes
48180,239,Detroit Metro - Eradico Pest,19,Eradico,iRIS,Taylor,MI,61716,yes
48183,239,Detroit Metro - Eradico Pest,19,Eradico,iRIS,Trenton,MI,42374,yes
48184,239,Detroit Metro - Eradico Pest,19,Eradico,iRIS,Wayne,MI,17143,yes
48185,239,Detroit Metro - Eradico Pest,19,Eradico,iRIS,Westland,MI,48027,yes
48186,239,Detroit Metro - Eradico Pest,19,Eradico,iRIS,Westland,MI,34199,yes
48187,239,Detroit Metro - Eradico Pest,19,Eradico,iRIS,Canton,MI,48278,yes
48188,239,Detroit Metro - Eradico Pest,19,Eradico,iRIS,Canton,MI,41373,yes
48189,242,Lansing - Eradico Pest,19,Eradico,iRIS,Whitmore Lake,MI,13865,yes
48190,239,Detroit Metro - Eradico Pest,19,Eradico,iRIS,Whittaker,MI,72,yes
48191,239,Detroit Metro - Eradico Pest,19,Eradico,iRIS,Willis,MI,4093,yes
48192,239,Detroit Metro - Eradico Pest,19,Eradico,iRIS,Wyandotte,MI,25225,yes
48193,239,Detroit Metro - Eradico Pest,19,Eradico,iRIS,Riverview,MI,15288,yes
48195,239,Detroit Metro - Eradico Pest,19,Eradico,iRIS,Southgate,MI,29355,yes
48197,239,Detroit Metro - Eradico Pest,19,Eradico,iRIS,Ypsilanti,MI,66915,yes
48198,239,Detroit Metro - Eradico Pest,19,Eradico,iRIS,Ypsilanti,MI,38191,yes
48201,239,Detroit Metro - Eradico Pest,19,Eradico,iRIS,Detroit,MI,14045,yes
48202,239,Detroit Metro - Eradico Pest,19,Eradico,iRIS,Detroit,MI,16762,yes
48203,239,Detroit Metro - Eradico Pest,19,Eradico,iRIS,Highland Park,MI,23498,yes
48204,239,Detroit Metro - Eradico Pest,19,Eradico,iRIS,Detroit,MI,25096,yes
48205,239,Detroit Metro - Eradico Pest,19,Eradico,iRIS,Detroit,MI,35925,yes
48206,239,Detroit Metro - Eradico Pest,19,Eradico,iRIS,Detroit,MI,18049,yes
48207,239,Detroit Metro - Eradico Pest,19,Eradico,iRIS,Detroit,MI,21832,yes
48208,239,Detroit Metro - Eradico Pest,19,Eradico,iRIS,Detroit,MI,9180,yes
48209,239,Detroit Metro - Eradico Pest,19,Eradico,iRIS,Detroit,MI,32879,yes
48210,239,Detroit Metro - Eradico Pest,19,Eradico,iRIS,Detroit,MI,30948,yes
48211,239,Detroit Metro - Eradico Pest,19,Eradico,iRIS,Detroit,MI,6536,yes
48212,239,Detroit Metro - Eradico Pest,19,Eradico,iRIS,Hamtramck,MI,38133,yes
48213,239,Detroit Metro - Eradico Pest,19,Eradico,iRIS,Detroit,MI,24137,yes
48214,239,Detroit Metro - Eradico Pest,19,Eradico,iRIS,Detroit,MI,21805,yes
48215,239,Detroit Metro - Eradico Pest,19,Eradico,iRIS,Detroit,MI,12180,yes
48216,239,Detroit Metro - Eradico Pest,19,Eradico,iRIS,Detroit,MI,5600,yes
48217,239,Detroit Metro - Eradico Pest,19,Eradico,iRIS,Detroit,MI,7252,yes
48218,239,Detroit Metro - Eradico Pest,19,Eradico,iRIS,River Rouge,MI,7609,yes
48219,239,Detroit Metro - Eradico Pest,19,Eradico,iRIS,Detroit,MI,49326,yes
48220,239,Detroit Metro - Eradico Pest,19,Eradico,iRIS,Ferndale,MI,22646,yes
48221,239,Detroit Metro - Eradico Pest,19,Eradico,iRIS,Detroit,MI,39611,yes
48222,239,Detroit Metro - Eradico Pest,19,Eradico,iRIS,Detroit,MI,0,yes
48223,239,Detroit Metro - Eradico Pest,19,Eradico,iRIS,Detroit,MI,24323,yes
48224,239,Detroit Metro - Eradico Pest,19,Eradico,iRIS,Detroit,MI,42361,yes
48225,239,Detroit Metro - Eradico Pest,19,Eradico,iRIS,Harper Woods,MI,14294,yes
48226,239,Detroit Metro - Eradico Pest,19,Eradico,iRIS,Detroit,MI,6406,yes
48227,239,Detroit Metro - Eradico Pest,19,Eradico,iRIS,Detroit,MI,41571,yes
48228,239,Detroit Metro - Eradico Pest,19,Eradico,iRIS,Detroit,MI,52342,yes
48229,239,Detroit Metro - Eradico Pest,19,Eradico,iRIS,Ecorse,MI,9388,yes
48230,239,Detroit Metro - Eradico Pest,19,Eradico,iRIS,Grosse Pointe,MI,16532,yes
48231,239,Detroit Metro - Eradico Pest,19,Eradico,iRIS,Detroit,MI,0,yes
48232,239,Detroit Metro - Eradico Pest,19,Eradico,iRIS,Detroit,MI,0,yes
48233,239,Detroit Metro - Eradico Pest,19,Eradico,iRIS,Detroit,MI,0,yes
48234,239,Detroit Metro - Eradico Pest,19,Eradico,iRIS,Detroit,MI,34083,yes
48235,239,Detroit Metro - Eradico Pest,19,Eradico,iRIS,Detroit,MI,45101,yes
48236,239,Detroit Metro - Eradico Pest,19,Eradico,iRIS,Grosse Pointe,MI,29968,yes
48237,239,Detroit Metro - Eradico Pest,19,Eradico,iRIS,Oak Park,MI,29751,yes
48238,239,Detroit Metro - Eradico Pest,19,Eradico,iRIS,Detroit,MI,29181,yes
48239,239,Detroit Metro - Eradico Pest,19,Eradico,iRIS,Redford,MI,35711,yes
48240,239,Detroit Metro - Eradico Pest,19,Eradico,iRIS,Redford,MI,17568,yes
48242,239,Detroit Metro - Eradico Pest,19,Eradico,iRIS,Detroit,MI,0,yes
48243,239,Detroit Metro - Eradico Pest,19,Eradico,iRIS,Detroit,MI,0,yes
48244,239,Detroit Metro - Eradico Pest,19,Eradico,iRIS,Detroit,MI,0,yes
48255,239,Detroit Metro - Eradico Pest,19,Eradico,iRIS,Detroit,MI,0,yes
48260,239,Detroit Metro - Eradico Pest,19,Eradico,iRIS,Detroit,MI,0,yes
48264,239,Detroit Metro - Eradico Pest,19,Eradico,iRIS,Detroit,MI,0,yes
48265,239,Detroit Metro - Eradico Pest,19,Eradico,iRIS,Detroit,MI,0,yes
48266,239,Detroit Metro - Eradico Pest,19,Eradico,iRIS,Detroit,MI,0,yes
48267,239,Detroit Metro - Eradico Pest,19,Eradico,iRIS,Detroit,MI,0,yes
48268,239,Detroit Metro - Eradico Pest,19,Eradico,iRIS,Detroit,MI,0,yes
48269,239,Detroit Metro - Eradico Pest,19,Eradico,iRIS,Detroit,MI,0,yes
48272,239,Detroit Metro - Eradico Pest,19,Eradico,iRIS,Detroit,MI,0,yes
48275,239,Detroit Metro - Eradico Pest,19,Eradico,iRIS,Detroit,MI,0,yes
48277,239,Detroit Metro - Eradico Pest,19,Eradico,iRIS,Detroit,MI,0,yes
48278,239,Detroit Metro - Eradico Pest,19,Eradico,iRIS,Detroit,MI,0,yes
48279,239,Detroit Metro - Eradico Pest,19,Eradico,iRIS,Detroit,MI,0,yes
48288,239,Detroit Metro - Eradico Pest,19,Eradico,iRIS,Detroit,MI,0,yes
48301,239,Detroit Metro - Eradico Pest,19,Eradico,iRIS,Bloomfield Hills,MI,14572,yes
48302,239,Detroit Metro - Eradico Pest,19,Eradico,iRIS,Bloomfield Hills,MI,15203,yes
48303,239,Detroit Metro - Eradico Pest,19,Eradico,iRIS,Bloomfield Hills,MI,0,yes
48304,239,Detroit Metro - Eradico Pest,19,Eradico,iRIS,Bloomfield Hills,MI,16687,yes
48306,239,Detroit Metro - Eradico Pest,19,Eradico,iRIS,Rochester,MI,27936,yes
48307,239,Detroit Metro - Eradico Pest,19,Eradico,iRIS,Rochester,MI,43014,yes
48308,239,Detroit Metro - Eradico Pest,19,Eradico,iRIS,Rochester,MI,0,yes
48309,239,Detroit Metro - Eradico Pest,19,Eradico,iRIS,Rochester,MI,28999,yes
48310,239,Detroit Metro - Eradico Pest,19,Eradico,iRIS,Sterling Heights,MI,43944,yes
48311,239,Detroit Metro - Eradico Pest,19,Eradico,iRIS,Sterling Heights,MI,0,yes
48312,239,Detroit Metro - Eradico Pest,19,Eradico,iRIS,Sterling Heights,MI,33491,yes
48313,239,Detroit Metro - Eradico Pest,19,Eradico,iRIS,Sterling Heights,MI,33594,yes
48314,239,Detroit Metro - Eradico Pest,19,Eradico,iRIS,Sterling Heights,MI,20610,yes
48315,239,Detroit Metro - Eradico Pest,19,Eradico,iRIS,Utica,MI,27248,yes
48316,239,Detroit Metro - Eradico Pest,19,Eradico,iRIS,Utica,MI,27020,yes
48317,239,Detroit Metro - Eradico Pest,19,Eradico,iRIS,Utica,MI,27435,yes
48318,239,Detroit Metro - Eradico Pest,19,Eradico,iRIS,Utica,MI,0,yes
48320,239,Detroit Metro - Eradico Pest,19,Eradico,iRIS,Keego Harbor,MI,4596,yes
48321,239,Detroit Metro - Eradico Pest,19,Eradico,iRIS,Auburn Hills,MI,0,yes
48322,239,Detroit Metro - Eradico Pest,19,Eradico,iRIS,West Bloomfield,MI,32766,yes
48323,239,Detroit Metro - Eradico Pest,19,Eradico,iRIS,West Bloomfield,MI,17661,yes
48324,239,Detroit Metro - Eradico Pest,19,Eradico,iRIS,West Bloomfield,MI,17235,yes
48325,239,Detroit Metro - Eradico Pest,19,Eradico,iRIS,West Bloomfield,MI,0,yes
48326,239,Detroit Metro - Eradico Pest,19,Eradico,iRIS,Auburn Hills,MI,21115,yes
48327,239,Detroit Metro - Eradico Pest,19,Eradico,iRIS,Waterford,MI,21824,yes
48328,239,Detroit Metro - Eradico Pest,19,Eradico,iRIS,Waterford,MI,26011,yes
48329,239,Detroit Metro - Eradico Pest,19,Eradico,iRIS,Waterford,MI,25338,yes
48330,239,Detroit Metro - Eradico Pest,19,Eradico,iRIS,Drayton Plains,MI,0,yes
48331,239,Detroit Metro - Eradico Pest,19,Eradico,iRIS,Farmington,MI,21220,yes
48332,239,Detroit Metro - Eradico Pest,19,Eradico,iRIS,Farmington,MI,0,yes
48333,239,Detroit Metro - Eradico Pest,19,Eradico,iRIS,Farmington,MI,0,yes
48334,239,Detroit Metro - Eradico Pest,19,Eradico,iRIS,Farmington,MI,18867,yes
48335,239,Detroit Metro - Eradico Pest,19,Eradico,iRIS,Farmington,MI,22486,yes
48336,239,Detroit Metro - Eradico Pest,19,Eradico,iRIS,Farmington,MI,26716,yes
48340,239,Detroit Metro - Eradico Pest,19,Eradico,iRIS,Pontiac,MI,25862,yes
48341,239,Detroit Metro - Eradico Pest,19,Eradico,iRIS,Pontiac,MI,17350,yes
48342,239,Detroit Metro - Eradico Pest,19,Eradico,iRIS,Pontiac,MI,17060,yes
48343,239,Detroit Metro - Eradico Pest,19,Eradico,iRIS,Pontiac,MI,0,yes
48346,239,Detroit Metro - Eradico Pest,19,Eradico,iRIS,Clarkston,MI,23009,yes
48347,239,Detroit Metro - Eradico Pest,19,Eradico,iRIS,Clarkston,MI,0,yes
48348,239,Detroit Metro - Eradico Pest,19,Eradico,iRIS,Clarkston,MI,23017,yes
48350,239,Detroit Metro - Eradico Pest,19,Eradico,iRIS,Davisburg,MI,7420,yes
48353,242,Lansing - Eradico Pest,19,Eradico,iRIS,Hartland,MI,6372,yes
48356,239,Detroit Metro - Eradico Pest,19,Eradico,iRIS,Highland,MI,8585,yes
48357,239,Detroit Metro - Eradico Pest,19,Eradico,iRIS,Highland,MI,8414,yes
48359,239,Detroit Metro - Eradico Pest,19,Eradico,iRIS,Lake Orion,MI,9128,yes
48360,239,Detroit Metro - Eradico Pest,19,Eradico,iRIS,Lake Orion,MI,11847,yes
48361,239,Detroit Metro - Eradico Pest,19,Eradico,iRIS,Lake Orion,MI,0,yes
48362,239,Detroit Metro - Eradico Pest,19,Eradico,iRIS,Lake Orion,MI,16073,yes
48363,239,Detroit Metro - Eradico Pest,19,Eradico,iRIS,Oakland,MI,5772,yes
48366,239,Detroit Metro - Eradico Pest,19,Eradico,iRIS,Lakeville,MI,0,yes
48367,239,Detroit Metro - Eradico Pest,19,Eradico,iRIS,Leonard,MI,4397,yes
48370,239,Detroit Metro - Eradico Pest,19,Eradico,iRIS,Oxford,MI,2130,yes
48371,239,Detroit Metro - Eradico Pest,19,Eradico,iRIS,Oxford,MI,23905,yes
48374,239,Detroit Metro - Eradico Pest,19,Eradico,iRIS,Novi,MI,15386,yes
48375,239,Detroit Metro - Eradico Pest,19,Eradico,iRIS,Novi,MI,23211,yes
48376,239,Detroit Metro - Eradico Pest,19,Eradico,iRIS,Novi,MI,0,yes
48377,239,Detroit Metro - Eradico Pest,19,Eradico,iRIS,Novi,MI,15702,yes
48380,239,Detroit Metro - Eradico Pest,19,Eradico,iRIS,Milford,MI,7175,yes
48381,239,Detroit Metro - Eradico Pest,19,Eradico,iRIS,Milford,MI,13315,yes
48382,239,Detroit Metro - Eradico Pest,19,Eradico,iRIS,Commerce Township,MI,22596,yes
48383,239,Detroit Metro - Eradico Pest,19,Eradico,iRIS,White Lake,MI,13414,yes
48386,239,Detroit Metro - Eradico Pest,19,Eradico,iRIS,White Lake,MI,17489,yes
48387,239,Detroit Metro - Eradico Pest,19,Eradico,iRIS,Union Lake,MI,0,yes
48390,239,Detroit Metro - Eradico Pest,19,Eradico,iRIS,Walled Lake,MI,23484,yes
48391,239,Detroit Metro - Eradico Pest,19,Eradico,iRIS,Walled Lake,MI,0,yes
48393,239,Detroit Metro - Eradico Pest,19,Eradico,iRIS,Wixom,MI,16750,yes
48397,239,Detroit Metro - Eradico Pest,19,Eradico,iRIS,Warren,MI,0,yes
48401,239,Detroit Metro - Eradico Pest,19,Eradico,iRIS,Applegate,MI,1628,yes
48410,239,Detroit Metro - Eradico Pest,19,Eradico,iRIS,Argyle,MI,0,yes
48411,239,Detroit Metro - Eradico Pest,19,Eradico,iRIS,Atlas,MI,90,yes
48412,239,Detroit Metro - Eradico Pest,19,Eradico,iRIS,Attica,MI,5637,yes
48413,239,Detroit Metro - Eradico Pest,19,Eradico,iRIS,Bad Axe,MI,7296,yes
48414,242,Lansing - Eradico Pest,19,Eradico,iRIS,Bancroft,MI,2841,yes
48415,239,Detroit Metro - Eradico Pest,19,Eradico,iRIS,Birch Run,MI,9265,yes
48416,239,Detroit Metro - Eradico Pest,19,Eradico,iRIS,Brown City,MI,4884,yes
48417,239,Detroit Metro - Eradico Pest,19,Eradico,iRIS,Burt,MI,2755,yes
48418,242,Lansing - Eradico Pest,19,Eradico,iRIS,Byron,MI,4039,yes
48419,239,Detroit Metro - Eradico Pest,19,Eradico,iRIS,Carsonville,MI,2360,yes
48420,239,Detroit Metro - Eradico Pest,19,Eradico,iRIS,Clio,MI,21553,yes
48421,239,Detroit Metro - Eradico Pest,19,Eradico,iRIS,Columbiaville,MI,6294,yes
48422,239,Detroit Metro - Eradico Pest,19,Eradico,iRIS,Croswell,MI,6427,yes
48423,239,Detroit Metro - Eradico Pest,19,Eradico,iRIS,Davison,MI,31869,yes
48426,239,Detroit Metro - Eradico Pest,19,Eradico,iRIS,Decker,MI,957,yes
48427,239,Detroit Metro - Eradico Pest,19,Eradico,iRIS,Deckerville,MI,2797,yes
48428,239,Detroit Metro - Eradico Pest,19,Eradico,iRIS,Dryden,MI,5029,yes
48429,242,Lansing - Eradico Pest,19,Eradico,iRIS,Durand,MI,8322,yes
48430,239,Detroit Metro - Eradico Pest,19,Eradico,iRIS,Fenton,MI,37299,yes
48432,239,Detroit Metro - Eradico Pest,19,Eradico,iRIS,Filion,MI,668,yes
48433,239,Detroit Metro - Eradico Pest,19,Eradico,iRIS,Flushing,MI,26288,yes
48434,239,Detroit Metro - Eradico Pest,19,Eradico,iRIS,Forestville,MI,65,yes
48435,239,Detroit Metro - Eradico Pest,19,Eradico,iRIS,Fostoria,MI,2051,yes
48436,239,Detroit Metro - Eradico Pest,19,Eradico,iRIS,Gaines,MI,3596,yes
48437,239,Detroit Metro - Eradico Pest,19,Eradico,iRIS,Genesee,MI,617,yes
48438,239,Detroit Metro - Eradico Pest,19,Eradico,iRIS,Goodrich,MI,7221,yes
48439,239,Detroit Metro - Eradico Pest,19,Eradico,iRIS,Grand Blanc,MI,47164,yes
48440,239,Detroit Metro - Eradico Pest,19,Eradico,iRIS,Hadley,MI,290,yes
48441,239,Detroit Metro - Eradico Pest,19,Eradico,iRIS,Harbor Beach,MI,3861,yes
48442,239,Detroit Metro - Eradico Pest,19,Eradico,iRIS,Holly,MI,20799,yes
48444,239,Detroit Metro - Eradico Pest,19,Eradico,iRIS,Imlay City,MI,9361,yes
48445,239,Detroit Metro - Eradico Pest,19,Eradico,iRIS,Kinde,MI,1397,yes
48446,239,Detroit Metro - Eradico Pest,19,Eradico,iRIS,Lapeer,MI,30447,yes
48449,239,Detroit Metro - Eradico Pest,19,Eradico,iRIS,Lennon,MI,2811,yes
48450,239,Detroit Metro - Eradico Pest,19,Eradico,iRIS,Lexington,MI,4830,yes
48451,239,Detroit Metro - Eradico Pest,19,Eradico,iRIS,Linden,MI,14378,yes
48453,239,Detroit Metro - Eradico Pest,19,Eradico,iRIS,Marlette,MI,5021,yes
48454,239,Detroit Metro - Eradico Pest,19,Eradico,iRIS,Melvin,MI,1216,yes
48455,239,Detroit Metro - Eradico Pest,19,Eradico,iRIS,Metamora,MI,8442,yes
48456,239,Detroit Metro - Eradico Pest,19,Eradico,iRIS,Minden City,MI,786,yes
48457,239,Detroit Metro - Eradico Pest,19,Eradico,iRIS,Montrose,MI,8284,yes
48458,239,Detroit Metro - Eradico Pest,19,Eradico,iRIS,Mount Morris,MI,19618,yes
48460,239,Detroit Metro - Eradico Pest,19,Eradico,iRIS,New Lothrop,MI,2292,yes
48461,239,Detroit Metro - Eradico Pest,19,Eradico,iRIS,North Branch,MI,8458,yes
48462,239,Detroit Metro - Eradico Pest,19,Eradico,iRIS,Ortonville,MI,13968,yes
48464,239,Detroit Metro - Eradico Pest,19,Eradico,iRIS,Otter Lake,MI,2128,yes
48466,239,Detroit Metro - Eradico Pest,19,Eradico,iRIS,Peck,MI,1632,yes
48469,239,Detroit Metro - Eradico Pest,19,Eradico,iRIS,Port Sanilac,MI,1144,yes
48471,239,Detroit Metro - Eradico Pest,19,Eradico,iRIS,Sandusky,MI,5197,yes
48472,239,Detroit Metro - Eradico Pest,19,Eradico,iRIS,Snover,MI,1960,yes
48473,239,Detroit Metro - Eradico Pest,19,Eradico,iRIS,Swartz Creek,MI,21631,yes
48475,239,Detroit Metro - Eradico Pest,19,Eradico,iRIS,Ubly,MI,2470,yes
48476,242,Lansing - Eradico Pest,19,Eradico,iRIS,Vernon,MI,562,yes
48480,239,Detroit Metro - Eradico Pest,19,Eradico,iRIS,Grand Blanc,MI,0,yes
48501,239,Detroit Metro - Eradico Pest,19,Eradico,iRIS,Flint,MI,0,yes
48502,239,Detroit Metro - Eradico Pest,19,Eradico,iRIS,Flint,MI,1142,yes
48503,239,Detroit Metro - Eradico Pest,19,Eradico,iRIS,Flint,MI,25902,yes
48504,239,Detroit Metro - Eradico Pest,19,Eradico,iRIS,Flint,MI,28303,yes
48505,239,Detroit Metro - Eradico Pest,19,Eradico,iRIS,Flint,MI,21231,yes
48506,239,Detroit Metro - Eradico Pest,19,Eradico,iRIS,Flint,MI,29168,yes
48507,239,Detroit Metro - Eradico Pest,19,Eradico,iRIS,Flint,MI,32425,yes
48509,239,Detroit Metro - Eradico Pest,19,Eradico,iRIS,Burton,MI,8858,yes
48519,239,Detroit Metro - Eradico Pest,19,Eradico,iRIS,Burton,MI,7493,yes
48529,239,Detroit Metro - Eradico Pest,19,Eradico,iRIS,Burton,MI,10117,yes
48531,239,Detroit Metro - Eradico Pest,19,Eradico,iRIS,Flint,MI,0,yes
48532,239,Detroit Metro - Eradico Pest,19,Eradico,iRIS,Flint,MI,19709,yes
48550,239,Detroit Metro - Eradico Pest,19,Eradico,iRIS,Flint,MI,0,yes
48551,239,Detroit Metro - Eradico Pest,19,Eradico,iRIS,Flint,MI,0,yes
48552,239,Detroit Metro - Eradico Pest,19,Eradico,iRIS,Flint,MI,0,yes
48553,239,Detroit Metro - Eradico Pest,19,Eradico,iRIS,Flint,MI,0,yes
48554,239,Detroit Metro - Eradico Pest,19,Eradico,iRIS,Flint,MI,0,yes
48555,239,Detroit Metro - Eradico Pest,19,Eradico,iRIS,Flint,MI,0,yes
48556,239,Detroit Metro - Eradico Pest,19,Eradico,iRIS,Flint,MI,0,yes
48557,239,Detroit Metro - Eradico Pest,19,Eradico,iRIS,Flint,MI,0,yes
48559,239,Detroit Metro - Eradico Pest,19,Eradico,iRIS,Flint,MI,0,yes
48601,239,Detroit Metro - Eradico Pest,19,Eradico,iRIS,Saginaw,MI,35986,yes
48602,239,Detroit Metro - Eradico Pest,19,Eradico,iRIS,Saginaw,MI,30589,yes
48603,239,Detroit Metro - Eradico Pest,19,Eradico,iRIS,Saginaw,MI,26608,yes
48604,239,Detroit Metro - Eradico Pest,19,Eradico,iRIS,Saginaw,MI,13348,yes
48605,239,Detroit Metro - Eradico Pest,19,Eradico,iRIS,Saginaw,MI,0,yes
48606,239,Detroit Metro - Eradico Pest,19,Eradico,iRIS,Saginaw,MI,0,yes
48607,239,Detroit Metro - Eradico Pest,19,Eradico,iRIS,Saginaw,MI,1236,yes
48608,239,Detroit Metro - Eradico Pest,19,Eradico,iRIS,Saginaw,MI,0,yes
48609,239,Detroit Metro - Eradico Pest,19,Eradico,iRIS,Saginaw,MI,11821,yes
48611,239,Detroit Metro - Eradico Pest,19,Eradico,iRIS,Auburn,MI,6633,yes
48612,239,Detroit Metro - Eradico Pest,19,Eradico,iRIS,Beaverton,MI,8927,yes
48613,239,Detroit Metro - Eradico Pest,19,Eradico,iRIS,Bentley,MI,1096,yes
48614,239,Detroit Metro - Eradico Pest,19,Eradico,iRIS,Brant,MI,1511,yes
48615,239,Detroit Metro - Eradico Pest,19,Eradico,iRIS,Breckenridge,MI,2844,yes
48616,239,Detroit Metro - Eradico Pest,19,Eradico,iRIS,Chesaning,MI,7348,yes
48617,239,Detroit Metro - Eradico Pest,19,Eradico,iRIS,Clare,MI,8433,yes
48618,239,Detroit Metro - Eradico Pest,19,Eradico,iRIS,Coleman,MI,5492,yes
48620,239,Detroit Metro - Eradico Pest,19,Eradico,iRIS,Edenville,MI,0,yes
48621,243,Western Michigan - Eradico Pest,19,Eradico,iRIS,Fairview,MI,1285,yes
48622,243,Western Michigan - Eradico Pest,19,Eradico,iRIS,Farwell,MI,6469,yes
48623,239,Detroit Metro - Eradico Pest,19,Eradico,iRIS,Freeland,MI,14055,yes
48626,239,Detroit Metro - Eradico Pest,19,Eradico,iRIS,Hemlock,MI,5852,yes
48628,239,Detroit Metro - Eradico Pest,19,Eradico,iRIS,Hope,MI,2177,yes
48629,243,Western Michigan - Eradico Pest,19,Eradico,iRIS,Houghton Lake,MI,7615,yes
48630,243,Western Michigan - Eradico Pest,19,Eradico,iRIS,Houghton Lake Heights,MI,37,yes
48631,239,Detroit Metro - Eradico Pest,19,Eradico,iRIS,Kawkawlin,MI,4456,yes
48632,243,Western Michigan - Eradico Pest,19,Eradico,iRIS,Lake,MI,5031,yes
48634,239,Detroit Metro - Eradico Pest,19,Eradico,iRIS,Linwood,MI,4255,yes
48636,243,Western Michigan - Eradico Pest,19,Eradico,iRIS,Luzerne,MI,766,yes
48637,239,Detroit Metro - Eradico Pest,19,Eradico,iRIS,Merrill,MI,3326,yes
48638,239,Detroit Metro - Eradico Pest,19,Eradico,iRIS,Saginaw,MI,12492,yes
48640,239,Detroit Metro - Eradico Pest,19,Eradico,iRIS,Midland,MI,33374,yes
48641,239,Detroit Metro - Eradico Pest,19,Eradico,iRIS,Midland,MI,0,yes
48642,239,Detroit Metro - Eradico Pest,19,Eradico,iRIS,Midland,MI,31861,yes
48649,242,Lansing - Eradico Pest,19,Eradico,iRIS,Oakley,MI,1413,yes
48650,239,Detroit Metro - Eradico Pest,19,Eradico,iRIS,Pinconning,MI,7415,yes
48651,243,Western Michigan - Eradico Pest,19,Eradico,iRIS,Prudenville,MI,4736,yes
48653,243,Western Michigan - Eradico Pest,19,Eradico,iRIS,Roscommon,MI,9868,yes
48657,239,Detroit Metro - Eradico Pest,19,Eradico,iRIS,Sanford,MI,7735,yes
48661,243,Western Michigan - Eradico Pest,19,Eradico,iRIS,West Branch,MI,10359,yes
48662,239,Detroit Metro - Eradico Pest,19,Eradico,iRIS,Wheeler,MI,1629,yes
48663,239,Detroit Metro - Eradico Pest,19,Eradico,iRIS,Saginaw,MI,0,yes
48667,239,Detroit Metro - Eradico Pest,19,Eradico,iRIS,Midland,MI,0,yes
48670,239,Detroit Metro - Eradico Pest,19,Eradico,iRIS,Midland,MI,0,yes
48674,239,Detroit Metro - Eradico Pest,19,Eradico,iRIS,Midland,MI,0,yes
48686,239,Detroit Metro - Eradico Pest,19,Eradico,iRIS,Midland,MI,0,yes
48701,239,Detroit Metro - Eradico Pest,19,Eradico,iRIS,Akron,MI,1431,yes
48706,239,Detroit Metro - Eradico Pest,19,Eradico,iRIS,Bay City,MI,39637,yes
48707,239,Detroit Metro - Eradico Pest,19,Eradico,iRIS,Bay City,MI,0,yes
48708,239,Detroit Metro - Eradico Pest,19,Eradico,iRIS,Bay City,MI,26956,yes
48710,239,Detroit Metro - Eradico Pest,19,Eradico,iRIS,University Center,MI,0,yes
48720,239,Detroit Metro - Eradico Pest,19,Eradico,iRIS,Bay Port,MI,980,yes
48722,239,Detroit Metro - Eradico Pest,19,Eradico,iRIS,Bridgeport,MI,3217,yes
48723,239,Detroit Metro - Eradico Pest,19,Eradico,iRIS,Caro,MI,12155,yes
48724,239,Detroit Metro - Eradico Pest,19,Eradico,iRIS,Carrollton,MI,214,yes
48725,239,Detroit Metro - Eradico Pest,19,Eradico,iRIS,Caseville,MI,2203,yes
48726,239,Detroit Metro - Eradico Pest,19,Eradico,iRIS,Cass City,MI,5951,yes
48727,239,Detroit Metro - Eradico Pest,19,Eradico,iRIS,Clifford,MI,1314,yes
48729,239,Detroit Metro - Eradico Pest,19,Eradico,iRIS,Deford,MI,1580,yes
48731,239,Detroit Metro - Eradico Pest,19,Eradico,iRIS,Elkton,MI,1674,yes
48732,239,Detroit Metro - Eradico Pest,19,Eradico,iRIS,Essexville,MI,11116,yes
48733,239,Detroit Metro - Eradico Pest,19,Eradico,iRIS,Fairgrove,MI,1648,yes
48734,239,Detroit Metro - Eradico Pest,19,Eradico,iRIS,Frankenmuth,MI,7740,yes
48735,239,Detroit Metro - Eradico Pest,19,Eradico,iRIS,Gagetown,MI,893,yes
48736,239,Detroit Metro - Eradico Pest,19,Eradico,iRIS,Gilford,MI,0,yes
48741,239,Detroit Metro - Eradico Pest,19,Eradico,iRIS,Kingston,MI,2005,yes
48744,239,Detroit Metro - Eradico Pest,19,Eradico,iRIS,Mayville,MI,4301,yes
48746,239,Detroit Metro - Eradico Pest,19,Eradico,iRIS,Millington,MI,8701,yes
48747,239,Detroit Metro - Eradico Pest,19,Eradico,iRIS,Munger,MI,1365,yes
48755,239,Detroit Metro - Eradico Pest,19,Eradico,iRIS,Pigeon,MI,3230,yes
48756,239,Detroit Metro - Eradico Pest,19,Eradico,iRIS,Prescott,MI,4715,yes
48757,239,Detroit Metro - Eradico Pest,19,Eradico,iRIS,Reese,MI,3664,yes
48758,239,Detroit Metro - Eradico Pest,19,Eradico,iRIS,Richville,MI,0,yes
48764,243,Western Michigan - Eradico Pest,19,Eradico,iRIS,Tawas City,MI,0,yes
48767,239,Detroit Metro - Eradico Pest,19,Eradico,iRIS,Unionville,MI,1925,yes
48768,239,Detroit Metro - Eradico Pest,19,Eradico,iRIS,Vassar,MI,9490,yes
48769,239,Detroit Metro - Eradico Pest,19,Eradico,iRIS,Vassar,MI,0,yes
48770,243,Western Michigan - Eradico Pest,19,Eradico,iRIS,Whittemore,MI,1893,yes
48787,239,Detroit Metro - Eradico Pest,19,Eradico,iRIS,Frankenmuth,MI,0,yes
48801,239,Detroit Metro - Eradico Pest,19,Eradico,iRIS,Alma,MI,12836,yes
48802,239,Detroit Metro - Eradico Pest,19,Eradico,iRIS,Alma,MI,0,yes
48804,239,Detroit Metro - Eradico Pest,19,Eradico,iRIS,Mount Pleasant,MI,0,yes
48805,242,Lansing - Eradico Pest,19,Eradico,iRIS,Okemos,MI,0,yes
48806,239,Detroit Metro - Eradico Pest,19,Eradico,iRIS,Ashley,MI,1502,yes
48807,239,Detroit Metro - Eradico Pest,19,Eradico,iRIS,Bannister,MI,768,yes
48808,242,Lansing - Eradico Pest,19,Eradico,iRIS,Bath,MI,5272,yes
48809,243,Western Michigan - Eradico Pest,19,Eradico,iRIS,Belding,MI,10861,yes
48811,243,Western Michigan - Eradico Pest,19,Eradico,iRIS,Carson City,MI,5376,yes
48813,242,Lansing - Eradico Pest,19,Eradico,iRIS,Charlotte,MI,21433,yes
48815,243,Western Michigan - Eradico Pest,19,Eradico,iRIS,Clarksville,MI,2221,yes
48816,242,Lansing - Eradico Pest,19,Eradico,iRIS,Cohoctah,MI,90,yes
48817,242,Lansing - Eradico Pest,19,Eradico,iRIS,Corunna,MI,6254,yes
48819,242,Lansing - Eradico Pest,19,Eradico,iRIS,Dansville,MI,2718,yes
48820,242,Lansing - Eradico Pest,19,Eradico,iRIS,Dewitt,MI,17842,yes
48821,242,Lansing - Eradico Pest,19,Eradico,iRIS,Dimondale,MI,5969,yes
48822,242,Lansing - Eradico Pest,19,Eradico,iRIS,Eagle,MI,2990,yes
48823,242,Lansing - Eradico Pest,19,Eradico,iRIS,East Lansing,MI,50531,yes
48824,242,Lansing - Eradico Pest,19,Eradico,iRIS,East Lansing,MI,0,yes
48825,242,Lansing - Eradico Pest,19,Eradico,iRIS,East Lansing,MI,12928,yes
48826,242,Lansing - Eradico Pest,19,Eradico,iRIS,East Lansing,MI,0,yes
48827,242,Lansing - Eradico Pest,19,Eradico,iRIS,Eaton Rapids,MI,15972,yes
48830,239,Detroit Metro - Eradico Pest,19,Eradico,iRIS,Elm Hall,MI,0,yes
48831,242,Lansing - Eradico Pest,19,Eradico,iRIS,Elsie,MI,3686,yes
48832,239,Detroit Metro - Eradico Pest,19,Eradico,iRIS,Elwell,MI,1398,yes
48833,242,Lansing - Eradico Pest,19,Eradico,iRIS,Eureka,MI,0,yes
48835,242,Lansing - Eradico Pest,19,Eradico,iRIS,Fowler,MI,2906,yes
48836,242,Lansing - Eradico Pest,19,Eradico,iRIS,Fowlerville,MI,13748,yes
48837,242,Lansing - Eradico Pest,19,Eradico,iRIS,Grand Ledge,MI,19439,yes
48838,243,Western Michigan - Eradico Pest,19,Eradico,iRIS,Greenville,MI,18016,yes
48840,242,Lansing - Eradico Pest,19,Eradico,iRIS,Haslett,MI,13150,yes
48841,242,Lansing - Eradico Pest,19,Eradico,iRIS,Henderson,MI,830,yes
48842,242,Lansing - Eradico Pest,19,Eradico,iRIS,Holt,MI,21061,yes
48843,242,Lansing - Eradico Pest,19,Eradico,iRIS,Howell,MI,44635,yes
48844,242,Lansing - Eradico Pest,19,Eradico,iRIS,Howell,MI,0,yes
48845,242,Lansing - Eradico Pest,19,Eradico,iRIS,Hubbardston,MI,1040,yes
48846,242,Lansing - Eradico Pest,19,Eradico,iRIS,Ionia,MI,19827,yes
48847,239,Detroit Metro - Eradico Pest,19,Eradico,iRIS,Ithaca,MI,6083,yes
48848,242,Lansing - Eradico Pest,19,Eradico,iRIS,Laingsburg,MI,7479,yes
48849,242,Lansing - Eradico Pest,19,Eradico,iRIS,Lake Odessa,MI,5952,yes
48851,242,Lansing - Eradico Pest,19,Eradico,iRIS,Lyons,MI,2260,yes
48853,242,Lansing - Eradico Pest,19,Eradico,iRIS,Maple Rapids,MI,737,yes
48854,242,Lansing - Eradico Pest,19,Eradico,iRIS,Mason,MI,19050,yes
48855,242,Lansing - Eradico Pest,19,Eradico,iRIS,Howell,MI,14633,yes
48856,239,Detroit Metro - Eradico Pest,19,Eradico,iRIS,Middleton,MI,838,yes
48857,242,Lansing - Eradico Pest,19,Eradico,iRIS,Morrice,MI,2806,yes
48858,239,Detroit Metro - Eradico Pest,19,Eradico,iRIS,Mount Pleasant,MI,49990,yes
48859,239,Detroit Metro - Eradico Pest,19,Eradico,iRIS,Mount Pleasant,MI,0,yes
48860,242,Lansing - Eradico Pest,19,Eradico,iRIS,Muir,MI,1507,yes
48861,242,Lansing - Eradico Pest,19,Eradico,iRIS,Mulliken,MI,1558,yes
48862,242,Lansing - Eradico Pest,19,Eradico,iRIS,North Star,MI,0,yes
48863,242,Lansing - Eradico Pest,19,Eradico,iRIS,Howell,MI,0,yes
48864,242,Lansing - Eradico Pest,19,Eradico,iRIS,Okemos,MI,21914,yes
48865,242,Lansing - Eradico Pest,19,Eradico,iRIS,Orleans,MI,1961,yes
48866,242,Lansing - Eradico Pest,19,Eradico,iRIS,Ovid,MI,4950,yes
48867,242,Lansing - Eradico Pest,19,Eradico,iRIS,Owosso,MI,27375,yes
48870,243,Western Michigan - Eradico Pest,19,Eradico,iRIS,Palo,MI,186,yes
48871,239,Detroit Metro - Eradico Pest,19,Eradico,iRIS,Perrinton,MI,2054,yes
48872,242,Lansing - Eradico Pest,19,Eradico,iRIS,Perry,MI,7256,yes
48873,242,Lansing - Eradico Pest,19,Eradico,iRIS,Pewamo,MI,1526,yes
48874,239,Detroit Metro - Eradico Pest,19,Eradico,iRIS,Pompeii,MI,118,yes
48875,242,Lansing - Eradico Pest,19,Eradico,iRIS,Portland,MI,10640,yes
48876,242,Lansing - Eradico Pest,19,Eradico,iRIS,Potterville,MI,3838,yes
48877,239,Detroit Metro - Eradico Pest,19,Eradico,iRIS,Riverdale,MI,2508,yes
48879,242,Lansing - Eradico Pest,19,Eradico,iRIS,Saint Johns,MI,17934,yes
48881,243,Western Michigan - Eradico Pest,19,Eradico,iRIS,Saranac,MI,5733,yes
48882,242,Lansing - Eradico Pest,19,Eradico,iRIS,Shaftsburg,MI,0,yes
48884,243,Western Michigan - Eradico Pest,19,Eradico,iRIS,Sheridan,MI,4289,yes
48886,243,Western Michigan - Eradico Pest,19,Eradico,iRIS,Six Lakes,MI,2061,yes
48887,242,Lansing - Eradico Pest,19,Eradico,iRIS,Smyrna,MI,0,yes
48888,243,Western Michigan - Eradico Pest,19,Eradico,iRIS,Stanton,MI,6035,yes
48889,242,Lansing - Eradico Pest,19,Eradico,iRIS,Sumner,MI,1278,yes
48890,242,Lansing - Eradico Pest,19,Eradico,iRIS,Sunfield,MI,1999,yes
48892,242,Lansing - Eradico Pest,19,Eradico,iRIS,Webberville,MI,4799,yes
48894,242,Lansing - Eradico Pest,19,Eradico,iRIS,Westphalia,MI,1932,yes
48895,242,Lansing - Eradico Pest,19,Eradico,iRIS,Williamston,MI,11194,yes
48896,242,Lansing - Eradico Pest,19,Eradico,iRIS,Winn,MI,226,yes
48897,242,Lansing - Eradico Pest,19,Eradico,iRIS,Woodland,MI,1487,yes
48901,242,Lansing - Eradico Pest,19,Eradico,iRIS,Lansing,MI,0,yes
48906,242,Lansing - Eradico Pest,19,Eradico,iRIS,Lansing,MI,26115,yes
48908,242,Lansing - Eradico Pest,19,Eradico,iRIS,Lansing,MI,0,yes
48909,242,Lansing - Eradico Pest,19,Eradico,iRIS,Lansing,MI,0,yes
48910,242,Lansing - Eradico Pest,19,Eradico,iRIS,Lansing,MI,35338,yes
48911,242,Lansing - Eradico Pest,19,Eradico,iRIS,Lansing,MI,39063,yes
48912,242,Lansing - Eradico Pest,19,Eradico,iRIS,Lansing,MI,17646,yes
48913,242,Lansing - Eradico Pest,19,Eradico,iRIS,Lansing,MI,0,yes
48915,242,Lansing - Eradico Pest,19,Eradico,iRIS,Lansing,MI,9580,yes
48916,242,Lansing - Eradico Pest,19,Eradico,iRIS,Lansing,MI,0,yes
48917,242,Lansing - Eradico Pest,19,Eradico,iRIS,Lansing,MI,32205,yes
48918,242,Lansing - Eradico Pest,19,Eradico,iRIS,Lansing,MI,0,yes
48919,242,Lansing - Eradico Pest,19,Eradico,iRIS,Lansing,MI,0,yes
48921,242,Lansing - Eradico Pest,19,Eradico,iRIS,Lansing,MI,0,yes
48922,242,Lansing - Eradico Pest,19,Eradico,iRIS,Lansing,MI,0,yes
48924,242,Lansing - Eradico Pest,19,Eradico,iRIS,Lansing,MI,0,yes
48929,242,Lansing - Eradico Pest,19,Eradico,iRIS,Lansing,MI,0,yes
48930,242,Lansing - Eradico Pest,19,Eradico,iRIS,Lansing,MI,0,yes
48933,242,Lansing - Eradico Pest,19,Eradico,iRIS,Lansing,MI,2392,yes
48937,242,Lansing - Eradico Pest,19,Eradico,iRIS,Lansing,MI,0,yes
48950,242,Lansing - Eradico Pest,19,Eradico,iRIS,Lansing,MI,0,yes
48951,242,Lansing - Eradico Pest,19,Eradico,iRIS,Lansing,MI,0,yes
48956,242,Lansing - Eradico Pest,19,Eradico,iRIS,Lansing,MI,0,yes
48980,242,Lansing - Eradico Pest,19,Eradico,iRIS,Lansing,MI,0,yes
49001,243,Western Michigan - Eradico Pest,19,Eradico,iRIS,Kalamazoo,MI,22552,yes
49002,243,Western Michigan - Eradico Pest,19,Eradico,iRIS,Portage,MI,20584,yes
49003,243,Western Michigan - Eradico Pest,19,Eradico,iRIS,Kalamazoo,MI,0,yes
49004,243,Western Michigan - Eradico Pest,19,Eradico,iRIS,Kalamazoo,MI,15828,yes
49005,243,Western Michigan - Eradico Pest,19,Eradico,iRIS,Kalamazoo,MI,0,yes
49006,243,Western Michigan - Eradico Pest,19,Eradico,iRIS,Kalamazoo,MI,28517,yes
49007,243,Western Michigan - Eradico Pest,19,Eradico,iRIS,Kalamazoo,MI,10441,yes
49008,243,Western Michigan - Eradico Pest,19,Eradico,iRIS,Kalamazoo,MI,16182,yes
49009,243,Western Michigan - Eradico Pest,19,Eradico,iRIS,Kalamazoo,MI,44653,yes
49010,243,Western Michigan - Eradico Pest,19,Eradico,iRIS,Allegan,MI,17523,yes
49011,243,Western Michigan - Eradico Pest,19,Eradico,iRIS,Athens,MI,2172,yes
49012,243,Western Michigan - Eradico Pest,19,Eradico,iRIS,Augusta,MI,3246,yes
49013,243,Western Michigan - Eradico Pest,19,Eradico,iRIS,Bangor,MI,5560,yes
49014,243,Western Michigan - Eradico Pest,19,Eradico,iRIS,Battle Creek,MI,21386,yes
49015,243,Western Michigan - Eradico Pest,19,Eradico,iRIS,Battle Creek,MI,26920,yes
49016,243,Western Michigan - Eradico Pest,19,Eradico,iRIS,Battle Creek,MI,0,yes
49017,243,Western Michigan - Eradico Pest,19,Eradico,iRIS,Battle Creek,MI,21947,yes
49018,243,Western Michigan - Eradico Pest,19,Eradico,iRIS,Battle Creek,MI,0,yes
49019,243,Western Michigan - Eradico Pest,19,Eradico,iRIS,Kalamazoo,MI,0,yes
49020,243,Western Michigan - Eradico Pest,19,Eradico,iRIS,Bedford,MI,0,yes
49021,242,Lansing - Eradico Pest,19,Eradico,iRIS,Bellevue,MI,6514,yes
49022,243,Western Michigan - Eradico Pest,19,Eradico,iRIS,Benton Harbor,MI,31498,yes
49023,243,Western Michigan - Eradico Pest,19,Eradico,iRIS,Benton Harbor,MI,0,yes
49024,243,Western Michigan - Eradico Pest,19,Eradico,iRIS,Portage,MI,28651,yes
49026,243,Western Michigan - Eradico Pest,19,Eradico,iRIS,Bloomingdale,MI,2364,yes
49027,243,Western Michigan - Eradico Pest,19,Eradico,iRIS,Breedsville,MI,148,yes
49028,243,Western Michigan - Eradico Pest,19,Eradico,iRIS,Bronson,MI,6422,yes
49030,243,Western Michigan - Eradico Pest,19,Eradico,iRIS,Burr Oak,MI,2693,yes
49031,243,Western Michigan - Eradico Pest,19,Eradico,iRIS,Cassopolis,MI,7469,yes
49032,243,Western Michigan - Eradico Pest,19,Eradico,iRIS,Centreville,MI,3263,yes
49034,243,Western Michigan - Eradico Pest,19,Eradico,iRIS,Climax,MI,2596,yes
49035,243,Western Michigan - Eradico Pest,19,Eradico,iRIS,Cloverdale,MI,0,yes
49036,243,Western Michigan - Eradico Pest,19,Eradico,iRIS,Coldwater,MI,23380,yes
49037,243,Western Michigan - Eradico Pest,19,Eradico,iRIS,Battle Creek,MI,21337,yes
49038,243,Western Michigan - Eradico Pest,19,Eradico,iRIS,Coloma,MI,9193,yes
49040,243,Western Michigan - Eradico Pest,19,Eradico,iRIS,Colon,MI,3137,yes
49041,243,Western Michigan - Eradico Pest,19,Eradico,iRIS,Comstock,MI,0,yes
49042,243,Western Michigan - Eradico Pest,19,Eradico,iRIS,Constantine,MI,4710,yes
49043,243,Western Michigan - Eradico Pest,19,Eradico,iRIS,Covert,MI,2501,yes
49045,243,Western Michigan - Eradico Pest,19,Eradico,iRIS,Decatur,MI,5253,yes
49046,243,Western Michigan - Eradico Pest,19,Eradico,iRIS,Delton,MI,7606,yes
49047,243,Western Michigan - Eradico Pest,19,Eradico,iRIS,Dowagiac,MI,14238,yes
49048,243,Western Michigan - Eradico Pest,19,Eradico,iRIS,Kalamazoo,MI,25352,yes
49050,243,Western Michigan - Eradico Pest,19,Eradico,iRIS,Dowling,MI,1457,yes
49051,243,Western Michigan - Eradico Pest,19,Eradico,iRIS,East Leroy,MI,2755,yes
49052,243,Western Michigan - Eradico Pest,19,Eradico,iRIS,Fulton,MI,890,yes
49053,243,Western Michigan - Eradico Pest,19,Eradico,iRIS,Galesburg,MI,7073,yes
49055,243,Western Michigan - Eradico Pest,19,Eradico,iRIS,Gobles,MI,6172,yes
49056,243,Western Michigan - Eradico Pest,19,Eradico,iRIS,Grand Junction,MI,3449,yes
49057,243,Western Michigan - Eradico Pest,19,Eradico,iRIS,Hartford,MI,6982,yes
49058,243,Western Michigan - Eradico Pest,19,Eradico,iRIS,Hastings,MI,19036,yes
49060,243,Western Michigan - Eradico Pest,19,Eradico,iRIS,Hickory Corners,MI,1800,yes
49061,243,Western Michigan - Eradico Pest,19,Eradico,iRIS,Jones,MI,1661,yes
49062,243,Western Michigan - Eradico Pest,19,Eradico,iRIS,Kendall,MI,0,yes
49063,243,Western Michigan - Eradico Pest,19,Eradico,iRIS,Lacota,MI,0,yes
49064,243,Western Michigan - Eradico Pest,19,Eradico,iRIS,Lawrence,MI,3623,yes
49065,243,Western Michigan - Eradico Pest,19,Eradico,iRIS,Lawton,MI,6431,yes
49066,243,Western Michigan - Eradico Pest,19,Eradico,iRIS,Leonidas,MI,665,yes
49067,243,Western Michigan - Eradico Pest,19,Eradico,iRIS,Marcellus,MI,4406,yes
49068,242,Lansing - Eradico Pest,19,Eradico,iRIS,Marshall,MI,14584,yes
49069,242,Lansing - Eradico Pest,19,Eradico,iRIS,Marshall,MI,0,yes
49070,243,Western Michigan - Eradico Pest,19,Eradico,iRIS,Martin,MI,2405,yes
49071,243,Western Michigan - Eradico Pest,19,Eradico,iRIS,Mattawan,MI,9632,yes
49072,243,Western Michigan - Eradico Pest,19,Eradico,iRIS,Mendon,MI,3351,yes
49073,243,Western Michigan - Eradico Pest,19,Eradico,iRIS,Nashville,MI,4784,yes
49074,243,Western Michigan - Eradico Pest,19,Eradico,iRIS,Nazareth,MI,175,yes
49075,243,Western Michigan - Eradico Pest,19,Eradico,iRIS,Nottawa,MI,114,yes
49076,242,Lansing - Eradico Pest,19,Eradico,iRIS,Olivet,MI,4433,yes
49077,243,Western Michigan - Eradico Pest,19,Eradico,iRIS,Oshtemo,MI,0,yes
49078,243,Western Michigan - Eradico Pest,19,Eradico,iRIS,Otsego,MI,9140,yes
49079,243,Western Michigan - Eradico Pest,19,Eradico,iRIS,Paw Paw,MI,13127,yes
49080,243,Western Michigan - Eradico Pest,19,Eradico,iRIS,Plainwell,MI,16244,yes
49081,243,Western Michigan - Eradico Pest,19,Eradico,iRIS,Portage,MI,0,yes
49083,243,Western Michigan - Eradico Pest,19,Eradico,iRIS,Richland,MI,7706,yes
49084,243,Western Michigan - Eradico Pest,19,Eradico,iRIS,Riverside,MI,39,yes
49085,243,Western Michigan - Eradico Pest,19,Eradico,iRIS,Saint Joseph,MI,23049,yes
49087,243,Western Michigan - Eradico Pest,19,Eradico,iRIS,Schoolcraft,MI,6363,yes
49088,243,Western Michigan - Eradico Pest,19,Eradico,iRIS,Scotts,MI,3313,yes
49089,243,Western Michigan - Eradico Pest,19,Eradico,iRIS,Sherwood,MI,1578,yes
49090,243,Western Michigan - Eradico Pest,19,Eradico,iRIS,South Haven,MI,13898,yes
49091,243,Western Michigan - Eradico Pest,19,Eradico,iRIS,Sturgis,MI,19500,yes
49093,243,Western Michigan - Eradico Pest,19,Eradico,iRIS,Three Rivers,MI,18021,yes
49096,242,Lansing - Eradico Pest,19,Eradico,iRIS,Vermontville,MI,3357,yes
49097,243,Western Michigan - Eradico Pest,19,Eradico,iRIS,Vicksburg,MI,10760,yes
49098,243,Western Michigan - Eradico Pest,19,Eradico,iRIS,Watervliet,MI,6093,yes
49099,243,Western Michigan - Eradico Pest,19,Eradico,iRIS,White Pigeon,MI,5606,yes
49120,243,Western Michigan - Eradico Pest,19,Eradico,iRIS,Niles,MI,37178,yes
49201,242,Lansing - Eradico Pest,19,Eradico,iRIS,Jackson,MI,44536,yes
49202,242,Lansing - Eradico Pest,19,Eradico,iRIS,Jackson,MI,20071,yes
49203,242,Lansing - Eradico Pest,19,Eradico,iRIS,Jackson,MI,38842,yes
49204,242,Lansing - Eradico Pest,19,Eradico,iRIS,Jackson,MI,0,yes
49220,242,Lansing - Eradico Pest,19,Eradico,iRIS,Addison,MI,2154,yes
49224,242,Lansing - Eradico Pest,19,Eradico,iRIS,Albion,MI,13886,yes
49227,242,Lansing - Eradico Pest,19,Eradico,iRIS,Allen,MI,1235,yes
49228,239,Detroit Metro - Eradico Pest,19,Eradico,iRIS,Blissfield,MI,5328,yes
49229,239,Detroit Metro - Eradico Pest,19,Eradico,iRIS,Britton,MI,3359,yes
49230,242,Lansing - Eradico Pest,19,Eradico,iRIS,Brooklyn,MI,10473,yes
49232,242,Lansing - Eradico Pest,19,Eradico,iRIS,Camden,MI,2553,yes
49233,242,Lansing - Eradico Pest,19,Eradico,iRIS,Cement City,MI,2189,yes
49234,242,Lansing - Eradico Pest,19,Eradico,iRIS,Clarklake,MI,2755,yes
49235,239,Detroit Metro - Eradico Pest,19,Eradico,iRIS,Clayton,MI,2232,yes
49236,239,Detroit Metro - Eradico Pest,19,Eradico,iRIS,Clinton,MI,4634,yes
49237,242,Lansing - Eradico Pest,19,Eradico,iRIS,Concord,MI,2964,yes
49238,239,Detroit Metro - Eradico Pest,19,Eradico,iRIS,Deerfield,MI,1805,yes
49239,242,Lansing - Eradico Pest,19,Eradico,iRIS,Frontier,MI,0,yes
49240,242,Lansing - Eradico Pest,19,Eradico,iRIS,Grass Lake,MI,9783,yes
49241,242,Lansing - Eradico Pest,19,Eradico,iRIS,Hanover,MI,2472,yes
49242,242,Lansing - Eradico Pest,19,Eradico,iRIS,Hillsdale,MI,15280,yes
49245,242,Lansing - Eradico Pest,19,Eradico,iRIS,Homer,MI,4945,yes
49246,242,Lansing - Eradico Pest,19,Eradico,iRIS,Horton,MI,3267,yes
49247,242,Lansing - Eradico Pest,19,Eradico,iRIS,Hudson,MI,5694,yes
49248,239,Detroit Metro - Eradico Pest,19,Eradico,iRIS,Jasper,MI,791,yes
49249,242,Lansing - Eradico Pest,19,Eradico,iRIS,Jerome,MI,3884,yes
49250,242,Lansing - Eradico Pest,19,Eradico,iRIS,Jonesville,MI,5946,yes
49251,242,Lansing - Eradico Pest,19,Eradico,iRIS,Leslie,MI,6508,yes
49252,242,Lansing - Eradico Pest,19,Eradico,iRIS,Litchfield,MI,2472,yes
49253,239,Detroit Metro - Eradico Pest,19,Eradico,iRIS,Manitou Beach,MI,2962,yes
49254,242,Lansing - Eradico Pest,19,Eradico,iRIS,Michigan Center,MI,2698,yes
49256,242,Lansing - Eradico Pest,19,Eradico,iRIS,Morenci,MI,4047,yes
49257,242,Lansing - Eradico Pest,19,Eradico,iRIS,Moscow,MI,0,yes
49258,242,Lansing - Eradico Pest,19,Eradico,iRIS,Mosherville,MI,0,yes
49259,242,Lansing - Eradico Pest,19,Eradico,iRIS,Munith,MI,2037,yes
49261,242,Lansing - Eradico Pest,19,Eradico,iRIS,Napoleon,MI,370,yes
49262,242,Lansing - Eradico Pest,19,Eradico,iRIS,North Adams,MI,1313,yes
49263,242,Lansing - Eradico Pest,19,Eradico,iRIS,Norvell,MI,39,yes
49264,242,Lansing - Eradico Pest,19,Eradico,iRIS,Onondaga,MI,2281,yes
49265,242,Lansing - Eradico Pest,19,Eradico,iRIS,Onsted,MI,5135,yes
49266,242,Lansing - Eradico Pest,19,Eradico,iRIS,Osseo,MI,3120,yes
49269,242,Lansing - Eradico Pest,19,Eradico,iRIS,Parma,MI,6397,yes
49270,239,Detroit Metro - Eradico Pest,19,Eradico,iRIS,Petersburg,MI,5615,yes
49271,242,Lansing - Eradico Pest,19,Eradico,iRIS,Pittsford,MI,1928,yes
49272,242,Lansing - Eradico Pest,19,Eradico,iRIS,Pleasant Lake,MI,2124,yes
49274,242,Lansing - Eradico Pest,19,Eradico,iRIS,Reading,MI,3572,yes
49276,239,Detroit Metro - Eradico Pest,19,Eradico,iRIS,Riga,MI,947,yes
49277,242,Lansing - Eradico Pest,19,Eradico,iRIS,Rives Junction,MI,3103,yes
49279,239,Detroit Metro - Eradico Pest,19,Eradico,iRIS,Sand Creek,MI,770,yes
49281,242,Lansing - Eradico Pest,19,Eradico,iRIS,Somerset,MI,0,yes
49282,242,Lansing - Eradico Pest,19,Eradico,iRIS,Somerset Center,MI,373,yes
49283,242,Lansing - Eradico Pest,19,Eradico,iRIS,Spring Arbor,MI,4450,yes
49284,242,Lansing - Eradico Pest,19,Eradico,iRIS,Springport,MI,2956,yes
49285,242,Lansing - Eradico Pest,19,Eradico,iRIS,Stockbridge,MI,5797,yes
49286,239,Detroit Metro - Eradico Pest,19,Eradico,iRIS,Tecumseh,MI,14622,yes
49287,242,Lansing - Eradico Pest,19,Eradico,iRIS,Tipton,MI,1879,yes
49288,242,Lansing - Eradico Pest,19,Eradico,iRIS,Waldron,MI,1520,yes
49301,243,Western Michigan - Eradico Pest,19,Eradico,iRIS,Ada,MI,20101,yes
49302,243,Western Michigan - Eradico Pest,19,Eradico,iRIS,Alto,MI,8356,yes
49303,243,Western Michigan - Eradico Pest,19,Eradico,iRIS,Bailey,MI,1114,yes
49305,243,Western Michigan - Eradico Pest,19,Eradico,iRIS,Barryton,MI,2125,yes
49306,243,Western Michigan - Eradico Pest,19,Eradico,iRIS,Belmont,MI,10083,yes
49307,243,Western Michigan - Eradico Pest,19,Eradico,iRIS,Big Rapids,MI,20737,yes
49310,239,Detroit Metro - Eradico Pest,19,Eradico,iRIS,Blanchard,MI,3570,yes
49311,243,Western Michigan - Eradico Pest,19,Eradico,iRIS,Bradley,MI,0,yes
49314,243,Western Michigan - Eradico Pest,19,Eradico,iRIS,Burnips,MI,0,yes
49315,243,Western Michigan - Eradico Pest,19,Eradico,iRIS,Byron Center,MI,21996,yes
49316,243,Western Michigan - Eradico Pest,19,Eradico,iRIS,Caledonia,MI,21940,yes
49317,243,Western Michigan - Eradico Pest,19,Eradico,iRIS,Cannonsburg,MI,0,yes
49318,243,Western Michigan - Eradico Pest,19,Eradico,iRIS,Casnovia,MI,1485,yes
49319,243,Western Michigan - Eradico Pest,19,Eradico,iRIS,Cedar Springs,MI,16507,yes
49320,243,Western Michigan - Eradico Pest,19,Eradico,iRIS,Chippewa Lake,MI,79,yes
49321,243,Western Michigan - Eradico Pest,19,Eradico,iRIS,Comstock Park,MI,16875,yes
49323,243,Western Michigan - Eradico Pest,19,Eradico,iRIS,Dorr,MI,9853,yes
49327,243,Western Michigan - Eradico Pest,19,Eradico,iRIS,Grant,MI,8518,yes
49328,243,Western Michigan - Eradico Pest,19,Eradico,iRIS,Hopkins,MI,3970,yes
49330,243,Western Michigan - Eradico Pest,19,Eradico,iRIS,Kent City,MI,5384,yes
49331,243,Western Michigan - Eradico Pest,19,Eradico,iRIS,Lowell,MI,17454,yes
49332,243,Western Michigan - Eradico Pest,19,Eradico,iRIS,Mecosta,MI,3165,yes
49333,243,Western Michigan - Eradico Pest,19,Eradico,iRIS,Middleville,MI,10917,yes
49335,243,Western Michigan - Eradico Pest,19,Eradico,iRIS,Moline,MI,500,yes
49337,243,Western Michigan - Eradico Pest,19,Eradico,iRIS,Newaygo,MI,11442,yes
49338,243,Western Michigan - Eradico Pest,19,Eradico,iRIS,Paris,MI,1587,yes
49339,243,Western Michigan - Eradico Pest,19,Eradico,iRIS,Pierson,MI,2159,yes
49340,243,Western Michigan - Eradico Pest,19,Eradico,iRIS,Remus,MI,2963,yes
49341,243,Western Michigan - Eradico Pest,19,Eradico,iRIS,Rockford,MI,35546,yes
49342,243,Western Michigan - Eradico Pest,19,Eradico,iRIS,Rodney,MI,2043,yes
49343,243,Western Michigan - Eradico Pest,19,Eradico,iRIS,Sand Lake,MI,6079,yes
49344,243,Western Michigan - Eradico Pest,19,Eradico,iRIS,Shelbyville,MI,3662,yes
49345,243,Western Michigan - Eradico Pest,19,Eradico,iRIS,Sparta,MI,13505,yes
49346,243,Western Michigan - Eradico Pest,19,Eradico,iRIS,Stanwood,MI,5228,yes
49348,243,Western Michigan - Eradico Pest,19,Eradico,iRIS,Wayland,MI,12130,yes
49349,243,Western Michigan - Eradico Pest,19,Eradico,iRIS,White Cloud,MI,8098,yes
49351,243,Western Michigan - Eradico Pest,19,Eradico,iRIS,Rockford,MI,0,yes
49355,243,Western Michigan - Eradico Pest,19,Eradico,iRIS,Ada,MI,0,yes
49356,243,Western Michigan - Eradico Pest,19,Eradico,iRIS,Ada,MI,0,yes
49357,243,Western Michigan - Eradico Pest,19,Eradico,iRIS,Ada,MI,0,yes
49401,243,Western Michigan - Eradico Pest,19,Eradico,iRIS,Allendale,MI,22253,yes
49402,243,Western Michigan - Eradico Pest,19,Eradico,iRIS,Branch,MI,1236,yes
49403,243,Western Michigan - Eradico Pest,19,Eradico,iRIS,Conklin,MI,2424,yes
49404,243,Western Michigan - Eradico Pest,19,Eradico,iRIS,Coopersville,MI,9079,yes
49405,243,Western Michigan - Eradico Pest,19,Eradico,iRIS,Custer,MI,1408,yes
49406,243,Western Michigan - Eradico Pest,19,Eradico,iRIS,Douglas,MI,869,yes
49408,243,Western Michigan - Eradico Pest,19,Eradico,iRIS,Fennville,MI,9337,yes
49409,243,Western Michigan - Eradico Pest,19,Eradico,iRIS,Ferrysburg,MI,0,yes
49410,243,Western Michigan - Eradico Pest,19,Eradico,iRIS,Fountain,MI,1954,yes
49411,243,Western Michigan - Eradico Pest,19,Eradico,iRIS,Free Soil,MI,1536,yes
49412,243,Western Michigan - Eradico Pest,19,Eradico,iRIS,Fremont,MI,11074,yes
49413,243,Western Michigan - Eradico Pest,19,Eradico,iRIS,Fremont,MI,0,yes
49415,243,Western Michigan - Eradico Pest,19,Eradico,iRIS,Fruitport,MI,6870,yes
49416,243,Western Michigan - Eradico Pest,19,Eradico,iRIS,Glenn,MI,0,yes
49417,243,Western Michigan - Eradico Pest,19,Eradico,iRIS,Grand Haven,MI,30714,yes
49418,243,Western Michigan - Eradico Pest,19,Eradico,iRIS,Grandville,MI,27986,yes
49419,243,Western Michigan - Eradico Pest,19,Eradico,iRIS,Hamilton,MI,8125,yes
49420,243,Western Michigan - Eradico Pest,19,Eradico,iRIS,Hart,MI,6592,yes
49421,243,Western Michigan - Eradico Pest,19,Eradico,iRIS,Hesperia,MI,5933,yes
49422,243,Western Michigan - Eradico Pest,19,Eradico,iRIS,Holland,MI,0,yes
49423,243,Western Michigan - Eradico Pest,19,Eradico,iRIS,Holland,MI,45559,yes
49424,243,Western Michigan - Eradico Pest,19,Eradico,iRIS,Holland,MI,47218,yes
49425,243,Western Michigan - Eradico Pest,19,Eradico,iRIS,Holton,MI,3737,yes
49426,243,Western Michigan - Eradico Pest,19,Eradico,iRIS,Hudsonville,MI,34783,yes
49427,243,Western Michigan - Eradico Pest,19,Eradico,iRIS,Jamestown,MI,0,yes
49428,243,Western Michigan - Eradico Pest,19,Eradico,iRIS,Jenison,MI,27298,yes
49429,243,Western Michigan - Eradico Pest,19,Eradico,iRIS,Jenison,MI,0,yes
49430,243,Western Michigan - Eradico Pest,19,Eradico,iRIS,Lamont,MI,0,yes
49431,243,Western Michigan - Eradico Pest,19,Eradico,iRIS,Ludington,MI,17175,yes
49435,243,Western Michigan - Eradico Pest,19,Eradico,iRIS,Marne,MI,4172,yes
49436,243,Western Michigan - Eradico Pest,19,Eradico,iRIS,Mears,MI,1574,yes
49437,243,Western Michigan - Eradico Pest,19,Eradico,iRIS,Montague,MI,6934,yes
49440,243,Western Michigan - Eradico Pest,19,Eradico,iRIS,Muskegon,MI,807,yes
49441,243,Western Michigan - Eradico Pest,19,Eradico,iRIS,Muskegon,MI,36012,yes
49442,243,Western Michigan - Eradico Pest,19,Eradico,iRIS,Muskegon,MI,41550,yes
49443,243,Western Michigan - Eradico Pest,19,Eradico,iRIS,Muskegon,MI,0,yes
49444,243,Western Michigan - Eradico Pest,19,Eradico,iRIS,Muskegon,MI,29178,yes
49445,243,Western Michigan - Eradico Pest,19,Eradico,iRIS,Muskegon,MI,20047,yes
49448,243,Western Michigan - Eradico Pest,19,Eradico,iRIS,Nunica,MI,3795,yes
49449,243,Western Michigan - Eradico Pest,19,Eradico,iRIS,Pentwater,MI,2404,yes
49450,243,Western Michigan - Eradico Pest,19,Eradico,iRIS,Pullman,MI,3609,yes
49451,243,Western Michigan - Eradico Pest,19,Eradico,iRIS,Ravenna,MI,6144,yes
49452,243,Western Michigan - Eradico Pest,19,Eradico,iRIS,Rothbury,MI,2026,yes
49453,243,Western Michigan - Eradico Pest,19,Eradico,iRIS,Saugatuck,MI,2651,yes
49454,243,Western Michigan - Eradico Pest,19,Eradico,iRIS,Scottville,MI,4882,yes
49455,243,Western Michigan - Eradico Pest,19,Eradico,iRIS,Shelby,MI,4662,yes
49456,243,Western Michigan - Eradico Pest,19,Eradico,iRIS,Spring Lake,MI,19041,yes
49457,243,Western Michigan - Eradico Pest,19,Eradico,iRIS,Twin Lake,MI,10619,yes
49458,243,Western Michigan - Eradico Pest,19,Eradico,iRIS,Walhalla,MI,54,yes
49459,243,Western Michigan - Eradico Pest,19,Eradico,iRIS,Walkerville,MI,1226,yes
49460,243,Western Michigan - Eradico Pest,19,Eradico,iRIS,West Olive,MI,8161,yes
49463,243,Western Michigan - Eradico Pest,19,Eradico,iRIS,Sylvan Beach,MI,0,yes
49464,243,Western Michigan - Eradico Pest,19,Eradico,iRIS,Zeeland,MI,28961,yes
49468,243,Western Michigan - Eradico Pest,19,Eradico,iRIS,Grandville,MI,0,yes
49501,243,Western Michigan - Eradico Pest,19,Eradico,iRIS,Grand Rapids,MI,0,yes
49502,243,Western Michigan - Eradico Pest,19,Eradico,iRIS,Grand Rapids,MI,0,yes
49503,243,Western Michigan - Eradico Pest,19,Eradico,iRIS,Grand Rapids,MI,35484,yes
49504,243,Western Michigan - Eradico Pest,19,Eradico,iRIS,Grand Rapids,MI,38877,yes
49505,243,Western Michigan - Eradico Pest,19,Eradico,iRIS,Grand Rapids,MI,31720,yes
49506,243,Western Michigan - Eradico Pest,19,Eradico,iRIS,Grand Rapids,MI,33741,yes
49507,243,Western Michigan - Eradico Pest,19,Eradico,iRIS,Grand Rapids,MI,38390,yes
49508,243,Western Michigan - Eradico Pest,19,Eradico,iRIS,Grand Rapids,MI,41139,yes
49509,243,Western Michigan - Eradico Pest,19,Eradico,iRIS,Wyoming,MI,26495,yes
49510,243,Western Michigan - Eradico Pest,19,Eradico,iRIS,Grand Rapids,MI,0,yes
49512,243,Western Michigan - Eradico Pest,19,Eradico,iRIS,Grand Rapids,MI,17117,yes
49514,243,Western Michigan - Eradico Pest,19,Eradico,iRIS,Grand Rapids,MI,0,yes
49515,243,Western Michigan - Eradico Pest,19,Eradico,iRIS,Grand Rapids,MI,0,yes
49516,243,Western Michigan - Eradico Pest,19,Eradico,iRIS,Grand Rapids,MI,0,yes
49518,243,Western Michigan - Eradico Pest,19,Eradico,iRIS,Grand Rapids,MI,0,yes
49519,243,Western Michigan - Eradico Pest,19,Eradico,iRIS,Wyoming,MI,29051,yes
49523,243,Western Michigan - Eradico Pest,19,Eradico,iRIS,Grand Rapids,MI,0,yes
49525,243,Western Michigan - Eradico Pest,19,Eradico,iRIS,Grand Rapids,MI,29326,yes
49528,243,Western Michigan - Eradico Pest,19,Eradico,iRIS,Grand Rapids,MI,0,yes
49530,243,Western Michigan - Eradico Pest,19,Eradico,iRIS,Grand Rapids,MI,0,yes
49534,243,Western Michigan - Eradico Pest,19,Eradico,iRIS,Grand Rapids,MI,21349,yes
49544,243,Western Michigan - Eradico Pest,19,Eradico,iRIS,Grand Rapids,MI,9586,yes
49546,243,Western Michigan - Eradico Pest,19,Eradico,iRIS,Grand Rapids,MI,33178,yes
49548,243,Western Michigan - Eradico Pest,19,Eradico,iRIS,Grand Rapids,MI,31938,yes
49550,243,Western Michigan - Eradico Pest,19,Eradico,iRIS,Grand Rapids,MI,0,yes
49555,243,Western Michigan - Eradico Pest,19,Eradico,iRIS,Grand Rapids,MI,0,yes
49560,243,Western Michigan - Eradico Pest,19,Eradico,iRIS,Grand Rapids,MI,0,yes
49588,243,Western Michigan - Eradico Pest,19,Eradico,iRIS,Grand Rapids,MI,0,yes
49599,243,Western Michigan - Eradico Pest,19,Eradico,iRIS,Grand Rapids,MI,0,yes
49601,243,Western Michigan - Eradico Pest,19,Eradico,iRIS,Cadillac,MI,21061,yes
49610,243,Western Michigan - Eradico Pest,19,Eradico,iRIS,Acme,MI,0,yes
49613,243,Western Michigan - Eradico Pest,19,Eradico,iRIS,Arcadia,MI,703,yes
49615,243,Western Michigan - Eradico Pest,19,Eradico,iRIS,Bellaire,MI,4116,yes
49616,243,Western Michigan - Eradico Pest,19,Eradico,iRIS,Benzonia,MI,2263,yes
49618,243,Western Michigan - Eradico Pest,19,Eradico,iRIS,Boon,MI,758,yes
49619,243,Western Michigan - Eradico Pest,19,Eradico,iRIS,Brethren,MI,1156,yes
49620,243,Western Michigan - Eradico Pest,19,Eradico,iRIS,Buckley,MI,2684,yes
49623,243,Western Michigan - Eradico Pest,19,Eradico,iRIS,Chase,MI,1099,yes
49627,243,Western Michigan - Eradico Pest,19,Eradico,iRIS,Eastport,MI,186,yes
49629,243,Western Michigan - Eradico Pest,19,Eradico,iRIS,Elk Rapids,MI,2104,yes
49631,243,Western Michigan - Eradico Pest,19,Eradico,iRIS,Evart,MI,6174,yes
49633,243,Western Michigan - Eradico Pest,19,Eradico,iRIS,Fife Lake,MI,3717,yes
49634,243,Western Michigan - Eradico Pest,19,Eradico,iRIS,Filer City,MI,157,yes
49635,243,Western Michigan - Eradico Pest,19,Eradico,iRIS,Frankfort,MI,3623,yes
49637,243,Western Michigan - Eradico Pest,19,Eradico,iRIS,Grawn,MI,3256,yes
49638,243,Western Michigan - Eradico Pest,19,Eradico,iRIS,Harrietta,MI,962,yes
49639,243,Western Michigan - Eradico Pest,19,Eradico,iRIS,Hersey,MI,2203,yes
49640,243,Western Michigan - Eradico Pest,19,Eradico,iRIS,Honor,MI,1355,yes
49642,243,Western Michigan - Eradico Pest,19,Eradico,iRIS,Idlewild,MI,768,yes
49643,243,Western Michigan - Eradico Pest,19,Eradico,iRIS,Interlochen,MI,6406,yes
49645,243,Western Michigan - Eradico Pest,19,Eradico,iRIS,Kaleva,MI,1457,yes
49646,243,Western Michigan - Eradico Pest,19,Eradico,iRIS,Kalkaska,MI,8290,yes
49648,243,Western Michigan - Eradico Pest,19,Eradico,iRIS,Kewadin,MI,2153,yes
49649,243,Western Michigan - Eradico Pest,19,Eradico,iRIS,Kingsley,MI,8078,yes
49650,243,Western Michigan - Eradico Pest,19,Eradico,iRIS,Lake Ann,MI,3256,yes
49655,243,Western Michigan - Eradico Pest,19,Eradico,iRIS,Leroy,MI,3077,yes
49656,243,Western Michigan - Eradico Pest,19,Eradico,iRIS,Luther,MI,1608,yes
49659,243,Western Michigan - Eradico Pest,19,Eradico,iRIS,Mancelona,MI,6838,yes
49660,243,Western Michigan - Eradico Pest,19,Eradico,iRIS,Manistee,MI,14166,yes
49664,243,Western Michigan - Eradico Pest,19,Eradico,iRIS,Maple City,MI,1937,yes
49666,243,Western Michigan - Eradico Pest,19,Eradico,iRIS,Mayfield,MI,0,yes
49668,243,Western Michigan - Eradico Pest,19,Eradico,iRIS,Mesick,MI,3581,yes
49673,243,Western Michigan - Eradico Pest,19,Eradico,iRIS,Old Mission,MI,0,yes
49675,243,Western Michigan - Eradico Pest,19,Eradico,iRIS,Onekama,MI,1035,yes
49676,243,Western Michigan - Eradico Pest,19,Eradico,iRIS,Rapid City,MI,3659,yes
49677,243,Western Michigan - Eradico Pest,19,Eradico,iRIS,Reed City,MI,7209,yes
49679,243,Western Michigan - Eradico Pest,19,Eradico,iRIS,Sears,MI,1294,yes
49680,243,Western Michigan - Eradico Pest,19,Eradico,iRIS,South Boardman,MI,1739,yes
49682,243,Western Michigan - Eradico Pest,19,Eradico,iRIS,Suttons Bay,MI,4334,yes
49683,243,Western Michigan - Eradico Pest,19,Eradico,iRIS,Thompsonville,MI,2144,yes
49684,243,Western Michigan - Eradico Pest,19,Eradico,iRIS,Traverse City,MI,39614,yes
49685,243,Western Michigan - Eradico Pest,19,Eradico,iRIS,Traverse City,MI,0,yes
49686,243,Western Michigan - Eradico Pest,19,Eradico,iRIS,Traverse City,MI,32747,yes
49688,243,Western Michigan - Eradico Pest,19,Eradico,iRIS,Tustin,MI,2609,yes
49689,243,Western Michigan - Eradico Pest,19,Eradico,iRIS,Wellston,MI,1482,yes
49696,243,Western Michigan - Eradico Pest,19,Eradico,iRIS,Traverse City,MI,0,yes
49706,243,Western Michigan - Eradico Pest,19,Eradico,iRIS,Alanson,MI,4493,yes
49709,243,Western Michigan - Eradico Pest,19,Eradico,iRIS,Atlanta,MI,3649,yes
49712,243,Western Michigan - Eradico Pest,19,Eradico,iRIS,Boyne City,MI,8055,yes
49713,243,Western Michigan - Eradico Pest,19,Eradico,iRIS,Boyne Falls,MI,1923,yes
49716,243,Western Michigan - Eradico Pest,19,Eradico,iRIS,Brutus,MI,857,yes
49719,239,Detroit Metro - Eradico Pest,19,Eradico,iRIS,Cedarville,MI,1320,yes
49730,243,Western Michigan - Eradico Pest,19,Eradico,iRIS,Elmira,MI,2010,yes
49733,243,Western Michigan - Eradico Pest,19,Eradico,iRIS,Frederic,MI,2354,yes
49734,243,Western Michigan - Eradico Pest,19,Eradico,iRIS,Gaylord,MI,0,yes
49735,243,Western Michigan - Eradico Pest,19,Eradico,iRIS,Gaylord,MI,19577,yes
49736,239,Detroit Metro - Eradico Pest,19,Eradico,iRIS,Goetzville,MI,497,yes
49738,243,Western Michigan - Eradico Pest,19,Eradico,iRIS,Grayling,MI,9625,yes
49739,243,Western Michigan - Eradico Pest,19,Eradico,iRIS,Grayling,MI,0,yes
49746,243,Western Michigan - Eradico Pest,19,Eradico,iRIS,Hillman,MI,3519,yes
49748,239,Detroit Metro - Eradico Pest,19,Eradico,iRIS,Hulbert,MI,174,yes
49751,243,Western Michigan - Eradico Pest,19,Eradico,iRIS,Johannesburg,MI,2066,yes
49752,239,Detroit Metro - Eradico Pest,19,Eradico,iRIS,Kinross,MI,794,yes
49768,239,Detroit Metro - Eradico Pest,19,Eradico,iRIS,Paradise,MI,357,yes
49770,243,Western Michigan - Eradico Pest,19,Eradico,iRIS,Petoskey,MI,17148,yes
49774,239,Detroit Metro - Eradico Pest,19,Eradico,iRIS,Pickford,MI,2012,yes
49792,243,Western Michigan - Eradico Pest,19,Eradico,iRIS,Tower,MI,0,yes
49793,239,Detroit Metro - Eradico Pest,19,Eradico,iRIS,Trout Lake,MI,281,yes
49795,243,Western Michigan - Eradico Pest,19,Eradico,iRIS,Vanderbilt,MI,2119,yes
49796,243,Western Michigan - Eradico Pest,19,Eradico,iRIS,Walloon Lake,MI,335,yes
49797,243,Western Michigan - Eradico Pest,19,Eradico,iRIS,Waters,MI,0,yes
49799,243,Western Michigan - Eradico Pest,19,Eradico,iRIS,Wolverine,MI,2309,yes
49835,239,Detroit Metro - Eradico Pest,19,Eradico,iRIS,Garden,MI,877,yes
49849,239,Detroit Metro - Eradico Pest,19,Eradico,iRIS,Ishpeming,MI,12734,yes
49855,239,Detroit Metro - Eradico Pest,19,Eradico,iRIS,Marquette,MI,33500,yes
49901,242,Lansing - Eradico Pest,19,Eradico,iRIS,Ahmeek,MI,341,yes
49905,242,Lansing - Eradico Pest,19,Eradico,iRIS,Atlantic Mine,MI,1987,yes
49918,242,Lansing - Eradico Pest,19,Eradico,iRIS,Copper Harbor,MI,104,yes
,,,,,,,,,
,,,,,,,,9151063,