"znldhr186","admissionsweb.wdt.pdx.edu"
"znldhr736","gradschoolweb.wdt.pdx.edu"
"znldhr756","presidentweb.wdt.pdx.edu"
"znldhr1761","financialservicesweb.wdt.pdx.edu"
"znldhr1806","registrationweb.wdt.pdx.edu"
"znldhr2151","campussafetyweb.wdt.pdx.edu"
"znldhr2331","advisingweb.wdt.pdx.edu"
"znldhr2396","academicaffairsweb.wdt.pdx.edu"
"znldhr726","psuonlineweb.wdt.pdx.edu"
"znldhr746","honorsweb.wdt.pdx.edu"
"znldhr766","informationtechnologyweb.wdt.pdx.edu"
"znldhr771","studenthealthcounselingweb.wdt.pdx.edu"
"znldhr796","studentfinanceweb.wdt.pdx.edu"
"znldhr801","visitweb.wdt.pdx.edu"
"znldhr1646","careersweb.wdt.pdx.edu"
"znldhr1721","engineeringweb.wdt.pdx.edu"
"znldhr1936","liberalartssciencesweb.wdt.pdx.edu"
"znldhr2081","socialworkweb.wdt.pdx.edu"
"znldhr2306","businessweb.wdt.pdx.edu"
"znldhr2461","executiveeducationweb.wdt.pdx.edu"
"znldhr2466","educationweb.wdt.pdx.edu"
"znldhr2511","disabilityresourcecenterweb.wdt.pdx.edu"
"znldhr2831","humanresourcesweb.wdt.pdx.edu"
"znldhr2901","artsweb.wdt.pdx.edu"
"znldhr3391","learningcenterweb.wdt.pdx.edu"
"znldhr4026","hatfieldschoolweb.wdt.pdx.edu"
"znldhr4031","sexualassaultweb.wdt.pdx.edu"
"znldhr761","researchweb.wdt.pdx.edu"
"znldhr791","accessibilityweb.wdt.pdx.edu"
"znldhr1666","communicationweb.wdt.pdx.edu"
"znldhr1671","computerscienceweb.wdt.pdx.edu"
"znldhr1701","deanstudentlifeweb.wdt.pdx.edu"
"znldhr1706","economicsweb.wdt.pdx.edu"
"znldhr1731","englishlanguageprogramweb.wdt.pdx.edu"
"znldhr1786","historyweb.wdt.pdx.edu"
"znldhr1916","universitystudiesweb.wdt.pdx.edu"
"znldhr1926","urbanstudiesplanningweb.wdt.pdx.edu"
"znldhr1931","judaicstudiesweb.wdt.pdx.edu"
"znldhr1946","mathweb.wdt.pdx.edu"
"znldhr1966","philosophyweb.wdt.pdx.edu"
"znldhr1971","physicsweb.wdt.pdx.edu"
"znldhr1981","psychologyweb.wdt.pdx.edu"
"znldhr2021","mechanicalmaterialsengineeringweb.wdt.pdx.edu"
"znldhr2026","publicinterestdesignweb.wdt.pdx.edu"
"znldhr2036","urbanpublicaffairsweb.wdt.pdx.edu"
"znldhr2076","recreationweb.wdt.pdx.edu"
"znldhr2106","sociologyweb.wdt.pdx.edu"
"znldhr2116","russianflagshipweb.wdt.pdx.edu"
"znldhr2141","musictheaterweb.wdt.pdx.edu"
"znldhr2156","engineeringtechmanagementweb.wdt.pdx.edu"
"znldhr2161","emsaitweb.wdt.pdx.edu"
"znldhr2196","chemistryweb.wdt.pdx.edu"
"znldhr2211","filmweb.wdt.pdx.edu"
"znldhr2231","environmentalscienceweb.wdt.pdx.edu"
"znldhr2266","artdesignweb.wdt.pdx.edu"
"znldhr2296","asianstudiesweb.wdt.pdx.edu"
"znldhr2326","biologyweb.wdt.pdx.edu"
"znldhr2361","appliedlinguisticsweb.wdt.pdx.edu"
"znldhr2381","architectureweb.wdt.pdx.edu"
"znldhr2416","geographyeducationweb.wdt.pdx.edu"
"znldhr2426","japanesestudiesweb.wdt.pdx.edu"
"znldhr2456","urbanstudiesweb.wdt.pdx.edu"
"znldhr2476","anthropologyweb.wdt.pdx.edu"
"znldhr2671","politicalscienceweb.wdt.pdx.edu"
"znldhr2686","queerresourcecenterweb.wdt.pdx.edu"
"znldhr2816","worldlanguagesweb.wdt.pdx.edu"
"znldhr2931","healthsafetyweb.wdt.pdx.edu"
"znldhr2961","creativewritingweb.wdt.pdx.edu"
"znldhr3006","speechhearingsciencesweb.wdt.pdx.edu"
"znldhr3016","transportationweb.wdt.pdx.edu"
"znldhr3071","criminologycriminaljusticeweb.wdt.pdx.edu"
"znldhr3126","middleeaststudiesweb.wdt.pdx.edu"
"znldhr3151","sciencetechnologyengineeringweb.wdt.pdx.edu"
"znldhr3241","writingcenterweb.wdt.pdx.edu"
"znldhr3256","prehealthweb.wdt.pdx.edu"
"znldhr3366","womengendersexualitystudiesweb.wdt.pdx.edu"
"znldhr3381","comicsstudiesweb.wdt.pdx.edu"
"znldhr3491","studentswithchildrenweb.wdt.pdx.edu"
"znldhr3546","chicanolatinostudiesweb.wdt.pdx.edu"
"znldhr3551","childlanguagelearningcenterweb.wdt.pdx.edu"
"znldhr3591","englishweb.wdt.pdx.edu"
"znldhr3616","genderracenationsweb.wdt.pdx.edu"
"znldhr3681","blackstudiesweb.wdt.pdx.edu"
"znldhr3696","civilenvironmentalengineeringweb.wdt.pdx.edu"
"znldhr3731","geographyweb.wdt.pdx.edu"
"znldhr3736","globalstudiesweb.wdt.pdx.edu"
"znldhr3831","facilitiesweb.wdt.pdx.edu"
"znldhr3846","geologyweb.wdt.pdx.edu"
"znldhr3866","systemsscienceweb.wdt.pdx.edu"
"znldhr3961","electricalcomputerengineeringweb.wdt.pdx.edu"
"znldhr4011","turkishstudiescenterweb.wdt.pdx.edu"
"znldhr4046","emergencymanagementweb.wdt.pdx.edu"
"znldhr4241","architectureengineeriningconstweb.wdt.pdx.edu"
"znldhr751","housingweb.wdt.pdx.edu"
"znldhr1776","governmentrelationsweb.wdt.pdx.edu"
"znldhr1881","purchasingcontractingweb.wdt.pdx.edu"
"znldhr1911","universitycommunicationsweb.wdt.pdx.edu"
"znldhr1986","publicadministrationweb.wdt.pdx.edu"
"znldhr2056","mcnairprogramweb.wdt.pdx.edu"
"znldhr2146","constructionweb.wdt.pdx.edu"
"znldhr2421","centerchildfamilyweb.wdt.pdx.edu"
"znldhr2661","policiesweb.wdt.pdx.edu"
"znldhr2731","studentaffairsweb.wdt.pdx.edu"
"znldhr2921","financeadministrationweb.wdt.pdx.edu"
"znldhr2981","helengordoncenterweb.wdt.pdx.edu"
"znldhr3156","multiculturalretentionservicesweb.wdt.pdx.edu"
"znldhr3191","transfercenterweb.wdt.pdx.edu"
"znldhr3236","womensresourcecenterweb.wdt.pdx.edu"
"znldhr3316","smithstudentunionweb.wdt.pdx.edu"
"znldhr3361","veteransresourcecenterweb.wdt.pdx.edu"
"znldhr3441","academicinnovationweb.wdt.pdx.edu"
"znldhr3506","studentlegalservicesweb.wdt.pdx.edu"
"znldhr3561","communityenvironmentalservicesweb.wdt.pdx.edu"
"znldhr3576","culturalresourcecentersweb.wdt.pdx.edu"
"znldhr3621","generalcounselweb.wdt.pdx.edu"
"znldhr4036","bikehubweb.wdt.pdx.edu"
"znldhr4221","reserveofficerstrainingcorpweb.wdt.pdx.edu"
"znldhr786","studentlifeweb.wdt.pdx.edu"
"znldhr806","syndicationweb.wdt.pdx.edu"
"znldhr821","facultyexpertsweb.wdt.pdx.edu"
"znldhr1661","commencementweb.wdt.pdx.edu"
"znldhr1676","conflictresolutionweb.wdt.pdx.edu"
"znldhr1696","coopweb.wdt.pdx.edu"
"znldhr1716","educationabroadweb.wdt.pdx.edu"
"znldhr1751","extremeenvironmentsweb.wdt.pdx.edu"
"znldhr1766","geographictechnologyweb.wdt.pdx.edu"
"znldhr1791","homelessnessweb.wdt.pdx.edu"
"znldhr1821","internationalstudentsweb.wdt.pdx.edu"
"znldhr1826","iroquoisdemocracyweb.wdt.pdx.edu"
"znldhr1831","jiaolabweb.wdt.pdx.edu"
"znldhr1851","senioradultlearningcenterweb.wdt.pdx.edu"
"znldhr1856","socialdeterminantshealthweb.wdt.pdx.edu"
"znldhr1866","regionalresearchinstituteweb.wdt.pdx.edu"
"znldhr1876","racialinterventionstoryexchweb.wdt.pdx.edu"
"znldhr1891","studentaccesscenterweb.wdt.pdx.edu"
"znldhr1941","materialsmanagementweb.wdt.pdx.edu"
"znldhr1956","neurolinguisticsweb.wdt.pdx.edu"
"znldhr1961","partnershipsweb.wdt.pdx.edu"
"znldhr1976","portlandcenterweb.wdt.pdx.edu"
"znldhr2001","mentoringresearchweb.wdt.pdx.edu"
"znldhr2016","mohrdyadiclabweb.wdt.pdx.edu"
"znldhr2096","researchplanningweb.wdt.pdx.edu"
"znldhr2101","studentmediaweb.wdt.pdx.edu"
"znldhr2111","studentsuccessweb.wdt.pdx.edu"
"znldhr2121","seedbankweb.wdt.pdx.edu"
"znldhr2131","cleantechchallengeweb.wdt.pdx.edu"
"znldhr2136","surplusweb.wdt.pdx.edu"
"znldhr2186","internalauditweb.wdt.pdx.edu"
"znldhr2191","internationalaffairsweb.wdt.pdx.edu"
"znldhr2281","agileroboticsweb.wdt.pdx.edu"
"znldhr2301","buildingsweb.wdt.pdx.edu"
"znldhr2336","alumniweb.wdt.pdx.edu"
"znldhr2406","exitoweb.wdt.pdx.edu"
"znldhr2431","centerforpublicserviceweb.wdt.pdx.edu"
"znldhr2471","boardweb.wdt.pdx.edu"
"znldhr2596","internationalprogramsweb.wdt.pdx.edu"
"znldhr2616","liberalartssciencesitweb.wdt.pdx.edu"
"znldhr2741","studentleadershipweb.wdt.pdx.edu"
"znldhr2751","studentsustainabilitycenterweb.wdt.pdx.edu"
"znldhr2781","transportationresearchweb.wdt.pdx.edu"
"znldhr2826","youthmentoringweb.wdt.pdx.edu"
"znldhr2991","foodcartsweb.wdt.pdx.edu"
"znldhr3021","facultysenateweb.wdt.pdx.edu"
"znldhr3046","instituteonagingweb.wdt.pdx.edu"
"znldhr3051","digitalcityweb.wdt.pdx.edu"
"znldhr3081","internationalscholarsweb.wdt.pdx.edu"
"znldhr3096","museumofartweb.wdt.pdx.edu"
"znldhr3101","riskweb.wdt.pdx.edu"
"znldhr3146","researchexperienceweb.wdt.pdx.edu"
"znldhr3181","sustainabilityweb.wdt.pdx.edu"
"znldhr3211","triostudentsupportservicesweb.wdt.pdx.edu"
"znldhr3251","realestateweb.wdt.pdx.edu"
"znldhr3261","populationresearchweb.wdt.pdx.edu"
"znldhr3276","instititutenaturalresourcesweb.wdt.pdx.edu"
"znldhr3306","metropolitanstudiesweb.wdt.pdx.edu"
"znldhr3321","heroinesweb.wdt.pdx.edu"
"znldhr3331","researchbaseddesignweb.wdt.pdx.edu"
"znldhr3386","institutionalassessmentcouncilweb.wdt.pdx.edu"
"znldhr3396","diversityweb.wdt.pdx.edu"
"znldhr3411","podrabskylabweb.wdt.pdx.edu"
"znldhr3416","policyconsensuscenterweb.wdt.pdx.edu"
"znldhr3421","planningcontructionrealestateweb.wdt.pdx.edu"
"znldhr3431","trioprecollegeweb.wdt.pdx.edu"
"znldhr3436","tribalgovernmentweb.wdt.pdx.edu"
"znldhr3471","educationcareerdevelopmentweb.wdt.pdx.edu"
"znldhr3486","museumofnaturalhistoryweb.wdt.pdx.edu"
"znldhr3541","challengeprogramweb.wdt.pdx.edu"
"znldhr3566","conferenceseventsweb.wdt.pdx.edu"
"znldhr3581","diversitymulticulturalstudentsweb.wdt.pdx.edu"
"znldhr3756","indigenousnationsstudiesweb.wdt.pdx.edu"
"znldhr3776","studentcommunityengagementweb.wdt.pdx.edu"
"znldhr3801","centerclimateaerosolresearchweb.wdt.pdx.edu"
"znldhr3811","confuciusinstituteweb.wdt.pdx.edu"
"znldhr3861","acceleratorweb.wdt.pdx.edu"
"znldhr3891","fellowshipsweb.wdt.pdx.edu"
"znldhr3896","currentlyweb.wdt.pdx.edu"
"znldhr3901","psumagazineweb.wdt.pdx.edu"
"znldhr3906","microbialecologyweb.wdt.pdx.edu"
"znldhr3936","firepreventionweb.wdt.pdx.edu"
"znldhr3941","landscapeassessmentmappingweb.wdt.pdx.edu"
"znldhr3956","allianceminorityparticipationweb.wdt.pdx.edu"
"znldhr3966","entrepreneurshipweb.wdt.pdx.edu"
"znldhr3976","campusplanningweb.wdt.pdx.edu"
"znldhr3996","earlychildhoodeducationhubweb.wdt.pdx.edu"
"znldhr4001","budgetweb.wdt.pdx.edu"
"znldhr4006","studentsfirstweb.wdt.pdx.edu"
"znldhr4016","womensleadershipcenterweb.wdt.pdx.edu"
"znldhr4021","criminaljusticepolicyresearchweb.wdt.pdx.edu"
"znldhr4041","dreamersweb.wdt.pdx.edu"
"znldhr4051","internationalpartnershipsweb.wdt.pdx.edu"
"znldhr4056","nonprofitinstituteweb.wdt.pdx.edu"
"znldhr4062","nativeamericancenterweb.wdt.pdx.edu"
"znldhr4067","kahnprejudiceresearchlabweb.wdt.pdx.edu"
"znldhr4071","firststopportlandweb.wdt.pdx.edu"
"znldhr4076","vietnamoregoninitiativeweb.wdt.pdx.edu"
"znldhr4081","studentgovernmentweb.wdt.pdx.edu"
"znldhr4196","healthybuildingsweb.wdt.pdx.edu"
"znldhr4211","nanointerfacesweb.wdt.pdx.edu"
"znldhr4216","retirementassociationweb.wdt.pdx.edu"
"znldhr4226","herbariumweb.wdt.pdx.edu"
"znldhr4231","nanodevelopmentlabweb.wdt.pdx.edu"
"znldhr4236","electronmicroscopyweb.wdt.pdx.edu"
"znldhr4256","transportationlabtweb.wdt.pdx.edu"
"znldhr4261","transportationlabweb.wdt.pdx.edu"
"znldhr4276","sustainablefoodsystemsweb.wdt.pdx.edu"
"znldhr4281","materialsmanufacturingresearchweb.wdt.pdx.edu"
"znldhr4286","glaciersweb.wdt.pdx.edu"
"znldhr4291","centerforlakesandreservoirsweb.wdt.pdx.edu"
"znldhr4296","globalengagementweb.wdt.pdx.edu"
"znldhr731","trainingweb.wdt.pdx.edu"
"znldhr781","ondeckweb.wdt.pdx.edu"
"znldhr4331","summerscholarsweb.wdt.pdx.edu"
