"1013370","Ajo","US","(not set)","Arizona","The Southwest","(610) 288-0965","Surprise,Glendale,Goodyear,Buckeye,Litchfield Park,Phoenix,Peoria,Avondale,Carefree,Scottsdale,Tempe,Mesa,Chandler,Phoenix,Gilbert,Apache Junction,Queen Creek,Maricopa,Casa Grande"
"1013371","Alpine","US","(not set)","Arizona","The Southwest","(610) 288-0965","Surprise,Glendale,Goodyear,Buckeye,Litchfield Park,Phoenix,Peoria,Avondale,Carefree,Scottsdale,Tempe,Mesa,Chandler,Phoenix,Gilbert,Apache Junction,Queen Creek,Maricopa,Casa Grande"
"1013372","Amado","US","(not set)","Arizona","The Southwest","(610) 288-0965","Surprise,Glendale,Goodyear,Buckeye,Litchfield Park,Phoenix,Peoria,Avondale,Carefree,Scottsdale,Tempe,Mesa,Chandler,Phoenix,Gilbert,Apache Junction,Queen Creek,Maricopa,Casa Grande"
"1013374","Arizona City","US","(not set)","Arizona","The Southwest","(610) 288-0965","Surprise,Glendale,Goodyear,Buckeye,Litchfield Park,Phoenix,Peoria,Avondale,Carefree,Scottsdale,Tempe,Mesa,Chandler,Phoenix,Gilbert,Apache Junction,Queen Creek,Maricopa,Casa Grande"
"1013375","Ash Fork","US","(not set)","Arizona","The Southwest","(610) 288-0965","Surprise,Glendale,Goodyear,Buckeye,Litchfield Park,Phoenix,Peoria,Avondale,Carefree,Scottsdale,Tempe,Mesa,Chandler,Phoenix,Gilbert,Apache Junction,Queen Creek,Maricopa,Casa Grande"
"1013376","Avondale","US","(not set)","Arizona","The Southwest","(610) 288-0965","Surprise,Glendale,Goodyear,Buckeye,Litchfield Park,Phoenix,Peoria,Avondale,Carefree,Scottsdale,Tempe,Mesa,Chandler,Phoenix,Gilbert,Apache Junction,Queen Creek,Maricopa,Casa Grande"
"1013377","Benson","US","(not set)","Arizona","The Southwest","(610) 288-0965","Surprise,Glendale,Goodyear,Buckeye,Litchfield Park,Phoenix,Peoria,Avondale,Carefree,Scottsdale,Tempe,Mesa,Chandler,Phoenix,Gilbert,Apache Junction,Queen Creek,Maricopa,Casa Grande"
"1013378","Bisbee","US","(not set)","Arizona","The Southwest","(610) 288-0965","Surprise,Glendale,Goodyear,Buckeye,Litchfield Park,Phoenix,Peoria,Avondale,Carefree,Scottsdale,Tempe,Mesa,Chandler,Phoenix,Gilbert,Apache Junction,Queen Creek,Maricopa,Casa Grande"
"1013379","Buckeye","US","(not set)","Arizona","The Southwest","(610) 288-0965","Surprise,Glendale,Goodyear,Buckeye,Litchfield Park,Phoenix,Peoria,Avondale,Carefree,Scottsdale,Tempe,Mesa,Chandler,Phoenix,Gilbert,Apache Junction,Queen Creek,Maricopa,Casa Grande"
"1013380","Bullhead City","US","(not set)","Arizona","The Southwest","(610) 288-0965","Surprise,Glendale,Goodyear,Buckeye,Litchfield Park,Phoenix,Peoria,Avondale,Carefree,Scottsdale,Tempe,Mesa,Chandler,Phoenix,Gilbert,Apache Junction,Queen Creek,Maricopa,Casa Grande"
"1013381","Camp Verde","US","(not set)","Arizona","The Southwest","(610) 288-0965","Surprise,Glendale,Goodyear,Buckeye,Litchfield Park,Phoenix,Peoria,Avondale,Carefree,Scottsdale,Tempe,Mesa,Chandler,Phoenix,Gilbert,Apache Junction,Queen Creek,Maricopa,Casa Grande"
"1013382","Carefree","US","(not set)","Arizona","The Southwest","(610) 288-0965","Surprise,Glendale,Goodyear,Buckeye,Litchfield Park,Phoenix,Peoria,Avondale,Carefree,Scottsdale,Tempe,Mesa,Chandler,Phoenix,Gilbert,Apache Junction,Queen Creek,Maricopa,Casa Grande"
"1013386","Central","US","(not set)","Arizona","The Southwest","(610) 288-0965","Surprise,Glendale,Goodyear,Buckeye,Litchfield Park,Phoenix,Peoria,Avondale,Carefree,Scottsdale,Tempe,Mesa,Chandler,Phoenix,Gilbert,Apache Junction,Queen Creek,Maricopa,Casa Grande"
"1013388","Chinle","US","(not set)","Arizona","The Southwest","(610) 288-0965","Surprise,Glendale,Goodyear,Buckeye,Litchfield Park,Phoenix,Peoria,Avondale,Carefree,Scottsdale,Tempe,Mesa,Chandler,Phoenix,Gilbert,Apache Junction,Queen Creek,Maricopa,Casa Grande"
"1013389","Chino Valley","US","(not set)","Arizona","The Southwest","(610) 288-0965","Surprise,Glendale,Goodyear,Buckeye,Litchfield Park,Phoenix,Peoria,Avondale,Carefree,Scottsdale,Tempe,Mesa,Chandler,Phoenix,Gilbert,Apache Junction,Queen Creek,Maricopa,Casa Grande"
"1013390","Clarkdale","US","(not set)","Arizona","The Southwest","(610) 288-0965","Surprise,Glendale,Goodyear,Buckeye,Litchfield Park,Phoenix,Peoria,Avondale,Carefree,Scottsdale,Tempe,Mesa,Chandler,Phoenix,Gilbert,Apache Junction,Queen Creek,Maricopa,Casa Grande"
"1013391","Clifton","US","(not set)","Arizona","The Southwest","(610) 288-0965","Surprise,Glendale,Goodyear,Buckeye,Litchfield Park,Phoenix,Peoria,Avondale,Carefree,Scottsdale,Tempe,Mesa,Chandler,Phoenix,Gilbert,Apache Junction,Queen Creek,Maricopa,Casa Grande"
"1013392","Cochise","US","(not set)","Arizona","The Southwest","(610) 288-0965","Surprise,Glendale,Goodyear,Buckeye,Litchfield Park,Phoenix,Peoria,Avondale,Carefree,Scottsdale,Tempe,Mesa,Chandler,Phoenix,Gilbert,Apache Junction,Queen Creek,Maricopa,Casa Grande"
"1013393","Colorado City","US","(not set)","Arizona","The Southwest","(610) 288-0965","Surprise,Glendale,Goodyear,Buckeye,Litchfield Park,Phoenix,Peoria,Avondale,Carefree,Scottsdale,Tempe,Mesa,Chandler,Phoenix,Gilbert,Apache Junction,Queen Creek,Maricopa,Casa Grande"
"1013394","Congress","US","(not set)","Arizona","The Southwest","(610) 288-0965","Surprise,Glendale,Goodyear,Buckeye,Litchfield Park,Phoenix,Peoria,Avondale,Carefree,Scottsdale,Tempe,Mesa,Chandler,Phoenix,Gilbert,Apache Junction,Queen Creek,Maricopa,Casa Grande"
"1013396","Cortaro","US","(not set)","Arizona","The Southwest","(610) 288-0965","Surprise,Glendale,Goodyear,Buckeye,Litchfield Park,Phoenix,Peoria,Avondale,Carefree,Scottsdale,Tempe,Mesa,Chandler,Phoenix,Gilbert,Apache Junction,Queen Creek,Maricopa,Casa Grande"
"1013397","Cottonwood","US","(not set)","Arizona","The Southwest","(610) 288-0965","Surprise,Glendale,Goodyear,Buckeye,Litchfield Park,Phoenix,Peoria,Avondale,Carefree,Scottsdale,Tempe,Mesa,Chandler,Phoenix,Gilbert,Apache Junction,Queen Creek,Maricopa,Casa Grande"
"1013398","Dateland","US","(not set)","Arizona","The Southwest","(610) 288-0965","Surprise,Glendale,Goodyear,Buckeye,Litchfield Park,Phoenix,Peoria,Avondale,Carefree,Scottsdale,Tempe,Mesa,Chandler,Phoenix,Gilbert,Apache Junction,Queen Creek,Maricopa,Casa Grande"
"1013399","Dewey","US","(not set)","Arizona","The Southwest","(610) 288-0965","Surprise,Glendale,Goodyear,Buckeye,Litchfield Park,Phoenix,Peoria,Avondale,Carefree,Scottsdale,Tempe,Mesa,Chandler,Phoenix,Gilbert,Apache Junction,Queen Creek,Maricopa,Casa Grande"
"1013400","Douglas","US","(not set)","Arizona","The Southwest","(610) 288-0965","Surprise,Glendale,Goodyear,Buckeye,Litchfield Park,Phoenix,Peoria,Avondale,Carefree,Scottsdale,Tempe,Mesa,Chandler,Phoenix,Gilbert,Apache Junction,Queen Creek,Maricopa,Casa Grande"
"1013401","Duncan","US","(not set)","Arizona","The Southwest","(610) 288-0965","Surprise,Glendale,Goodyear,Buckeye,Litchfield Park,Phoenix,Peoria,Avondale,Carefree,Scottsdale,Tempe,Mesa,Chandler,Phoenix,Gilbert,Apache Junction,Queen Creek,Maricopa,Casa Grande"
"1013402","Ehrenberg","US","(not set)","Arizona","The Southwest","(610) 288-0965","Surprise,Glendale,Goodyear,Buckeye,Litchfield Park,Phoenix,Peoria,Avondale,Carefree,Scottsdale,Tempe,Mesa,Chandler,Phoenix,Gilbert,Apache Junction,Queen Creek,Maricopa,Casa Grande"
"1013403","El Mirage","US","(not set)","Arizona","The Southwest","(610) 288-0965","Surprise,Glendale,Goodyear,Buckeye,Litchfield Park,Phoenix,Peoria,Avondale,Carefree,Scottsdale,Tempe,Mesa,Chandler,Phoenix,Gilbert,Apache Junction,Queen Creek,Maricopa,Casa Grande"
"1013404","Elgin","US","(not set)","Arizona","The Southwest","(610) 288-0965","Surprise,Glendale,Goodyear,Buckeye,Litchfield Park,Phoenix,Peoria,Avondale,Carefree,Scottsdale,Tempe,Mesa,Chandler,Phoenix,Gilbert,Apache Junction,Queen Creek,Maricopa,Casa Grande"
"1013405","Eloy","US","(not set)","Arizona","The Southwest","(610) 288-0965","Surprise,Glendale,Goodyear,Buckeye,Litchfield Park,Phoenix,Peoria,Avondale,Carefree,Scottsdale,Tempe,Mesa,Chandler,Phoenix,Gilbert,Apache Junction,Queen Creek,Maricopa,Casa Grande"
"1013406","Flagstaff","US","(not set)","Arizona","The Southwest","(610) 288-0965","Surprise,Glendale,Goodyear,Buckeye,Litchfield Park,Phoenix,Peoria,Avondale,Carefree,Scottsdale,Tempe,Mesa,Chandler,Phoenix,Gilbert,Apache Junction,Queen Creek,Maricopa,Casa Grande"
"1013409","Fredonia","US","(not set)","Arizona","The Southwest","(610) 288-0965","Surprise,Glendale,Goodyear,Buckeye,Litchfield Park,Phoenix,Peoria,Avondale,Carefree,Scottsdale,Tempe,Mesa,Chandler,Phoenix,Gilbert,Apache Junction,Queen Creek,Maricopa,Casa Grande"
"1013410","Fort Defiance","US","(not set)","Arizona","The Southwest","(610) 288-0965","Surprise,Glendale,Goodyear,Buckeye,Litchfield Park,Phoenix,Peoria,Avondale,Carefree,Scottsdale,Tempe,Mesa,Chandler,Phoenix,Gilbert,Apache Junction,Queen Creek,Maricopa,Casa Grande"
"1013412","Fort Mohave","US","(not set)","Arizona","The Southwest","(610) 288-0965","Surprise,Glendale,Goodyear,Buckeye,Litchfield Park,Phoenix,Peoria,Avondale,Carefree,Scottsdale,Tempe,Mesa,Chandler,Phoenix,Gilbert,Apache Junction,Queen Creek,Maricopa,Casa Grande"
"1013413","Fort Thomas","US","(not set)","Arizona","The Southwest","(610) 288-0965","Surprise,Glendale,Goodyear,Buckeye,Litchfield Park,Phoenix,Peoria,Avondale,Carefree,Scottsdale,Tempe,Mesa,Chandler,Phoenix,Gilbert,Apache Junction,Queen Creek,Maricopa,Casa Grande"
"1013414","Ganado","US","(not set)","Arizona","The Southwest","(610) 288-0965","Surprise,Glendale,Goodyear,Buckeye,Litchfield Park,Phoenix,Peoria,Avondale,Carefree,Scottsdale,Tempe,Mesa,Chandler,Phoenix,Gilbert,Apache Junction,Queen Creek,Maricopa,Casa Grande"
"1013415","Gila Bend","US","(not set)","Arizona","The Southwest","(610) 288-0965","Surprise,Glendale,Goodyear,Buckeye,Litchfield Park,Phoenix,Peoria,Avondale,Carefree,Scottsdale,Tempe,Mesa,Chandler,Phoenix,Gilbert,Apache Junction,Queen Creek,Maricopa,Casa Grande"
"1013418","Globe","US","(not set)","Arizona","The Southwest","(610) 288-0965","Surprise,Glendale,Goodyear,Buckeye,Litchfield Park,Phoenix,Peoria,Avondale,Carefree,Scottsdale,Tempe,Mesa,Chandler,Phoenix,Gilbert,Apache Junction,Queen Creek,Maricopa,Casa Grande"
"1013419","Goodyear","US","(not set)","Arizona","The Southwest","(610) 288-0965","Surprise,Glendale,Goodyear,Buckeye,Litchfield Park,Phoenix,Peoria,Avondale,Carefree,Scottsdale,Tempe,Mesa,Chandler,Phoenix,Gilbert,Apache Junction,Queen Creek,Maricopa,Casa Grande"
"1013421","Green Valley","US","(not set)","Arizona","The Southwest","(610) 288-0965","Surprise,Glendale,Goodyear,Buckeye,Litchfield Park,Phoenix,Peoria,Avondale,Carefree,Scottsdale,Tempe,Mesa,Chandler,Phoenix,Gilbert,Apache Junction,Queen Creek,Maricopa,Casa Grande"
"1013423","Heber","US","(not set)","Arizona","The Southwest","(610) 288-0965","Surprise,Glendale,Goodyear,Buckeye,Litchfield Park,Phoenix,Peoria,Avondale,Carefree,Scottsdale,Tempe,Mesa,Chandler,Phoenix,Gilbert,Apache Junction,Queen Creek,Maricopa,Casa Grande"
"1013424","Higley Pointe","US","(not set)","Arizona","The Southwest","(610) 288-0965","Surprise,Glendale,Goodyear,Buckeye,Litchfield Park,Phoenix,Peoria,Avondale,Carefree,Scottsdale,Tempe,Mesa,Chandler,Phoenix,Gilbert,Apache Junction,Queen Creek,Maricopa,Casa Grande"
"1013425","Holbrook","US","(not set)","Arizona","The Southwest","(610) 288-0965","Surprise,Glendale,Goodyear,Buckeye,Litchfield Park,Phoenix,Peoria,Avondale,Carefree,Scottsdale,Tempe,Mesa,Chandler,Phoenix,Gilbert,Apache Junction,Queen Creek,Maricopa,Casa Grande"
"1013426","Hotevilla-Bacavi","US","(not set)","Arizona","The Southwest","(610) 288-0965","Surprise,Glendale,Goodyear,Buckeye,Litchfield Park,Phoenix,Peoria,Avondale,Carefree,Scottsdale,Tempe,Mesa,Chandler,Phoenix,Gilbert,Apache Junction,Queen Creek,Maricopa,Casa Grande"
"1013427","Joseph City","US","(not set)","Arizona","The Southwest","(610) 288-0965","Surprise,Glendale,Goodyear,Buckeye,Litchfield Park,Phoenix,Peoria,Avondale,Carefree,Scottsdale,Tempe,Mesa,Chandler,Phoenix,Gilbert,Apache Junction,Queen Creek,Maricopa,Casa Grande"
"1013428","Kayenta","US","(not set)","Arizona","The Southwest","(610) 288-0965","Surprise,Glendale,Goodyear,Buckeye,Litchfield Park,Phoenix,Peoria,Avondale,Carefree,Scottsdale,Tempe,Mesa,Chandler,Phoenix,Gilbert,Apache Junction,Queen Creek,Maricopa,Casa Grande"
"1013429","Keams Canyon","US","(not set)","Arizona","The Southwest","(610) 288-0965","Surprise,Glendale,Goodyear,Buckeye,Litchfield Park,Phoenix,Peoria,Avondale,Carefree,Scottsdale,Tempe,Mesa,Chandler,Phoenix,Gilbert,Apache Junction,Queen Creek,Maricopa,Casa Grande"
"1013430","Kearny","US","(not set)","Arizona","The Southwest","(610) 288-0965","Surprise,Glendale,Goodyear,Buckeye,Litchfield Park,Phoenix,Peoria,Avondale,Carefree,Scottsdale,Tempe,Mesa,Chandler,Phoenix,Gilbert,Apache Junction,Queen Creek,Maricopa,Casa Grande"
"1013432","Kykotsmovi Village","US","(not set)","Arizona","The Southwest","(610) 288-0965","Surprise,Glendale,Goodyear,Buckeye,Litchfield Park,Phoenix,Peoria,Avondale,Carefree,Scottsdale,Tempe,Mesa,Chandler,Phoenix,Gilbert,Apache Junction,Queen Creek,Maricopa,Casa Grande"
"1013433","Lake Havasu City","US","(not set)","Arizona","The Southwest","(610) 288-0965","Surprise,Glendale,Goodyear,Buckeye,Litchfield Park,Phoenix,Peoria,Avondale,Carefree,Scottsdale,Tempe,Mesa,Chandler,Phoenix,Gilbert,Apache Junction,Queen Creek,Maricopa,Casa Grande"
"1013434","Lake Montezuma","US","(not set)","Arizona","The Southwest","(610) 288-0965","Surprise,Glendale,Goodyear,Buckeye,Litchfield Park,Phoenix,Peoria,Avondale,Carefree,Scottsdale,Tempe,Mesa,Chandler,Phoenix,Gilbert,Apache Junction,Queen Creek,Maricopa,Casa Grande"
"1013435","Lakeside","US","(not set)","Arizona","The Southwest","(610) 288-0965","Surprise,Glendale,Goodyear,Buckeye,Litchfield Park,Phoenix,Peoria,Avondale,Carefree,Scottsdale,Tempe,Mesa,Chandler,Phoenix,Gilbert,Apache Junction,Queen Creek,Maricopa,Casa Grande"
"1013436","Laveen Village","US","(not set)","Arizona","The Southwest","(610) 288-0965","Surprise,Glendale,Goodyear,Buckeye,Litchfield Park,Phoenix,Peoria,Avondale,Carefree,Scottsdale,Tempe,Mesa,Chandler,Phoenix,Gilbert,Apache Junction,Queen Creek,Maricopa,Casa Grande"
"1013437","Litchfield Park","US","(not set)","Arizona","The Southwest","(610) 288-0965","Surprise,Glendale,Goodyear,Buckeye,Litchfield Park,Phoenix,Peoria,Avondale,Carefree,Scottsdale,Tempe,Mesa,Chandler,Phoenix,Gilbert,Apache Junction,Queen Creek,Maricopa,Casa Grande"
"1013438","Littlefield","US","(not set)","Arizona","The Southwest","(610) 288-0965","Surprise,Glendale,Goodyear,Buckeye,Litchfield Park,Phoenix,Peoria,Avondale,Carefree,Scottsdale,Tempe,Mesa,Chandler,Phoenix,Gilbert,Apache Junction,Queen Creek,Maricopa,Casa Grande"
"1013439","Luke Air Force Base","US","(not set)","Arizona","The Southwest","(610) 288-0965","Surprise,Glendale,Goodyear,Buckeye,Litchfield Park,Phoenix,Peoria,Avondale,Carefree,Scottsdale,Tempe,Mesa,Chandler,Phoenix,Gilbert,Apache Junction,Queen Creek,Maricopa,Casa Grande"
"1013440","Mammoth","US","(not set)","Arizona","The Southwest","(610) 288-0965","Surprise,Glendale,Goodyear,Buckeye,Litchfield Park,Phoenix,Peoria,Avondale,Carefree,Scottsdale,Tempe,Mesa,Chandler,Phoenix,Gilbert,Apache Junction,Queen Creek,Maricopa,Casa Grande"
"1013441","Many Farms","US","(not set)","Arizona","The Southwest","(610) 288-0965","Surprise,Glendale,Goodyear,Buckeye,Litchfield Park,Phoenix,Peoria,Avondale,Carefree,Scottsdale,Tempe,Mesa,Chandler,Phoenix,Gilbert,Apache Junction,Queen Creek,Maricopa,Casa Grande"
"1013442","Marana","US","(not set)","Arizona","The Southwest","(610) 288-0965","Surprise,Glendale,Goodyear,Buckeye,Litchfield Park,Phoenix,Peoria,Avondale,Carefree,Scottsdale,Tempe,Mesa,Chandler,Phoenix,Gilbert,Apache Junction,Queen Creek,Maricopa,Casa Grande"
"1013444","Mayer","US","(not set)","Arizona","The Southwest","(610) 288-0965","Surprise,Glendale,Goodyear,Buckeye,Litchfield Park,Phoenix,Peoria,Avondale,Carefree,Scottsdale,Tempe,Mesa,Chandler,Phoenix,Gilbert,Apache Junction,Queen Creek,Maricopa,Casa Grande"
"1013446","Miami","US","(not set)","Arizona","The Southwest","(610) 288-0965","Surprise,Glendale,Goodyear,Buckeye,Litchfield Park,Phoenix,Peoria,Avondale,Carefree,Scottsdale,Tempe,Mesa,Chandler,Phoenix,Gilbert,Apache Junction,Queen Creek,Maricopa,Casa Grande"
"1013447","Mohave County","US","(not set)","Arizona","The Southwest","(610) 288-0965","Surprise,Glendale,Goodyear,Buckeye,Litchfield Park,Phoenix,Peoria,Avondale,Carefree,Scottsdale,Tempe,Mesa,Chandler,Phoenix,Gilbert,Apache Junction,Queen Creek,Maricopa,Casa Grande"
"1013448","Mohave Valley","US","(not set)","Arizona","The Southwest","(610) 288-0965","Surprise,Glendale,Goodyear,Buckeye,Litchfield Park,Phoenix,Peoria,Avondale,Carefree,Scottsdale,Tempe,Mesa,Chandler,Phoenix,Gilbert,Apache Junction,Queen Creek,Maricopa,Casa Grande"
"1013449","Morenci","US","(not set)","Arizona","The Southwest","(610) 288-0965","Surprise,Glendale,Goodyear,Buckeye,Litchfield Park,Phoenix,Peoria,Avondale,Carefree,Scottsdale,Tempe,Mesa,Chandler,Phoenix,Gilbert,Apache Junction,Queen Creek,Maricopa,Casa Grande"
"1013450","Morristown","US","(not set)","Arizona","The Southwest","(610) 288-0965","Surprise,Glendale,Goodyear,Buckeye,Litchfield Park,Phoenix,Peoria,Avondale,Carefree,Scottsdale,Tempe,Mesa,Chandler,Phoenix,Gilbert,Apache Junction,Queen Creek,Maricopa,Casa Grande"
"1013451","Naco","US","(not set)","Arizona","The Southwest","(610) 288-0965","Surprise,Glendale,Goodyear,Buckeye,Litchfield Park,Phoenix,Peoria,Avondale,Carefree,Scottsdale,Tempe,Mesa,Chandler,Phoenix,Gilbert,Apache Junction,Queen Creek,Maricopa,Casa Grande"
"1013452","New River","US","(not set)","Arizona","The Southwest","(610) 288-0965","Surprise,Glendale,Goodyear,Buckeye,Litchfield Park,Phoenix,Peoria,Avondale,Carefree,Scottsdale,Tempe,Mesa,Chandler,Phoenix,Gilbert,Apache Junction,Queen Creek,Maricopa,Casa Grande"
"1013453","Nogales","US","(not set)","Arizona","The Southwest","(610) 288-0965","Surprise,Glendale,Goodyear,Buckeye,Litchfield Park,Phoenix,Peoria,Avondale,Carefree,Scottsdale,Tempe,Mesa,Chandler,Phoenix,Gilbert,Apache Junction,Queen Creek,Maricopa,Casa Grande"
"1013454","Oracle","US","(not set)","Arizona","The Southwest","(610) 288-0965","Surprise,Glendale,Goodyear,Buckeye,Litchfield Park,Phoenix,Peoria,Avondale,Carefree,Scottsdale,Tempe,Mesa,Chandler,Phoenix,Gilbert,Apache Junction,Queen Creek,Maricopa,Casa Grande"
"1013455","Page","US","(not set)","Arizona","The Southwest","(610) 288-0965","Surprise,Glendale,Goodyear,Buckeye,Litchfield Park,Phoenix,Peoria,Avondale,Carefree,Scottsdale,Tempe,Mesa,Chandler,Phoenix,Gilbert,Apache Junction,Queen Creek,Maricopa,Casa Grande"
"1013456","Palo Verde","US","(not set)","Arizona","The Southwest","(610) 288-0965","Surprise,Glendale,Goodyear,Buckeye,Litchfield Park,Phoenix,Peoria,Avondale,Carefree,Scottsdale,Tempe,Mesa,Chandler,Phoenix,Gilbert,Apache Junction,Queen Creek,Maricopa,Casa Grande"
"1013457","Paradise Valley","US","(not set)","Arizona","The Southwest","(610) 288-0965","Surprise,Glendale,Goodyear,Buckeye,Litchfield Park,Phoenix,Peoria,Avondale,Carefree,Scottsdale,Tempe,Mesa,Chandler,Phoenix,Gilbert,Apache Junction,Queen Creek,Maricopa,Casa Grande"
"1013458","Parker","US","(not set)","Arizona","The Southwest","(610) 288-0965","Surprise,Glendale,Goodyear,Buckeye,Litchfield Park,Phoenix,Peoria,Avondale,Carefree,Scottsdale,Tempe,Mesa,Chandler,Phoenix,Gilbert,Apache Junction,Queen Creek,Maricopa,Casa Grande"
"1013459","Parks","US","(not set)","Arizona","The Southwest","(610) 288-0965","Surprise,Glendale,Goodyear,Buckeye,Litchfield Park,Phoenix,Peoria,Avondale,Carefree,Scottsdale,Tempe,Mesa,Chandler,Phoenix,Gilbert,Apache Junction,Queen Creek,Maricopa,Casa Grande"
"1013463","Pima","US","(not set)","Arizona","The Southwest","(610) 288-0965","Surprise,Glendale,Goodyear,Buckeye,Litchfield Park,Phoenix,Peoria,Avondale,Carefree,Scottsdale,Tempe,Mesa,Chandler,Phoenix,Gilbert,Apache Junction,Queen Creek,Maricopa,Casa Grande"
"1013464","Pinetop","US","(not set)","Arizona","The Southwest","(610) 288-0965","Surprise,Glendale,Goodyear,Buckeye,Litchfield Park,Phoenix,Peoria,Avondale,Carefree,Scottsdale,Tempe,Mesa,Chandler,Phoenix,Gilbert,Apache Junction,Queen Creek,Maricopa,Casa Grande"
"1013465","Poston","US","(not set)","Arizona","The Southwest","(610) 288-0965","Surprise,Glendale,Goodyear,Buckeye,Litchfield Park,Phoenix,Peoria,Avondale,Carefree,Scottsdale,Tempe,Mesa,Chandler,Phoenix,Gilbert,Apache Junction,Queen Creek,Maricopa,Casa Grande"
"1013468","Quartzsite","US","(not set)","Arizona","The Southwest","(610) 288-0965","Surprise,Glendale,Goodyear,Buckeye,Litchfield Park,Phoenix,Peoria,Avondale,Carefree,Scottsdale,Tempe,Mesa,Chandler,Phoenix,Gilbert,Apache Junction,Queen Creek,Maricopa,Casa Grande"
"1013470","Red Rock","US","(not set)","Arizona","The Southwest","(610) 288-0965","Surprise,Glendale,Goodyear,Buckeye,Litchfield Park,Phoenix,Peoria,Avondale,Carefree,Scottsdale,Tempe,Mesa,Chandler,Phoenix,Gilbert,Apache Junction,Queen Creek,Maricopa,Casa Grande"
"1013471","Rio Rico","US","(not set)","Arizona","The Southwest","(610) 288-0965","Surprise,Glendale,Goodyear,Buckeye,Litchfield Park,Phoenix,Peoria,Avondale,Carefree,Scottsdale,Tempe,Mesa,Chandler,Phoenix,Gilbert,Apache Junction,Queen Creek,Maricopa,Casa Grande"
"1013472","Rio Verde","US","(not set)","Arizona","The Southwest","(610) 288-0965","Surprise,Glendale,Goodyear,Buckeye,Litchfield Park,Phoenix,Peoria,Avondale,Carefree,Scottsdale,Tempe,Mesa,Chandler,Phoenix,Gilbert,Apache Junction,Queen Creek,Maricopa,Casa Grande"
"1013473","Sacaton","US","(not set)","Arizona","The Southwest","(610) 288-0965","Surprise,Glendale,Goodyear,Buckeye,Litchfield Park,Phoenix,Peoria,Avondale,Carefree,Scottsdale,Tempe,Mesa,Chandler,Phoenix,Gilbert,Apache Junction,Queen Creek,Maricopa,Casa Grande"
"1013475","Sahuarita","US","(not set)","Arizona","The Southwest","(610) 288-0965","Surprise,Glendale,Goodyear,Buckeye,Litchfield Park,Phoenix,Peoria,Avondale,Carefree,Scottsdale,Tempe,Mesa,Chandler,Phoenix,Gilbert,Apache Junction,Queen Creek,Maricopa,Casa Grande"
"1013476","Salome","US","(not set)","Arizona","The Southwest","(610) 288-0965","Surprise,Glendale,Goodyear,Buckeye,Litchfield Park,Phoenix,Peoria,Avondale,Carefree,Scottsdale,Tempe,Mesa,Chandler,Phoenix,Gilbert,Apache Junction,Queen Creek,Maricopa,Casa Grande"
"1013477","San Carlos","US","(not set)","Arizona","The Southwest","(610) 288-0965","Surprise,Glendale,Goodyear,Buckeye,Litchfield Park,Phoenix,Peoria,Avondale,Carefree,Scottsdale,Tempe,Mesa,Chandler,Phoenix,Gilbert,Apache Junction,Queen Creek,Maricopa,Casa Grande"
"1013478","San Luis","US","(not set)","Arizona","The Southwest","(610) 288-0965","Surprise,Glendale,Goodyear,Buckeye,Litchfield Park,Phoenix,Peoria,Avondale,Carefree,Scottsdale,Tempe,Mesa,Chandler,Phoenix,Gilbert,Apache Junction,Queen Creek,Maricopa,Casa Grande"
"1013479","San Manuel","US","(not set)","Arizona","The Southwest","(610) 288-0965","Surprise,Glendale,Goodyear,Buckeye,Litchfield Park,Phoenix,Peoria,Avondale,Carefree,Scottsdale,Tempe,Mesa,Chandler,Phoenix,Gilbert,Apache Junction,Queen Creek,Maricopa,Casa Grande"
"1013480","San Simon","US","(not set)","Arizona","The Southwest","(610) 288-0965","Surprise,Glendale,Goodyear,Buckeye,Litchfield Park,Phoenix,Peoria,Avondale,Carefree,Scottsdale,Tempe,Mesa,Chandler,Phoenix,Gilbert,Apache Junction,Queen Creek,Maricopa,Casa Grande"
"1013481","Sanders","US","(not set)","Arizona","The Southwest","(610) 288-0965","Surprise,Glendale,Goodyear,Buckeye,Litchfield Park,Phoenix,Peoria,Avondale,Carefree,Scottsdale,Tempe,Mesa,Chandler,Phoenix,Gilbert,Apache Junction,Queen Creek,Maricopa,Casa Grande"
"1013483","Sedona","US","(not set)","Arizona","The Southwest","(610) 288-0965","Surprise,Glendale,Goodyear,Buckeye,Litchfield Park,Phoenix,Peoria,Avondale,Carefree,Scottsdale,Tempe,Mesa,Chandler,Phoenix,Gilbert,Apache Junction,Queen Creek,Maricopa,Casa Grande"
"1013484","Seligman","US","(not set)","Arizona","The Southwest","(610) 288-0965","Surprise,Glendale,Goodyear,Buckeye,Litchfield Park,Phoenix,Peoria,Avondale,Carefree,Scottsdale,Tempe,Mesa,Chandler,Phoenix,Gilbert,Apache Junction,Queen Creek,Maricopa,Casa Grande"
"1013485","Sells","US","(not set)","Arizona","The Southwest","(610) 288-0965","Surprise,Glendale,Goodyear,Buckeye,Litchfield Park,Phoenix,Peoria,Avondale,Carefree,Scottsdale,Tempe,Mesa,Chandler,Phoenix,Gilbert,Apache Junction,Queen Creek,Maricopa,Casa Grande"
"1013486","Show Low","US","(not set)","Arizona","The Southwest","(610) 288-0965","Surprise,Glendale,Goodyear,Buckeye,Litchfield Park,Phoenix,Peoria,Avondale,Carefree,Scottsdale,Tempe,Mesa,Chandler,Phoenix,Gilbert,Apache Junction,Queen Creek,Maricopa,Casa Grande"
"1013487","Sierra Vista","US","(not set)","Arizona","The Southwest","(610) 288-0965","Surprise,Glendale,Goodyear,Buckeye,Litchfield Park,Phoenix,Peoria,Avondale,Carefree,Scottsdale,Tempe,Mesa,Chandler,Phoenix,Gilbert,Apache Junction,Queen Creek,Maricopa,Casa Grande"
"1013488","Skull Valley","US","(not set)","Arizona","The Southwest","(610) 288-0965","Surprise,Glendale,Goodyear,Buckeye,Litchfield Park,Phoenix,Peoria,Avondale,Carefree,Scottsdale,Tempe,Mesa,Chandler,Phoenix,Gilbert,Apache Junction,Queen Creek,Maricopa,Casa Grande"
"1013489","Snowflake","US","(not set)","Arizona","The Southwest","(610) 288-0965","Surprise,Glendale,Goodyear,Buckeye,Litchfield Park,Phoenix,Peoria,Avondale,Carefree,Scottsdale,Tempe,Mesa,Chandler,Phoenix,Gilbert,Apache Junction,Queen Creek,Maricopa,Casa Grande"
"1013490","Solomon","US","(not set)","Arizona","The Southwest","(610) 288-0965","Surprise,Glendale,Goodyear,Buckeye,Litchfield Park,Phoenix,Peoria,Avondale,Carefree,Scottsdale,Tempe,Mesa,Chandler,Phoenix,Gilbert,Apache Junction,Queen Creek,Maricopa,Casa Grande"
"1013491","Somerton","US","(not set)","Arizona","The Southwest","(610) 288-0965","Surprise,Glendale,Goodyear,Buckeye,Litchfield Park,Phoenix,Peoria,Avondale,Carefree,Scottsdale,Tempe,Mesa,Chandler,Phoenix,Gilbert,Apache Junction,Queen Creek,Maricopa,Casa Grande"
"1013493","Saint David","US","(not set)","Arizona","The Southwest","(610) 288-0965","Surprise,Glendale,Goodyear,Buckeye,Litchfield Park,Phoenix,Peoria,Avondale,Carefree,Scottsdale,Tempe,Mesa,Chandler,Phoenix,Gilbert,Apache Junction,Queen Creek,Maricopa,Casa Grande"
"1013494","Saint Johns","US","(not set)","Arizona","The Southwest","(610) 288-0965","Surprise,Glendale,Goodyear,Buckeye,Litchfield Park,Phoenix,Peoria,Avondale,Carefree,Scottsdale,Tempe,Mesa,Chandler,Phoenix,Gilbert,Apache Junction,Queen Creek,Maricopa,Casa Grande"
"1013495","Saint Michaels","US","(not set)","Arizona","The Southwest","(610) 288-0965","Surprise,Glendale,Goodyear,Buckeye,Litchfield Park,Phoenix,Peoria,Avondale,Carefree,Scottsdale,Tempe,Mesa,Chandler,Phoenix,Gilbert,Apache Junction,Queen Creek,Maricopa,Casa Grande"
"1013496","Stanfield","US","(not set)","Arizona","The Southwest","(610) 288-0965","Surprise,Glendale,Goodyear,Buckeye,Litchfield Park,Phoenix,Peoria,Avondale,Carefree,Scottsdale,Tempe,Mesa,Chandler,Phoenix,Gilbert,Apache Junction,Queen Creek,Maricopa,Casa Grande"
"1013499","Superior","US","(not set)","Arizona","The Southwest","(610) 288-0965","Surprise,Glendale,Goodyear,Buckeye,Litchfield Park,Phoenix,Peoria,Avondale,Carefree,Scottsdale,Tempe,Mesa,Chandler,Phoenix,Gilbert,Apache Junction,Queen Creek,Maricopa,Casa Grande"
"1013501","Teec Nos Pos","US","(not set)","Arizona","The Southwest","(610) 288-0965","Surprise,Glendale,Goodyear,Buckeye,Litchfield Park,Phoenix,Peoria,Avondale,Carefree,Scottsdale,Tempe,Mesa,Chandler,Phoenix,Gilbert,Apache Junction,Queen Creek,Maricopa,Casa Grande"
"1013503","Thatcher","US","(not set)","Arizona","The Southwest","(610) 288-0965","Surprise,Glendale,Goodyear,Buckeye,Litchfield Park,Phoenix,Peoria,Avondale,Carefree,Scottsdale,Tempe,Mesa,Chandler,Phoenix,Gilbert,Apache Junction,Queen Creek,Maricopa,Casa Grande"
"1013504","Tolleson","US","(not set)","Arizona","The Southwest","(610) 288-0965","Surprise,Glendale,Goodyear,Buckeye,Litchfield Park,Phoenix,Peoria,Avondale,Carefree,Scottsdale,Tempe,Mesa,Chandler,Phoenix,Gilbert,Apache Junction,Queen Creek,Maricopa,Casa Grande"
"1013505","Tombstone","US","(not set)","Arizona","The Southwest","(610) 288-0965","Surprise,Glendale,Goodyear,Buckeye,Litchfield Park,Phoenix,Peoria,Avondale,Carefree,Scottsdale,Tempe,Mesa,Chandler,Phoenix,Gilbert,Apache Junction,Queen Creek,Maricopa,Casa Grande"
"1013506","Tonopah","US","(not set)","Arizona","The Southwest","(610) 288-0965","Surprise,Glendale,Goodyear,Buckeye,Litchfield Park,Phoenix,Peoria,Avondale,Carefree,Scottsdale,Tempe,Mesa,Chandler,Phoenix,Gilbert,Apache Junction,Queen Creek,Maricopa,Casa Grande"
"1013507","Topawa","US","(not set)","Arizona","The Southwest","(610) 288-0965","Surprise,Glendale,Goodyear,Buckeye,Litchfield Park,Phoenix,Peoria,Avondale,Carefree,Scottsdale,Tempe,Mesa,Chandler,Phoenix,Gilbert,Apache Junction,Queen Creek,Maricopa,Casa Grande"
"1013508","Tuba City","US","(not set)","Arizona","The Southwest","(610) 288-0965","Surprise,Glendale,Goodyear,Buckeye,Litchfield Park,Phoenix,Peoria,Avondale,Carefree,Scottsdale,Tempe,Mesa,Chandler,Phoenix,Gilbert,Apache Junction,Queen Creek,Maricopa,Casa Grande"
"1013510","Vail","US","(not set)","Arizona","The Southwest","(610) 288-0965","Surprise,Glendale,Goodyear,Buckeye,Litchfield Park,Phoenix,Peoria,Avondale,Carefree,Scottsdale,Tempe,Mesa,Chandler,Phoenix,Gilbert,Apache Junction,Queen Creek,Maricopa,Casa Grande"
"1013511","Waddell","US","(not set)","Arizona","The Southwest","(610) 288-0965","Surprise,Glendale,Goodyear,Buckeye,Litchfield Park,Phoenix,Peoria,Avondale,Carefree,Scottsdale,Tempe,Mesa,Chandler,Phoenix,Gilbert,Apache Junction,Queen Creek,Maricopa,Casa Grande"
"1013512","Wellton","US","(not set)","Arizona","The Southwest","(610) 288-0965","Surprise,Glendale,Goodyear,Buckeye,Litchfield Park,Phoenix,Peoria,Avondale,Carefree,Scottsdale,Tempe,Mesa,Chandler,Phoenix,Gilbert,Apache Junction,Queen Creek,Maricopa,Casa Grande"
"1013513","Whiteriver","US","(not set)","Arizona","The Southwest","(610) 288-0965","Surprise,Glendale,Goodyear,Buckeye,Litchfield Park,Phoenix,Peoria,Avondale,Carefree,Scottsdale,Tempe,Mesa,Chandler,Phoenix,Gilbert,Apache Junction,Queen Creek,Maricopa,Casa Grande"
"1013516","Willcox","US","(not set)","Arizona","The Southwest","(610) 288-0965","Surprise,Glendale,Goodyear,Buckeye,Litchfield Park,Phoenix,Peoria,Avondale,Carefree,Scottsdale,Tempe,Mesa,Chandler,Phoenix,Gilbert,Apache Junction,Queen Creek,Maricopa,Casa Grande"
"1013517","Williams","US","(not set)","Arizona","The Southwest","(610) 288-0965","Surprise,Glendale,Goodyear,Buckeye,Litchfield Park,Phoenix,Peoria,Avondale,Carefree,Scottsdale,Tempe,Mesa,Chandler,Phoenix,Gilbert,Apache Junction,Queen Creek,Maricopa,Casa Grande"
"1013518","Window Rock","US","(not set)","Arizona","The Southwest","(610) 288-0965","Surprise,Glendale,Goodyear,Buckeye,Litchfield Park,Phoenix,Peoria,Avondale,Carefree,Scottsdale,Tempe,Mesa,Chandler,Phoenix,Gilbert,Apache Junction,Queen Creek,Maricopa,Casa Grande"
"1013519","Winkelman","US","(not set)","Arizona","The Southwest","(610) 288-0965","Surprise,Glendale,Goodyear,Buckeye,Litchfield Park,Phoenix,Peoria,Avondale,Carefree,Scottsdale,Tempe,Mesa,Chandler,Phoenix,Gilbert,Apache Junction,Queen Creek,Maricopa,Casa Grande"
"1013520","Winslow","US","(not set)","Arizona","The Southwest","(610) 288-0965","Surprise,Glendale,Goodyear,Buckeye,Litchfield Park,Phoenix,Peoria,Avondale,Carefree,Scottsdale,Tempe,Mesa,Chandler,Phoenix,Gilbert,Apache Junction,Queen Creek,Maricopa,Casa Grande"
"1013521","Wittmann","US","(not set)","Arizona","The Southwest","(610) 288-0965","Surprise,Glendale,Goodyear,Buckeye,Litchfield Park,Phoenix,Peoria,Avondale,Carefree,Scottsdale,Tempe,Mesa,Chandler,Phoenix,Gilbert,Apache Junction,Queen Creek,Maricopa,Casa Grande"
"1013522","Youngtown","US","(not set)","Arizona","The Southwest","(610) 288-0965","Surprise,Glendale,Goodyear,Buckeye,Litchfield Park,Phoenix,Peoria,Avondale,Carefree,Scottsdale,Tempe,Mesa,Chandler,Phoenix,Gilbert,Apache Junction,Queen Creek,Maricopa,Casa Grande"
"9030016","Eloy","US","(not set)","Arizona","The Southwest","(610) 288-0965","Surprise,Glendale,Goodyear,Buckeye,Litchfield Park,Phoenix,Peoria,Avondale,Carefree,Scottsdale,Tempe,Mesa,Chandler,Phoenix,Gilbert,Apache Junction,Queen Creek,Maricopa,Casa Grande"
"9030053","Eloy","US","(not set)","Arizona","The Southwest","(610) 288-0965","Surprise,Glendale,Goodyear,Buckeye,Litchfield Park,Phoenix,Peoria,Avondale,Carefree,Scottsdale,Tempe,Mesa,Chandler,Phoenix,Gilbert,Apache Junction,Queen Creek,Maricopa,Casa Grande"
"9030110","Ajo","US","(not set)","Arizona","The Southwest","(610) 288-0965","Surprise,Glendale,Goodyear,Buckeye,Litchfield Park,Phoenix,Peoria,Avondale,Carefree,Scottsdale,Tempe,Mesa,Chandler,Phoenix,Gilbert,Apache Junction,Queen Creek,Maricopa,Casa Grande"
"9030111","Arlington","US","(not set)","Arizona","The Southwest","(610) 288-0965","Surprise,Glendale,Goodyear,Buckeye,Litchfield Park,Phoenix,Peoria,Avondale,Carefree,Scottsdale,Tempe,Mesa,Chandler,Phoenix,Gilbert,Apache Junction,Queen Creek,Maricopa,Casa Grande"
"9030114","Bouse","US","(not set)","Arizona","The Southwest","(610) 288-0965","Surprise,Glendale,Goodyear,Buckeye,Litchfield Park,Phoenix,Peoria,Avondale,Carefree,Scottsdale,Tempe,Mesa,Chandler,Phoenix,Gilbert,Apache Junction,Queen Creek,Maricopa,Casa Grande"
"9030117","Cibola","US","(not set)","Arizona","The Southwest","(610) 288-0965","Surprise,Glendale,Goodyear,Buckeye,Litchfield Park,Phoenix,Peoria,Avondale,Carefree,Scottsdale,Tempe,Mesa,Chandler,Phoenix,Gilbert,Apache Junction,Queen Creek,Maricopa,Casa Grande"
"9030118","Cashion","US","(not set)","Arizona","The Southwest","(610) 288-0965","Surprise,Glendale,Goodyear,Buckeye,Litchfield Park,Phoenix,Peoria,Avondale,Carefree,Scottsdale,Tempe,Mesa,Chandler,Phoenix,Gilbert,Apache Junction,Queen Creek,Maricopa,Casa Grande"
"9030120","Congress","US","(not set)","Arizona","The Southwest","(610) 288-0965","Surprise,Glendale,Goodyear,Buckeye,Litchfield Park,Phoenix,Peoria,Avondale,Carefree,Scottsdale,Tempe,Mesa,Chandler,Phoenix,Gilbert,Apache Junction,Queen Creek,Maricopa,Casa Grande"
"9030121","Dateland","US","(not set)","Arizona","The Southwest","(610) 288-0965","Surprise,Glendale,Goodyear,Buckeye,Litchfield Park,Phoenix,Peoria,Avondale,Carefree,Scottsdale,Tempe,Mesa,Chandler,Phoenix,Gilbert,Apache Junction,Queen Creek,Maricopa,Casa Grande"
"9030122","Ehrenberg","US","(not set)","Arizona","The Southwest","(610) 288-0965","Surprise,Glendale,Goodyear,Buckeye,Litchfield Park,Phoenix,Peoria,Avondale,Carefree,Scottsdale,Tempe,Mesa,Chandler,Phoenix,Gilbert,Apache Junction,Queen Creek,Maricopa,Casa Grande"
"9030124","Gadsden","US","(not set)","Arizona","The Southwest","(610) 288-0965","Surprise,Glendale,Goodyear,Buckeye,Litchfield Park,Phoenix,Peoria,Avondale,Carefree,Scottsdale,Tempe,Mesa,Chandler,Phoenix,Gilbert,Apache Junction,Queen Creek,Maricopa,Casa Grande"
"9030129","Lukeville","US","(not set)","Arizona","The Southwest","(610) 288-0965","Surprise,Glendale,Goodyear,Buckeye,Litchfield Park,Phoenix,Peoria,Avondale,Carefree,Scottsdale,Tempe,Mesa,Chandler,Phoenix,Gilbert,Apache Junction,Queen Creek,Maricopa,Casa Grande"
"9030131","Parker","US","(not set)","Arizona","The Southwest","(610) 288-0965","Surprise,Glendale,Goodyear,Buckeye,Litchfield Park,Phoenix,Peoria,Avondale,Carefree,Scottsdale,Tempe,Mesa,Chandler,Phoenix,Gilbert,Apache Junction,Queen Creek,Maricopa,Casa Grande"
"9030133","Quartzsite","US","(not set)","Arizona","The Southwest","(610) 288-0965","Surprise,Glendale,Goodyear,Buckeye,Litchfield Park,Phoenix,Peoria,Avondale,Carefree,Scottsdale,Tempe,Mesa,Chandler,Phoenix,Gilbert,Apache Junction,Queen Creek,Maricopa,Casa Grande"
"9030134","Roll","US","(not set)","Arizona","The Southwest","(610) 288-0965","Surprise,Glendale,Goodyear,Buckeye,Litchfield Park,Phoenix,Peoria,Avondale,Carefree,Scottsdale,Tempe,Mesa,Chandler,Phoenix,Gilbert,Apache Junction,Queen Creek,Maricopa,Casa Grande"
"9030135","Salome","US","(not set)","Arizona","The Southwest","(610) 288-0965","Surprise,Glendale,Goodyear,Buckeye,Litchfield Park,Phoenix,Peoria,Avondale,Carefree,Scottsdale,Tempe,Mesa,Chandler,Phoenix,Gilbert,Apache Junction,Queen Creek,Maricopa,Casa Grande"
"9030136","San Luis","US","(not set)","Arizona","The Southwest","(610) 288-0965","Surprise,Glendale,Goodyear,Buckeye,Litchfield Park,Phoenix,Peoria,Avondale,Carefree,Scottsdale,Tempe,Mesa,Chandler,Phoenix,Gilbert,Apache Junction,Queen Creek,Maricopa,Casa Grande"
"9030137","Somerton","US","(not set)","Arizona","The Southwest","(610) 288-0965","Surprise,Glendale,Goodyear,Buckeye,Litchfield Park,Phoenix,Peoria,Avondale,Carefree,Scottsdale,Tempe,Mesa,Chandler,Phoenix,Gilbert,Apache Junction,Queen Creek,Maricopa,Casa Grande"
"9030142","Wellton","US","(not set)","Arizona","The Southwest","(610) 288-0965","Surprise,Glendale,Goodyear,Buckeye,Litchfield Park,Phoenix,Peoria,Avondale,Carefree,Scottsdale,Tempe,Mesa,Chandler,Phoenix,Gilbert,Apache Junction,Queen Creek,Maricopa,Casa Grande"
"9030146","Yarnell","US","(not set)","Arizona","The Southwest","(610) 288-0965","Surprise,Glendale,Goodyear,Buckeye,Litchfield Park,Phoenix,Peoria,Avondale,Carefree,Scottsdale,Tempe,Mesa,Chandler,Phoenix,Gilbert,Apache Junction,Queen Creek,Maricopa,Casa Grande"
"9030166","Globe","US","(not set)","Arizona","The Southwest","(610) 288-0965","Surprise,Glendale,Goodyear,Buckeye,Litchfield Park,Phoenix,Peoria,Avondale,Carefree,Scottsdale,Tempe,Mesa,Chandler,Phoenix,Gilbert,Apache Junction,Queen Creek,Maricopa,Casa Grande"
"9030170","Eden","US","(not set)","Arizona","The Southwest","(610) 288-0965","Surprise,Glendale,Goodyear,Buckeye,Litchfield Park,Phoenix,Peoria,Avondale,Carefree,Scottsdale,Tempe,Mesa,Chandler,Phoenix,Gilbert,Apache Junction,Queen Creek,Maricopa,Casa Grande"
"9030172","Miami","US","(not set)","Arizona","The Southwest","(610) 288-0965","Surprise,Glendale,Goodyear,Buckeye,Litchfield Park,Phoenix,Peoria,Avondale,Carefree,Scottsdale,Tempe,Mesa,Chandler,Phoenix,Gilbert,Apache Junction,Queen Creek,Maricopa,Casa Grande"
"9030175","Peridot","US","(not set)","Arizona","The Southwest","(610) 288-0965","Surprise,Glendale,Goodyear,Buckeye,Litchfield Park,Phoenix,Peoria,Avondale,Carefree,Scottsdale,Tempe,Mesa,Chandler,Phoenix,Gilbert,Apache Junction,Queen Creek,Maricopa,Casa Grande"
"9030176","Pima","US","(not set)","Arizona","The Southwest","(610) 288-0965","Surprise,Glendale,Goodyear,Buckeye,Litchfield Park,Phoenix,Peoria,Avondale,Carefree,Scottsdale,Tempe,Mesa,Chandler,Phoenix,Gilbert,Apache Junction,Queen Creek,Maricopa,Casa Grande"
"9030177","Pine","US","(not set)","Arizona","The Southwest","(610) 288-0965","Surprise,Glendale,Goodyear,Buckeye,Litchfield Park,Phoenix,Peoria,Avondale,Carefree,Scottsdale,Tempe,Mesa,Chandler,Phoenix,Gilbert,Apache Junction,Queen Creek,Maricopa,Casa Grande"
"9030180","San Carlos","US","(not set)","Arizona","The Southwest","(610) 288-0965","Surprise,Glendale,Goodyear,Buckeye,Litchfield Park,Phoenix,Peoria,Avondale,Carefree,Scottsdale,Tempe,Mesa,Chandler,Phoenix,Gilbert,Apache Junction,Queen Creek,Maricopa,Casa Grande"
"9030181","Solomon","US","(not set)","Arizona","The Southwest","(610) 288-0965","Surprise,Glendale,Goodyear,Buckeye,Litchfield Park,Phoenix,Peoria,Avondale,Carefree,Scottsdale,Tempe,Mesa,Chandler,Phoenix,Gilbert,Apache Junction,Queen Creek,Maricopa,Casa Grande"
"9030183","Tonto Basin","US","(not set)","Arizona","The Southwest","(610) 288-0965","Surprise,Glendale,Goodyear,Buckeye,Litchfield Park,Phoenix,Peoria,Avondale,Carefree,Scottsdale,Tempe,Mesa,Chandler,Phoenix,Gilbert,Apache Junction,Queen Creek,Maricopa,Casa Grande"
"9030184","Young","US","(not set)","Arizona","The Southwest","(610) 288-0965","Surprise,Glendale,Goodyear,Buckeye,Litchfield Park,Phoenix,Peoria,Avondale,Carefree,Scottsdale,Tempe,Mesa,Chandler,Phoenix,Gilbert,Apache Junction,Queen Creek,Maricopa,Casa Grande"
"9030185","Arivaca","US","(not set)","Arizona","The Southwest","(610) 288-0965","Surprise,Glendale,Goodyear,Buckeye,Litchfield Park,Phoenix,Peoria,Avondale,Carefree,Scottsdale,Tempe,Mesa,Chandler,Phoenix,Gilbert,Apache Junction,Queen Creek,Maricopa,Casa Grande"
"9030189","Cochise","US","(not set)","Arizona","The Southwest","(610) 288-0965","Surprise,Glendale,Goodyear,Buckeye,Litchfield Park,Phoenix,Peoria,Avondale,Carefree,Scottsdale,Tempe,Mesa,Chandler,Phoenix,Gilbert,Apache Junction,Queen Creek,Maricopa,Casa Grande"
"9030191","Douglas","US","(not set)","Arizona","The Southwest","(610) 288-0965","Surprise,Glendale,Goodyear,Buckeye,Litchfield Park,Phoenix,Peoria,Avondale,Carefree,Scottsdale,Tempe,Mesa,Chandler,Phoenix,Gilbert,Apache Junction,Queen Creek,Maricopa,Casa Grande"
"9030192","Dragoon","US","(not set)","Arizona","The Southwest","(610) 288-0965","Surprise,Glendale,Goodyear,Buckeye,Litchfield Park,Phoenix,Peoria,Avondale,Carefree,Scottsdale,Tempe,Mesa,Chandler,Phoenix,Gilbert,Apache Junction,Queen Creek,Maricopa,Casa Grande"
"9030193","Elfrida","US","(not set)","Arizona","The Southwest","(610) 288-0965","Surprise,Glendale,Goodyear,Buckeye,Litchfield Park,Phoenix,Peoria,Avondale,Carefree,Scottsdale,Tempe,Mesa,Chandler,Phoenix,Gilbert,Apache Junction,Queen Creek,Maricopa,Casa Grande"
"9030194","Elgin","US","(not set)","Arizona","The Southwest","(610) 288-0965","Surprise,Glendale,Goodyear,Buckeye,Litchfield Park,Phoenix,Peoria,Avondale,Carefree,Scottsdale,Tempe,Mesa,Chandler,Phoenix,Gilbert,Apache Junction,Queen Creek,Maricopa,Casa Grande"
"9030197","Hereford","US","(not set)","Arizona","The Southwest","(610) 288-0965","Surprise,Glendale,Goodyear,Buckeye,Litchfield Park,Phoenix,Peoria,Avondale,Carefree,Scottsdale,Tempe,Mesa,Chandler,Phoenix,Gilbert,Apache Junction,Queen Creek,Maricopa,Casa Grande"
"9030198","Huachuca City","US","(not set)","Arizona","The Southwest","(610) 288-0965","Surprise,Glendale,Goodyear,Buckeye,Litchfield Park,Phoenix,Peoria,Avondale,Carefree,Scottsdale,Tempe,Mesa,Chandler,Phoenix,Gilbert,Apache Junction,Queen Creek,Maricopa,Casa Grande"
"9030199","Mc Neal","US","(not set)","Arizona","The Southwest","(610) 288-0965","Surprise,Glendale,Goodyear,Buckeye,Litchfield Park,Phoenix,Peoria,Avondale,Carefree,Scottsdale,Tempe,Mesa,Chandler,Phoenix,Gilbert,Apache Junction,Queen Creek,Maricopa,Casa Grande"
"9030200","Mammoth","US","(not set)","Arizona","The Southwest","(610) 288-0965","Surprise,Glendale,Goodyear,Buckeye,Litchfield Park,Phoenix,Peoria,Avondale,Carefree,Scottsdale,Tempe,Mesa,Chandler,Phoenix,Gilbert,Apache Junction,Queen Creek,Maricopa,Casa Grande"
"9030201","Mount Lemmon","US","(not set)","Arizona","The Southwest","(610) 288-0965","Surprise,Glendale,Goodyear,Buckeye,Litchfield Park,Phoenix,Peoria,Avondale,Carefree,Scottsdale,Tempe,Mesa,Chandler,Phoenix,Gilbert,Apache Junction,Queen Creek,Maricopa,Casa Grande"
"9030202","Naco","US","(not set)","Arizona","The Southwest","(610) 288-0965","Surprise,Glendale,Goodyear,Buckeye,Litchfield Park,Phoenix,Peoria,Avondale,Carefree,Scottsdale,Tempe,Mesa,Chandler,Phoenix,Gilbert,Apache Junction,Queen Creek,Maricopa,Casa Grande"
"9030205","Oracle","US","(not set)","Arizona","The Southwest","(610) 288-0965","Surprise,Glendale,Goodyear,Buckeye,Litchfield Park,Phoenix,Peoria,Avondale,Carefree,Scottsdale,Tempe,Mesa,Chandler,Phoenix,Gilbert,Apache Junction,Queen Creek,Maricopa,Casa Grande"
"9030206","Patagonia","US","(not set)","Arizona","The Southwest","(610) 288-0965","Surprise,Glendale,Goodyear,Buckeye,Litchfield Park,Phoenix,Peoria,Avondale,Carefree,Scottsdale,Tempe,Mesa,Chandler,Phoenix,Gilbert,Apache Junction,Queen Creek,Maricopa,Casa Grande"
"9030207","Pearce","US","(not set)","Arizona","The Southwest","(610) 288-0965","Surprise,Glendale,Goodyear,Buckeye,Litchfield Park,Phoenix,Peoria,Avondale,Carefree,Scottsdale,Tempe,Mesa,Chandler,Phoenix,Gilbert,Apache Junction,Queen Creek,Maricopa,Casa Grande"
"9030208","Pirtleville","US","(not set)","Arizona","The Southwest","(610) 288-0965","Surprise,Glendale,Goodyear,Buckeye,Litchfield Park,Phoenix,Peoria,Avondale,Carefree,Scottsdale,Tempe,Mesa,Chandler,Phoenix,Gilbert,Apache Junction,Queen Creek,Maricopa,Casa Grande"
"9030210","Saint David","US","(not set)","Arizona","The Southwest","(610) 288-0965","Surprise,Glendale,Goodyear,Buckeye,Litchfield Park,Phoenix,Peoria,Avondale,Carefree,Scottsdale,Tempe,Mesa,Chandler,Phoenix,Gilbert,Apache Junction,Queen Creek,Maricopa,Casa Grande"
"9030211","San Manuel","US","(not set)","Arizona","The Southwest","(610) 288-0965","Surprise,Glendale,Goodyear,Buckeye,Litchfield Park,Phoenix,Peoria,Avondale,Carefree,Scottsdale,Tempe,Mesa,Chandler,Phoenix,Gilbert,Apache Junction,Queen Creek,Maricopa,Casa Grande"
"9030212","San Simon","US","(not set)","Arizona","The Southwest","(610) 288-0965","Surprise,Glendale,Goodyear,Buckeye,Litchfield Park,Phoenix,Peoria,Avondale,Carefree,Scottsdale,Tempe,Mesa,Chandler,Phoenix,Gilbert,Apache Junction,Queen Creek,Maricopa,Casa Grande"
"9030213","Sasabe","US","(not set)","Arizona","The Southwest","(610) 288-0965","Surprise,Glendale,Goodyear,Buckeye,Litchfield Park,Phoenix,Peoria,Avondale,Carefree,Scottsdale,Tempe,Mesa,Chandler,Phoenix,Gilbert,Apache Junction,Queen Creek,Maricopa,Casa Grande"
"9030216","Sonoita","US","(not set)","Arizona","The Southwest","(610) 288-0965","Surprise,Glendale,Goodyear,Buckeye,Litchfield Park,Phoenix,Peoria,Avondale,Carefree,Scottsdale,Tempe,Mesa,Chandler,Phoenix,Gilbert,Apache Junction,Queen Creek,Maricopa,Casa Grande"
"9030217","Tombstone","US","(not set)","Arizona","The Southwest","(610) 288-0965","Surprise,Glendale,Goodyear,Buckeye,Litchfield Park,Phoenix,Peoria,Avondale,Carefree,Scottsdale,Tempe,Mesa,Chandler,Phoenix,Gilbert,Apache Junction,Queen Creek,Maricopa,Casa Grande"
"9030218","Topawa","US","(not set)","Arizona","The Southwest","(610) 288-0965","Surprise,Glendale,Goodyear,Buckeye,Litchfield Park,Phoenix,Peoria,Avondale,Carefree,Scottsdale,Tempe,Mesa,Chandler,Phoenix,Gilbert,Apache Junction,Queen Creek,Maricopa,Casa Grande"
"9030219","Tumacacori","US","(not set)","Arizona","The Southwest","(610) 288-0965","Surprise,Glendale,Goodyear,Buckeye,Litchfield Park,Phoenix,Peoria,Avondale,Carefree,Scottsdale,Tempe,Mesa,Chandler,Phoenix,Gilbert,Apache Junction,Queen Creek,Maricopa,Casa Grande"
"9030222","Amado","US","(not set)","Arizona","The Southwest","(610) 288-0965","Surprise,Glendale,Goodyear,Buckeye,Litchfield Park,Phoenix,Peoria,Avondale,Carefree,Scottsdale,Tempe,Mesa,Chandler,Phoenix,Gilbert,Apache Junction,Queen Creek,Maricopa,Casa Grande"
"9030224","Rio Rico","US","(not set)","Arizona","The Southwest","(610) 288-0965","Surprise,Glendale,Goodyear,Buckeye,Litchfield Park,Phoenix,Peoria,Avondale,Carefree,Scottsdale,Tempe,Mesa,Chandler,Phoenix,Gilbert,Apache Junction,Queen Creek,Maricopa,Casa Grande"
"9030225","Sierra Vista","US","(not set)","Arizona","The Southwest","(610) 288-0965","Surprise,Glendale,Goodyear,Buckeye,Litchfield Park,Phoenix,Peoria,Avondale,Carefree,Scottsdale,Tempe,Mesa,Chandler,Phoenix,Gilbert,Apache Junction,Queen Creek,Maricopa,Casa Grande"
"9030266","Show Low","US","(not set)","Arizona","The Southwest","(610) 288-0965","Surprise,Glendale,Goodyear,Buckeye,Litchfield Park,Phoenix,Peoria,Avondale,Carefree,Scottsdale,Tempe,Mesa,Chandler,Phoenix,Gilbert,Apache Junction,Queen Creek,Maricopa,Casa Grande"
"9030267","Cibecue","US","(not set)","Arizona","The Southwest","(610) 288-0965","Surprise,Glendale,Goodyear,Buckeye,Litchfield Park,Phoenix,Peoria,Avondale,Carefree,Scottsdale,Tempe,Mesa,Chandler,Phoenix,Gilbert,Apache Junction,Queen Creek,Maricopa,Casa Grande"
"9030268","Alpine","US","(not set)","Arizona","The Southwest","(610) 288-0965","Surprise,Glendale,Goodyear,Buckeye,Litchfield Park,Phoenix,Peoria,Avondale,Carefree,Scottsdale,Tempe,Mesa,Chandler,Phoenix,Gilbert,Apache Junction,Queen Creek,Maricopa,Casa Grande"
"9030269","Blue","US","(not set)","Arizona","The Southwest","(610) 288-0965","Surprise,Glendale,Goodyear,Buckeye,Litchfield Park,Phoenix,Peoria,Avondale,Carefree,Scottsdale,Tempe,Mesa,Chandler,Phoenix,Gilbert,Apache Junction,Queen Creek,Maricopa,Casa Grande"
"9030270","Concho","US","(not set)","Arizona","The Southwest","(610) 288-0965","Surprise,Glendale,Goodyear,Buckeye,Litchfield Park,Phoenix,Peoria,Avondale,Carefree,Scottsdale,Tempe,Mesa,Chandler,Phoenix,Gilbert,Apache Junction,Queen Creek,Maricopa,Casa Grande"
"9030271","Eagar","US","(not set)","Arizona","The Southwest","(610) 288-0965","Surprise,Glendale,Goodyear,Buckeye,Litchfield Park,Phoenix,Peoria,Avondale,Carefree,Scottsdale,Tempe,Mesa,Chandler,Phoenix,Gilbert,Apache Junction,Queen Creek,Maricopa,Casa Grande"
"9030272","Fort Apache","US","(not set)","Arizona","The Southwest","(610) 288-0965","Surprise,Glendale,Goodyear,Buckeye,Litchfield Park,Phoenix,Peoria,Avondale,Carefree,Scottsdale,Tempe,Mesa,Chandler,Phoenix,Gilbert,Apache Junction,Queen Creek,Maricopa,Casa Grande"
"9030273","Greer","US","(not set)","Arizona","The Southwest","(610) 288-0965","Surprise,Glendale,Goodyear,Buckeye,Litchfield Park,Phoenix,Peoria,Avondale,Carefree,Scottsdale,Tempe,Mesa,Chandler,Phoenix,Gilbert,Apache Junction,Queen Creek,Maricopa,Casa Grande"
"9030274","Heber","US","(not set)","Arizona","The Southwest","(610) 288-0965","Surprise,Glendale,Goodyear,Buckeye,Litchfield Park,Phoenix,Peoria,Avondale,Carefree,Scottsdale,Tempe,Mesa,Chandler,Phoenix,Gilbert,Apache Junction,Queen Creek,Maricopa,Casa Grande"
"9030275","Lakeside","US","(not set)","Arizona","The Southwest","(610) 288-0965","Surprise,Glendale,Goodyear,Buckeye,Litchfield Park,Phoenix,Peoria,Avondale,Carefree,Scottsdale,Tempe,Mesa,Chandler,Phoenix,Gilbert,Apache Junction,Queen Creek,Maricopa,Casa Grande"
"9030276","Mcnary","US","(not set)","Arizona","The Southwest","(610) 288-0965","Surprise,Glendale,Goodyear,Buckeye,Litchfield Park,Phoenix,Peoria,Avondale,Carefree,Scottsdale,Tempe,Mesa,Chandler,Phoenix,Gilbert,Apache Junction,Queen Creek,Maricopa,Casa Grande"
"9030277","Forest Lakes","US","(not set)","Arizona","The Southwest","(610) 288-0965","Surprise,Glendale,Goodyear,Buckeye,Litchfield Park,Phoenix,Peoria,Avondale,Carefree,Scottsdale,Tempe,Mesa,Chandler,Phoenix,Gilbert,Apache Junction,Queen Creek,Maricopa,Casa Grande"
"9030278","Nutrioso","US","(not set)","Arizona","The Southwest","(610) 288-0965","Surprise,Glendale,Goodyear,Buckeye,Litchfield Park,Phoenix,Peoria,Avondale,Carefree,Scottsdale,Tempe,Mesa,Chandler,Phoenix,Gilbert,Apache Junction,Queen Creek,Maricopa,Casa Grande"
"9030279","Overgaard","US","(not set)","Arizona","The Southwest","(610) 288-0965","Surprise,Glendale,Goodyear,Buckeye,Litchfield Park,Phoenix,Peoria,Avondale,Carefree,Scottsdale,Tempe,Mesa,Chandler,Phoenix,Gilbert,Apache Junction,Queen Creek,Maricopa,Casa Grande"
"9030281","Pinetop","US","(not set)","Arizona","The Southwest","(610) 288-0965","Surprise,Glendale,Goodyear,Buckeye,Litchfield Park,Phoenix,Peoria,Avondale,Carefree,Scottsdale,Tempe,Mesa,Chandler,Phoenix,Gilbert,Apache Junction,Queen Creek,Maricopa,Casa Grande"
"9030282","Saint Johns","US","(not set)","Arizona","The Southwest","(610) 288-0965","Surprise,Glendale,Goodyear,Buckeye,Litchfield Park,Phoenix,Peoria,Avondale,Carefree,Scottsdale,Tempe,Mesa,Chandler,Phoenix,Gilbert,Apache Junction,Queen Creek,Maricopa,Casa Grande"
"9030283","Snowflake","US","(not set)","Arizona","The Southwest","(610) 288-0965","Surprise,Glendale,Goodyear,Buckeye,Litchfield Park,Phoenix,Peoria,Avondale,Carefree,Scottsdale,Tempe,Mesa,Chandler,Phoenix,Gilbert,Apache Junction,Queen Creek,Maricopa,Casa Grande"
"9030285","Taylor","US","(not set)","Arizona","The Southwest","(610) 288-0965","Surprise,Glendale,Goodyear,Buckeye,Litchfield Park,Phoenix,Peoria,Avondale,Carefree,Scottsdale,Tempe,Mesa,Chandler,Phoenix,Gilbert,Apache Junction,Queen Creek,Maricopa,Casa Grande"
"9030286","Vernon","US","(not set)","Arizona","The Southwest","(610) 288-0965","Surprise,Glendale,Goodyear,Buckeye,Litchfield Park,Phoenix,Peoria,Avondale,Carefree,Scottsdale,Tempe,Mesa,Chandler,Phoenix,Gilbert,Apache Junction,Queen Creek,Maricopa,Casa Grande"
"9030287","Whiteriver","US","(not set)","Arizona","The Southwest","(610) 288-0965","Surprise,Glendale,Goodyear,Buckeye,Litchfield Park,Phoenix,Peoria,Avondale,Carefree,Scottsdale,Tempe,Mesa,Chandler,Phoenix,Gilbert,Apache Junction,Queen Creek,Maricopa,Casa Grande"
"9030288","Woodruff","US","(not set)","Arizona","The Southwest","(610) 288-0965","Surprise,Glendale,Goodyear,Buckeye,Litchfield Park,Phoenix,Peoria,Avondale,Carefree,Scottsdale,Tempe,Mesa,Chandler,Phoenix,Gilbert,Apache Junction,Queen Creek,Maricopa,Casa Grande"
"9030289","Flagstaff","US","(not set)","Arizona","The Southwest","(610) 288-0965","Surprise,Glendale,Goodyear,Buckeye,Litchfield Park,Phoenix,Peoria,Avondale,Carefree,Scottsdale,Tempe,Mesa,Chandler,Phoenix,Gilbert,Apache Junction,Queen Creek,Maricopa,Casa Grande"
"9030291","Flagstaff","US","(not set)","Arizona","The Southwest","(610) 288-0965","Surprise,Glendale,Goodyear,Buckeye,Litchfield Park,Phoenix,Peoria,Avondale,Carefree,Scottsdale,Tempe,Mesa,Chandler,Phoenix,Gilbert,Apache Junction,Queen Creek,Maricopa,Casa Grande"
"9030292","Flagstaff","US","(not set)","Arizona","The Southwest","(610) 288-0965","Surprise,Glendale,Goodyear,Buckeye,Litchfield Park,Phoenix,Peoria,Avondale,Carefree,Scottsdale,Tempe,Mesa,Chandler,Phoenix,Gilbert,Apache Junction,Queen Creek,Maricopa,Casa Grande"
"9030293","Bellemont","US","(not set)","Arizona","The Southwest","(610) 288-0965","Surprise,Glendale,Goodyear,Buckeye,Litchfield Park,Phoenix,Peoria,Avondale,Carefree,Scottsdale,Tempe,Mesa,Chandler,Phoenix,Gilbert,Apache Junction,Queen Creek,Maricopa,Casa Grande"
"9030294","Gray Mountain","US","(not set)","Arizona","The Southwest","(610) 288-0965","Surprise,Glendale,Goodyear,Buckeye,Litchfield Park,Phoenix,Peoria,Avondale,Carefree,Scottsdale,Tempe,Mesa,Chandler,Phoenix,Gilbert,Apache Junction,Queen Creek,Maricopa,Casa Grande"
"9030295","Munds Park","US","(not set)","Arizona","The Southwest","(610) 288-0965","Surprise,Glendale,Goodyear,Buckeye,Litchfield Park,Phoenix,Peoria,Avondale,Carefree,Scottsdale,Tempe,Mesa,Chandler,Phoenix,Gilbert,Apache Junction,Queen Creek,Maricopa,Casa Grande"
"9030296","Parks","US","(not set)","Arizona","The Southwest","(610) 288-0965","Surprise,Glendale,Goodyear,Buckeye,Litchfield Park,Phoenix,Peoria,Avondale,Carefree,Scottsdale,Tempe,Mesa,Chandler,Phoenix,Gilbert,Apache Junction,Queen Creek,Maricopa,Casa Grande"
"9030297","Cameron","US","(not set)","Arizona","The Southwest","(610) 288-0965","Surprise,Glendale,Goodyear,Buckeye,Litchfield Park,Phoenix,Peoria,Avondale,Carefree,Scottsdale,Tempe,Mesa,Chandler,Phoenix,Gilbert,Apache Junction,Queen Creek,Maricopa,Casa Grande"
"9030298","Colorado City","US","(not set)","Arizona","The Southwest","(610) 288-0965","Surprise,Glendale,Goodyear,Buckeye,Litchfield Park,Phoenix,Peoria,Avondale,Carefree,Scottsdale,Tempe,Mesa,Chandler,Phoenix,Gilbert,Apache Junction,Queen Creek,Maricopa,Casa Grande"
"9030299","Fredonia","US","(not set)","Arizona","The Southwest","(610) 288-0965","Surprise,Glendale,Goodyear,Buckeye,Litchfield Park,Phoenix,Peoria,Avondale,Carefree,Scottsdale,Tempe,Mesa,Chandler,Phoenix,Gilbert,Apache Junction,Queen Creek,Maricopa,Casa Grande"
"9030300","Grand Canyon","US","(not set)","Arizona","The Southwest","(610) 288-0965","Surprise,Glendale,Goodyear,Buckeye,Litchfield Park,Phoenix,Peoria,Avondale,Carefree,Scottsdale,Tempe,Mesa,Chandler,Phoenix,Gilbert,Apache Junction,Queen Creek,Maricopa,Casa Grande"
"9030301","Happy Jack","US","(not set)","Arizona","The Southwest","(610) 288-0965","Surprise,Glendale,Goodyear,Buckeye,Litchfield Park,Phoenix,Peoria,Avondale,Carefree,Scottsdale,Tempe,Mesa,Chandler,Phoenix,Gilbert,Apache Junction,Queen Creek,Maricopa,Casa Grande"
"9030302","Holbrook","US","(not set)","Arizona","The Southwest","(610) 288-0965","Surprise,Glendale,Goodyear,Buckeye,Litchfield Park,Phoenix,Peoria,Avondale,Carefree,Scottsdale,Tempe,Mesa,Chandler,Phoenix,Gilbert,Apache Junction,Queen Creek,Maricopa,Casa Grande"
"9030303","Hotevilla","US","(not set)","Arizona","The Southwest","(610) 288-0965","Surprise,Glendale,Goodyear,Buckeye,Litchfield Park,Phoenix,Peoria,Avondale,Carefree,Scottsdale,Tempe,Mesa,Chandler,Phoenix,Gilbert,Apache Junction,Queen Creek,Maricopa,Casa Grande"
"9030304","Indian Wells","US","(not set)","Arizona","The Southwest","(610) 288-0965","Surprise,Glendale,Goodyear,Buckeye,Litchfield Park,Phoenix,Peoria,Avondale,Carefree,Scottsdale,Tempe,Mesa,Chandler,Phoenix,Gilbert,Apache Junction,Queen Creek,Maricopa,Casa Grande"
"9030305","Joseph City","US","(not set)","Arizona","The Southwest","(610) 288-0965","Surprise,Glendale,Goodyear,Buckeye,Litchfield Park,Phoenix,Peoria,Avondale,Carefree,Scottsdale,Tempe,Mesa,Chandler,Phoenix,Gilbert,Apache Junction,Queen Creek,Maricopa,Casa Grande"
"9030306","Kayenta","US","(not set)","Arizona","The Southwest","(610) 288-0965","Surprise,Glendale,Goodyear,Buckeye,Litchfield Park,Phoenix,Peoria,Avondale,Carefree,Scottsdale,Tempe,Mesa,Chandler,Phoenix,Gilbert,Apache Junction,Queen Creek,Maricopa,Casa Grande"
"9030307","Keams Canyon","US","(not set)","Arizona","The Southwest","(610) 288-0965","Surprise,Glendale,Goodyear,Buckeye,Litchfield Park,Phoenix,Peoria,Avondale,Carefree,Scottsdale,Tempe,Mesa,Chandler,Phoenix,Gilbert,Apache Junction,Queen Creek,Maricopa,Casa Grande"
"9030308","Leupp","US","(not set)","Arizona","The Southwest","(610) 288-0965","Surprise,Glendale,Goodyear,Buckeye,Litchfield Park,Phoenix,Peoria,Avondale,Carefree,Scottsdale,Tempe,Mesa,Chandler,Phoenix,Gilbert,Apache Junction,Queen Creek,Maricopa,Casa Grande"
"9030309","Marble Canyon","US","(not set)","Arizona","The Southwest","(610) 288-0965","Surprise,Glendale,Goodyear,Buckeye,Litchfield Park,Phoenix,Peoria,Avondale,Carefree,Scottsdale,Tempe,Mesa,Chandler,Phoenix,Gilbert,Apache Junction,Queen Creek,Maricopa,Casa Grande"
"9030310","Mormon Lake","US","(not set)","Arizona","The Southwest","(610) 288-0965","Surprise,Glendale,Goodyear,Buckeye,Litchfield Park,Phoenix,Peoria,Avondale,Carefree,Scottsdale,Tempe,Mesa,Chandler,Phoenix,Gilbert,Apache Junction,Queen Creek,Maricopa,Casa Grande"
"9030311","Kykotsmovi Village","US","(not set)","Arizona","The Southwest","(610) 288-0965","Surprise,Glendale,Goodyear,Buckeye,Litchfield Park,Phoenix,Peoria,Avondale,Carefree,Scottsdale,Tempe,Mesa,Chandler,Phoenix,Gilbert,Apache Junction,Queen Creek,Maricopa,Casa Grande"
"9030312","Page","US","(not set)","Arizona","The Southwest","(610) 288-0965","Surprise,Glendale,Goodyear,Buckeye,Litchfield Park,Phoenix,Peoria,Avondale,Carefree,Scottsdale,Tempe,Mesa,Chandler,Phoenix,Gilbert,Apache Junction,Queen Creek,Maricopa,Casa Grande"
"9030313","Polacca","US","(not set)","Arizona","The Southwest","(610) 288-0965","Surprise,Glendale,Goodyear,Buckeye,Litchfield Park,Phoenix,Peoria,Avondale,Carefree,Scottsdale,Tempe,Mesa,Chandler,Phoenix,Gilbert,Apache Junction,Queen Creek,Maricopa,Casa Grande"
"9030314","Second Mesa","US","(not set)","Arizona","The Southwest","(610) 288-0965","Surprise,Glendale,Goodyear,Buckeye,Litchfield Park,Phoenix,Peoria,Avondale,Carefree,Scottsdale,Tempe,Mesa,Chandler,Phoenix,Gilbert,Apache Junction,Queen Creek,Maricopa,Casa Grande"
"9030315","Tonalea","US","(not set)","Arizona","The Southwest","(610) 288-0965","Surprise,Glendale,Goodyear,Buckeye,Litchfield Park,Phoenix,Peoria,Avondale,Carefree,Scottsdale,Tempe,Mesa,Chandler,Phoenix,Gilbert,Apache Junction,Queen Creek,Maricopa,Casa Grande"
"9030316","Tuba City","US","(not set)","Arizona","The Southwest","(610) 288-0965","Surprise,Glendale,Goodyear,Buckeye,Litchfield Park,Phoenix,Peoria,Avondale,Carefree,Scottsdale,Tempe,Mesa,Chandler,Phoenix,Gilbert,Apache Junction,Queen Creek,Maricopa,Casa Grande"
"9030317","Williams","US","(not set)","Arizona","The Southwest","(610) 288-0965","Surprise,Glendale,Goodyear,Buckeye,Litchfield Park,Phoenix,Peoria,Avondale,Carefree,Scottsdale,Tempe,Mesa,Chandler,Phoenix,Gilbert,Apache Junction,Queen Creek,Maricopa,Casa Grande"
"9030318","Winslow","US","(not set)","Arizona","The Southwest","(610) 288-0965","Surprise,Glendale,Goodyear,Buckeye,Litchfield Park,Phoenix,Peoria,Avondale,Carefree,Scottsdale,Tempe,Mesa,Chandler,Phoenix,Gilbert,Apache Junction,Queen Creek,Maricopa,Casa Grande"
"9030319","North Rim","US","(not set)","Arizona","The Southwest","(610) 288-0965","Surprise,Glendale,Goodyear,Buckeye,Litchfield Park,Phoenix,Peoria,Avondale,Carefree,Scottsdale,Tempe,Mesa,Chandler,Phoenix,Gilbert,Apache Junction,Queen Creek,Maricopa,Casa Grande"
"9030320","Kaibeto","US","(not set)","Arizona","The Southwest","(610) 288-0965","Surprise,Glendale,Goodyear,Buckeye,Litchfield Park,Phoenix,Peoria,Avondale,Carefree,Scottsdale,Tempe,Mesa,Chandler,Phoenix,Gilbert,Apache Junction,Queen Creek,Maricopa,Casa Grande"
"9030321","Shonto","US","(not set)","Arizona","The Southwest","(610) 288-0965","Surprise,Glendale,Goodyear,Buckeye,Litchfield Park,Phoenix,Peoria,Avondale,Carefree,Scottsdale,Tempe,Mesa,Chandler,Phoenix,Gilbert,Apache Junction,Queen Creek,Maricopa,Casa Grande"
"9030329","Ash Fork","US","(not set)","Arizona","The Southwest","(610) 288-0965","Surprise,Glendale,Goodyear,Buckeye,Litchfield Park,Phoenix,Peoria,Avondale,Carefree,Scottsdale,Tempe,Mesa,Chandler,Phoenix,Gilbert,Apache Junction,Queen Creek,Maricopa,Casa Grande"
"9030330","Bagdad","US","(not set)","Arizona","The Southwest","(610) 288-0965","Surprise,Glendale,Goodyear,Buckeye,Litchfield Park,Phoenix,Peoria,Avondale,Carefree,Scottsdale,Tempe,Mesa,Chandler,Phoenix,Gilbert,Apache Junction,Queen Creek,Maricopa,Casa Grande"
"9030331","Camp Verde","US","(not set)","Arizona","The Southwest","(610) 288-0965","Surprise,Glendale,Goodyear,Buckeye,Litchfield Park,Phoenix,Peoria,Avondale,Carefree,Scottsdale,Tempe,Mesa,Chandler,Phoenix,Gilbert,Apache Junction,Queen Creek,Maricopa,Casa Grande"
"9030333","Clarkdale","US","(not set)","Arizona","The Southwest","(610) 288-0965","Surprise,Glendale,Goodyear,Buckeye,Litchfield Park,Phoenix,Peoria,Avondale,Carefree,Scottsdale,Tempe,Mesa,Chandler,Phoenix,Gilbert,Apache Junction,Queen Creek,Maricopa,Casa Grande"
"9030334","Cornville","US","(not set)","Arizona","The Southwest","(610) 288-0965","Surprise,Glendale,Goodyear,Buckeye,Litchfield Park,Phoenix,Peoria,Avondale,Carefree,Scottsdale,Tempe,Mesa,Chandler,Phoenix,Gilbert,Apache Junction,Queen Creek,Maricopa,Casa Grande"
"9030337","Jerome","US","(not set)","Arizona","The Southwest","(610) 288-0965","Surprise,Glendale,Goodyear,Buckeye,Litchfield Park,Phoenix,Peoria,Avondale,Carefree,Scottsdale,Tempe,Mesa,Chandler,Phoenix,Gilbert,Apache Junction,Queen Creek,Maricopa,Casa Grande"
"9030338","Kirkland","US","(not set)","Arizona","The Southwest","(610) 288-0965","Surprise,Glendale,Goodyear,Buckeye,Litchfield Park,Phoenix,Peoria,Avondale,Carefree,Scottsdale,Tempe,Mesa,Chandler,Phoenix,Gilbert,Apache Junction,Queen Creek,Maricopa,Casa Grande"
"9030340","Paulden","US","(not set)","Arizona","The Southwest","(610) 288-0965","Surprise,Glendale,Goodyear,Buckeye,Litchfield Park,Phoenix,Peoria,Avondale,Carefree,Scottsdale,Tempe,Mesa,Chandler,Phoenix,Gilbert,Apache Junction,Queen Creek,Maricopa,Casa Grande"
"9030341","Rimrock","US","(not set)","Arizona","The Southwest","(610) 288-0965","Surprise,Glendale,Goodyear,Buckeye,Litchfield Park,Phoenix,Peoria,Avondale,Carefree,Scottsdale,Tempe,Mesa,Chandler,Phoenix,Gilbert,Apache Junction,Queen Creek,Maricopa,Casa Grande"
"9030342","Sedona","US","(not set)","Arizona","The Southwest","(610) 288-0965","Surprise,Glendale,Goodyear,Buckeye,Litchfield Park,Phoenix,Peoria,Avondale,Carefree,Scottsdale,Tempe,Mesa,Chandler,Phoenix,Gilbert,Apache Junction,Queen Creek,Maricopa,Casa Grande"
"9030343","Seligman","US","(not set)","Arizona","The Southwest","(610) 288-0965","Surprise,Glendale,Goodyear,Buckeye,Litchfield Park,Phoenix,Peoria,Avondale,Carefree,Scottsdale,Tempe,Mesa,Chandler,Phoenix,Gilbert,Apache Junction,Queen Creek,Maricopa,Casa Grande"
"9030344","Skull Valley","US","(not set)","Arizona","The Southwest","(610) 288-0965","Surprise,Glendale,Goodyear,Buckeye,Litchfield Park,Phoenix,Peoria,Avondale,Carefree,Scottsdale,Tempe,Mesa,Chandler,Phoenix,Gilbert,Apache Junction,Queen Creek,Maricopa,Casa Grande"
"9030346","Crown King","US","(not set)","Arizona","The Southwest","(610) 288-0965","Surprise,Glendale,Goodyear,Buckeye,Litchfield Park,Phoenix,Peoria,Avondale,Carefree,Scottsdale,Tempe,Mesa,Chandler,Phoenix,Gilbert,Apache Junction,Queen Creek,Maricopa,Casa Grande"
"9030347","Sedona","US","(not set)","Arizona","The Southwest","(610) 288-0965","Surprise,Glendale,Goodyear,Buckeye,Litchfield Park,Phoenix,Peoria,Avondale,Carefree,Scottsdale,Tempe,Mesa,Chandler,Phoenix,Gilbert,Apache Junction,Queen Creek,Maricopa,Casa Grande"
"9030350","Lake Havasu City","US","(not set)","Arizona","The Southwest","(610) 288-0965","Surprise,Glendale,Goodyear,Buckeye,Litchfield Park,Phoenix,Peoria,Avondale,Carefree,Scottsdale,Tempe,Mesa,Chandler,Phoenix,Gilbert,Apache Junction,Queen Creek,Maricopa,Casa Grande"
"9030351","Lake Havasu City","US","(not set)","Arizona","The Southwest","(610) 288-0965","Surprise,Glendale,Goodyear,Buckeye,Litchfield Park,Phoenix,Peoria,Avondale,Carefree,Scottsdale,Tempe,Mesa,Chandler,Phoenix,Gilbert,Apache Junction,Queen Creek,Maricopa,Casa Grande"
"9030352","Lake Havasu City","US","(not set)","Arizona","The Southwest","(610) 288-0965","Surprise,Glendale,Goodyear,Buckeye,Litchfield Park,Phoenix,Peoria,Avondale,Carefree,Scottsdale,Tempe,Mesa,Chandler,Phoenix,Gilbert,Apache Junction,Queen Creek,Maricopa,Casa Grande"
"9030354","Golden Valley","US","(not set)","Arizona","The Southwest","(610) 288-0965","Surprise,Glendale,Goodyear,Buckeye,Litchfield Park,Phoenix,Peoria,Avondale,Carefree,Scottsdale,Tempe,Mesa,Chandler,Phoenix,Gilbert,Apache Junction,Queen Creek,Maricopa,Casa Grande"
"9030355","Fort Mohave","US","(not set)","Arizona","The Southwest","(610) 288-0965","Surprise,Glendale,Goodyear,Buckeye,Litchfield Park,Phoenix,Peoria,Avondale,Carefree,Scottsdale,Tempe,Mesa,Chandler,Phoenix,Gilbert,Apache Junction,Queen Creek,Maricopa,Casa Grande"
"9030356","Bullhead City","US","(not set)","Arizona","The Southwest","(610) 288-0965","Surprise,Glendale,Goodyear,Buckeye,Litchfield Park,Phoenix,Peoria,Avondale,Carefree,Scottsdale,Tempe,Mesa,Chandler,Phoenix,Gilbert,Apache Junction,Queen Creek,Maricopa,Casa Grande"
"9030358","Chloride","US","(not set)","Arizona","The Southwest","(610) 288-0965","Surprise,Glendale,Goodyear,Buckeye,Litchfield Park,Phoenix,Peoria,Avondale,Carefree,Scottsdale,Tempe,Mesa,Chandler,Phoenix,Gilbert,Apache Junction,Queen Creek,Maricopa,Casa Grande"
"9030359","Littlefield","US","(not set)","Arizona","The Southwest","(610) 288-0965","Surprise,Glendale,Goodyear,Buckeye,Litchfield Park,Phoenix,Peoria,Avondale,Carefree,Scottsdale,Tempe,Mesa,Chandler,Phoenix,Gilbert,Apache Junction,Queen Creek,Maricopa,Casa Grande"
"9030360","Oatman","US","(not set)","Arizona","The Southwest","(610) 288-0965","Surprise,Glendale,Goodyear,Buckeye,Litchfield Park,Phoenix,Peoria,Avondale,Carefree,Scottsdale,Tempe,Mesa,Chandler,Phoenix,Gilbert,Apache Junction,Queen Creek,Maricopa,Casa Grande"
"9030361","Peach Springs","US","(not set)","Arizona","The Southwest","(610) 288-0965","Surprise,Glendale,Goodyear,Buckeye,Litchfield Park,Phoenix,Peoria,Avondale,Carefree,Scottsdale,Tempe,Mesa,Chandler,Phoenix,Gilbert,Apache Junction,Queen Creek,Maricopa,Casa Grande"
"9030362","Supai","US","(not set)","Arizona","The Southwest","(610) 288-0965","Surprise,Glendale,Goodyear,Buckeye,Litchfield Park,Phoenix,Peoria,Avondale,Carefree,Scottsdale,Tempe,Mesa,Chandler,Phoenix,Gilbert,Apache Junction,Queen Creek,Maricopa,Casa Grande"
"9030363","Topock","US","(not set)","Arizona","The Southwest","(610) 288-0965","Surprise,Glendale,Goodyear,Buckeye,Litchfield Park,Phoenix,Peoria,Avondale,Carefree,Scottsdale,Tempe,Mesa,Chandler,Phoenix,Gilbert,Apache Junction,Queen Creek,Maricopa,Casa Grande"
"9030364","Valentine","US","(not set)","Arizona","The Southwest","(610) 288-0965","Surprise,Glendale,Goodyear,Buckeye,Litchfield Park,Phoenix,Peoria,Avondale,Carefree,Scottsdale,Tempe,Mesa,Chandler,Phoenix,Gilbert,Apache Junction,Queen Creek,Maricopa,Casa Grande"
"9030365","Yucca","US","(not set)","Arizona","The Southwest","(610) 288-0965","Surprise,Glendale,Goodyear,Buckeye,Litchfield Park,Phoenix,Peoria,Avondale,Carefree,Scottsdale,Tempe,Mesa,Chandler,Phoenix,Gilbert,Apache Junction,Queen Creek,Maricopa,Casa Grande"
"9030366","Mohave Valley","US","(not set)","Arizona","The Southwest","(610) 288-0965","Surprise,Glendale,Goodyear,Buckeye,Litchfield Park,Phoenix,Peoria,Avondale,Carefree,Scottsdale,Tempe,Mesa,Chandler,Phoenix,Gilbert,Apache Junction,Queen Creek,Maricopa,Casa Grande"
"9030367","Dolan Springs","US","(not set)","Arizona","The Southwest","(610) 288-0965","Surprise,Glendale,Goodyear,Buckeye,Litchfield Park,Phoenix,Peoria,Avondale,Carefree,Scottsdale,Tempe,Mesa,Chandler,Phoenix,Gilbert,Apache Junction,Queen Creek,Maricopa,Casa Grande"
"9030368","Bullhead City","US","(not set)","Arizona","The Southwest","(610) 288-0965","Surprise,Glendale,Goodyear,Buckeye,Litchfield Park,Phoenix,Peoria,Avondale,Carefree,Scottsdale,Tempe,Mesa,Chandler,Phoenix,Gilbert,Apache Junction,Queen Creek,Maricopa,Casa Grande"
"9030369","Meadview","US","(not set)","Arizona","The Southwest","(610) 288-0965","Surprise,Glendale,Goodyear,Buckeye,Litchfield Park,Phoenix,Peoria,Avondale,Carefree,Scottsdale,Tempe,Mesa,Chandler,Phoenix,Gilbert,Apache Junction,Queen Creek,Maricopa,Casa Grande"
"9030370","Willow Beach","US","(not set)","Arizona","The Southwest","(610) 288-0965","Surprise,Glendale,Goodyear,Buckeye,Litchfield Park,Phoenix,Peoria,Avondale,Carefree,Scottsdale,Tempe,Mesa,Chandler,Phoenix,Gilbert,Apache Junction,Queen Creek,Maricopa,Casa Grande"
"9030371","Chambers","US","(not set)","Arizona","The Southwest","(610) 288-0965","Surprise,Glendale,Goodyear,Buckeye,Litchfield Park,Phoenix,Peoria,Avondale,Carefree,Scottsdale,Tempe,Mesa,Chandler,Phoenix,Gilbert,Apache Junction,Queen Creek,Maricopa,Casa Grande"
"9030372","Chinle","US","(not set)","Arizona","The Southwest","(610) 288-0965","Surprise,Glendale,Goodyear,Buckeye,Litchfield Park,Phoenix,Peoria,Avondale,Carefree,Scottsdale,Tempe,Mesa,Chandler,Phoenix,Gilbert,Apache Junction,Queen Creek,Maricopa,Casa Grande"
"9030373","Fort Defiance","US","(not set)","Arizona","The Southwest","(610) 288-0965","Surprise,Glendale,Goodyear,Buckeye,Litchfield Park,Phoenix,Peoria,Avondale,Carefree,Scottsdale,Tempe,Mesa,Chandler,Phoenix,Gilbert,Apache Junction,Queen Creek,Maricopa,Casa Grande"
"9030374","Ganado","US","(not set)","Arizona","The Southwest","(610) 288-0965","Surprise,Glendale,Goodyear,Buckeye,Litchfield Park,Phoenix,Peoria,Avondale,Carefree,Scottsdale,Tempe,Mesa,Chandler,Phoenix,Gilbert,Apache Junction,Queen Creek,Maricopa,Casa Grande"
"9030375","Houck","US","(not set)","Arizona","The Southwest","(610) 288-0965","Surprise,Glendale,Goodyear,Buckeye,Litchfield Park,Phoenix,Peoria,Avondale,Carefree,Scottsdale,Tempe,Mesa,Chandler,Phoenix,Gilbert,Apache Junction,Queen Creek,Maricopa,Casa Grande"
"9030376","Lukachukai","US","(not set)","Arizona","The Southwest","(610) 288-0965","Surprise,Glendale,Goodyear,Buckeye,Litchfield Park,Phoenix,Peoria,Avondale,Carefree,Scottsdale,Tempe,Mesa,Chandler,Phoenix,Gilbert,Apache Junction,Queen Creek,Maricopa,Casa Grande"
"9030377","Lupton","US","(not set)","Arizona","The Southwest","(610) 288-0965","Surprise,Glendale,Goodyear,Buckeye,Litchfield Park,Phoenix,Peoria,Avondale,Carefree,Scottsdale,Tempe,Mesa,Chandler,Phoenix,Gilbert,Apache Junction,Queen Creek,Maricopa,Casa Grande"
"9030378","Pinon","US","(not set)","Arizona","The Southwest","(610) 288-0965","Surprise,Glendale,Goodyear,Buckeye,Litchfield Park,Phoenix,Peoria,Avondale,Carefree,Scottsdale,Tempe,Mesa,Chandler,Phoenix,Gilbert,Apache Junction,Queen Creek,Maricopa,Casa Grande"
"9030379","Saint Michaels","US","(not set)","Arizona","The Southwest","(610) 288-0965","Surprise,Glendale,Goodyear,Buckeye,Litchfield Park,Phoenix,Peoria,Avondale,Carefree,Scottsdale,Tempe,Mesa,Chandler,Phoenix,Gilbert,Apache Junction,Queen Creek,Maricopa,Casa Grande"
"9030380","Sanders","US","(not set)","Arizona","The Southwest","(610) 288-0965","Surprise,Glendale,Goodyear,Buckeye,Litchfield Park,Phoenix,Peoria,Avondale,Carefree,Scottsdale,Tempe,Mesa,Chandler,Phoenix,Gilbert,Apache Junction,Queen Creek,Maricopa,Casa Grande"
"9030381","Teec Nos Pos","US","(not set)","Arizona","The Southwest","(610) 288-0965","Surprise,Glendale,Goodyear,Buckeye,Litchfield Park,Phoenix,Peoria,Avondale,Carefree,Scottsdale,Tempe,Mesa,Chandler,Phoenix,Gilbert,Apache Junction,Queen Creek,Maricopa,Casa Grande"
"9030382","Window Rock","US","(not set)","Arizona","The Southwest","(610) 288-0965","Surprise,Glendale,Goodyear,Buckeye,Litchfield Park,Phoenix,Peoria,Avondale,Carefree,Scottsdale,Tempe,Mesa,Chandler,Phoenix,Gilbert,Apache Junction,Queen Creek,Maricopa,Casa Grande"
"9030383","Blue Gap","US","(not set)","Arizona","The Southwest","(610) 288-0965","Surprise,Glendale,Goodyear,Buckeye,Litchfield Park,Phoenix,Peoria,Avondale,Carefree,Scottsdale,Tempe,Mesa,Chandler,Phoenix,Gilbert,Apache Junction,Queen Creek,Maricopa,Casa Grande"
"9030384","Dennehotso","US","(not set)","Arizona","The Southwest","(610) 288-0965","Surprise,Glendale,Goodyear,Buckeye,Litchfield Park,Phoenix,Peoria,Avondale,Carefree,Scottsdale,Tempe,Mesa,Chandler,Phoenix,Gilbert,Apache Junction,Queen Creek,Maricopa,Casa Grande"
"9030385","Many Farms","US","(not set)","Arizona","The Southwest","(610) 288-0965","Surprise,Glendale,Goodyear,Buckeye,Litchfield Park,Phoenix,Peoria,Avondale,Carefree,Scottsdale,Tempe,Mesa,Chandler,Phoenix,Gilbert,Apache Junction,Queen Creek,Maricopa,Casa Grande"
"9030386","Nazlini","US","(not set)","Arizona","The Southwest","(610) 288-0965","Surprise,Glendale,Goodyear,Buckeye,Litchfield Park,Phoenix,Peoria,Avondale,Carefree,Scottsdale,Tempe,Mesa,Chandler,Phoenix,Gilbert,Apache Junction,Queen Creek,Maricopa,Casa Grande"
"9030387","Red Valley","US","(not set)","Arizona","The Southwest","(610) 288-0965","Surprise,Glendale,Goodyear,Buckeye,Litchfield Park,Phoenix,Peoria,Avondale,Carefree,Scottsdale,Tempe,Mesa,Chandler,Phoenix,Gilbert,Apache Junction,Queen Creek,Maricopa,Casa Grande"
"9030388","Rock Point","US","(not set)","Arizona","The Southwest","(610) 288-0965","Surprise,Glendale,Goodyear,Buckeye,Litchfield Park,Phoenix,Peoria,Avondale,Carefree,Scottsdale,Tempe,Mesa,Chandler,Phoenix,Gilbert,Apache Junction,Queen Creek,Maricopa,Casa Grande"
"9030389","Round Rock","US","(not set)","Arizona","The Southwest","(610) 288-0965","Surprise,Glendale,Goodyear,Buckeye,Litchfield Park,Phoenix,Peoria,Avondale,Carefree,Scottsdale,Tempe,Mesa,Chandler,Phoenix,Gilbert,Apache Junction,Queen Creek,Maricopa,Casa Grande"
"9030390","Aibonito","US","(not set)","Arizona","The Southwest","(610) 288-0965","Surprise,Glendale,Goodyear,Buckeye,Litchfield Park,Phoenix,Peoria,Avondale,Carefree,Scottsdale,Tempe,Mesa,Chandler,Phoenix,Gilbert,Apache Junction,Queen Creek,Maricopa,Casa Grande"
"9030391","Tsaile","US","(not set)","Arizona","The Southwest","(610) 288-0965","Surprise,Glendale,Goodyear,Buckeye,Litchfield Park,Phoenix,Peoria,Avondale,Carefree,Scottsdale,Tempe,Mesa,Chandler,Phoenix,Gilbert,Apache Junction,Queen Creek,Maricopa,Casa Grande"
"9041404","Phoenix Goodyear Airport","US","(not set)","Arizona","The Southwest","(610) 288-0965","Surprise,Glendale,Goodyear,Buckeye,Litchfield Park,Phoenix,Peoria,Avondale,Carefree,Scottsdale,Tempe,Mesa,Chandler,Phoenix,Gilbert,Apache Junction,Queen Creek,Maricopa,Casa Grande"
"9041465","Phoenix Sky Harbor International Airport","US","(not set)","Arizona","The Southwest","(610) 288-0965","Surprise,Glendale,Goodyear,Buckeye,Litchfield Park,Phoenix,Peoria,Avondale,Carefree,Scottsdale,Tempe,Mesa,Chandler,Phoenix,Gilbert,Apache Junction,Queen Creek,Maricopa,Casa Grande"
"9041484","Scottsdale Airport","US","(not set)","Arizona","The Southwest","(610) 288-0965","Surprise,Glendale,Goodyear,Buckeye,Litchfield Park,Phoenix,Peoria,Avondale,Carefree,Scottsdale,Tempe,Mesa,Chandler,Phoenix,Gilbert,Apache Junction,Queen Creek,Maricopa,Casa Grande"
"9041510","Yuma International Airport","US","(not set)","Arizona","The Southwest","(610) 288-0965","Surprise,Glendale,Goodyear,Buckeye,Litchfield Park,Phoenix,Peoria,Avondale,Carefree,Scottsdale,Tempe,Mesa,Chandler,Phoenix,Gilbert,Apache Junction,Queen Creek,Maricopa,Casa Grande"
"9051700","Casas Adobes","US","(not set)","Arizona","The Southwest","(610) 288-0965","Surprise,Glendale,Goodyear,Buckeye,Litchfield Park,Phoenix,Peoria,Avondale,Carefree,Scottsdale,Tempe,Mesa,Chandler,Phoenix,Gilbert,Apache Junction,Queen Creek,Maricopa,Casa Grande"
"9051703","Catalina Foothills","US","(not set)","Arizona","The Southwest","(610) 288-0965","Surprise,Glendale,Goodyear,Buckeye,Litchfield Park,Phoenix,Peoria,Avondale,Carefree,Scottsdale,Tempe,Mesa,Chandler,Phoenix,Gilbert,Apache Junction,Queen Creek,Maricopa,Casa Grande"
"9051774","Corona de Tucson","US","(not set)","Arizona","The Southwest","(610) 288-0965","Surprise,Glendale,Goodyear,Buckeye,Litchfield Park,Phoenix,Peoria,Avondale,Carefree,Scottsdale,Tempe,Mesa,Chandler,Phoenix,Gilbert,Apache Junction,Queen Creek,Maricopa,Casa Grande"
"9051843","Drexel Heights","US","(not set)","Arizona","The Southwest","(610) 288-0965","Surprise,Glendale,Goodyear,Buckeye,Litchfield Park,Phoenix,Peoria,Avondale,Carefree,Scottsdale,Tempe,Mesa,Chandler,Phoenix,Gilbert,Apache Junction,Queen Creek,Maricopa,Casa Grande"
"9051976","Fortuna Foothills","US","(not set)","Arizona","The Southwest","(610) 288-0965","Surprise,Glendale,Goodyear,Buckeye,Litchfield Park,Phoenix,Peoria,Avondale,Carefree,Scottsdale,Tempe,Mesa,Chandler,Phoenix,Gilbert,Apache Junction,Queen Creek,Maricopa,Casa Grande"
"9052034","Gold Canyon","US","(not set)","Arizona","The Southwest","(610) 288-0965","Surprise,Glendale,Goodyear,Buckeye,Litchfield Park,Phoenix,Peoria,Avondale,Carefree,Scottsdale,Tempe,Mesa,Chandler,Phoenix,Gilbert,Apache Junction,Queen Creek,Maricopa,Casa Grande"
"9052044","Grand Canyon Village","US","(not set)","Arizona","The Southwest","(610) 288-0965","Surprise,Glendale,Goodyear,Buckeye,Litchfield Park,Phoenix,Peoria,Avondale,Carefree,Scottsdale,Tempe,Mesa,Chandler,Phoenix,Gilbert,Apache Junction,Queen Creek,Maricopa,Casa Grande"
"9052608","Oro Valley","US","(not set)","Arizona","The Southwest","(610) 288-0965","Surprise,Glendale,Goodyear,Buckeye,Litchfield Park,Phoenix,Peoria,Avondale,Carefree,Scottsdale,Tempe,Mesa,Chandler,Phoenix,Gilbert,Apache Junction,Queen Creek,Maricopa,Casa Grande"
"9052675","Pinetop-Lakeside","US","(not set)","Arizona","The Southwest","(610) 288-0965","Surprise,Glendale,Goodyear,Buckeye,Litchfield Park,Phoenix,Peoria,Avondale,Carefree,Scottsdale,Tempe,Mesa,Chandler,Phoenix,Gilbert,Apache Junction,Queen Creek,Maricopa,Casa Grande"
"9052798","San Tan Valley","US","(not set)","Arizona","The Southwest","(610) 288-0965","Surprise,Glendale,Goodyear,Buckeye,Litchfield Park,Phoenix,Peoria,Avondale,Carefree,Scottsdale,Tempe,Mesa,Chandler,Phoenix,Gilbert,Apache Junction,Queen Creek,Maricopa,Casa Grande"
"9052939","Sun Lakes","US","(not set)","Arizona","The Southwest","(610) 288-0965","Surprise,Glendale,Goodyear,Buckeye,Litchfield Park,Phoenix,Peoria,Avondale,Carefree,Scottsdale,Tempe,Mesa,Chandler,Phoenix,Gilbert,Apache Junction,Queen Creek,Maricopa,Casa Grande"
"9052959","Tanque Verde","US","(not set)","Arizona","The Southwest","(610) 288-0965","Surprise,Glendale,Goodyear,Buckeye,Litchfield Park,Phoenix,Peoria,Avondale,Carefree,Scottsdale,Tempe,Mesa,Chandler,Phoenix,Gilbert,Apache Junction,Queen Creek,Maricopa,Casa Grande"
"9053014","Tusayan","US","(not set)","Arizona","The Southwest","(610) 288-0965","Surprise,Glendale,Goodyear,Buckeye,Litchfield Park,Phoenix,Peoria,Avondale,Carefree,Scottsdale,Tempe,Mesa,Chandler,Phoenix,Gilbert,Apache Junction,Queen Creek,Maricopa,Casa Grande"
"9053038","Valencia West","US","(not set)","Arizona","The Southwest","(610) 288-0965","Surprise,Glendale,Goodyear,Buckeye,Litchfield Park,Phoenix,Peoria,Avondale,Carefree,Scottsdale,Tempe,Mesa,Chandler,Phoenix,Gilbert,Apache Junction,Queen Creek,Maricopa,Casa Grande"
"9053053","Village of Oak Creek","US","(not set)","Arizona","The Southwest","(610) 288-0965","Surprise,Glendale,Goodyear,Buckeye,Litchfield Park,Phoenix,Peoria,Avondale,Carefree,Scottsdale,Tempe,Mesa,Chandler,Phoenix,Gilbert,Apache Junction,Queen Creek,Maricopa,Casa Grande"
"9053655","Hackberry","US","(not set)","Arizona","The Southwest","(610) 288-0965","Surprise,Glendale,Goodyear,Buckeye,Litchfield Park,Phoenix,Peoria,Avondale,Carefree,Scottsdale,Tempe,Mesa,Chandler,Phoenix,Gilbert,Apache Junction,Queen Creek,Maricopa,Casa Grande"
"9053656","Temple Bar Marina","US","(not set)","Arizona","The Southwest","(610) 288-0965","Surprise,Glendale,Goodyear,Buckeye,Litchfield Park,Phoenix,Peoria,Avondale,Carefree,Scottsdale,Tempe,Mesa,Chandler,Phoenix,Gilbert,Apache Junction,Queen Creek,Maricopa,Casa Grande"
"9053658","Poston","US","(not set)","Arizona","The Southwest","(610) 288-0965","Surprise,Glendale,Goodyear,Buckeye,Litchfield Park,Phoenix,Peoria,Avondale,Carefree,Scottsdale,Tempe,Mesa,Chandler,Phoenix,Gilbert,Apache Junction,Queen Creek,Maricopa,Casa Grande"
"9053660","Tacna","US","(not set)","Arizona","The Southwest","(610) 288-0965","Surprise,Glendale,Goodyear,Buckeye,Litchfield Park,Phoenix,Peoria,Avondale,Carefree,Scottsdale,Tempe,Mesa,Chandler,Phoenix,Gilbert,Apache Junction,Queen Creek,Maricopa,Casa Grande"
"9053784","Central","US","(not set)","Arizona","The Southwest","(610) 288-0965","Surprise,Glendale,Goodyear,Buckeye,Litchfield Park,Phoenix,Peoria,Avondale,Carefree,Scottsdale,Tempe,Mesa,Chandler,Phoenix,Gilbert,Apache Junction,Queen Creek,Maricopa,Casa Grande"
"9053841","Humboldt","US","(not set)","Arizona","The Southwest","(610) 288-0965","Surprise,Glendale,Goodyear,Buckeye,Litchfield Park,Phoenix,Peoria,Avondale,Carefree,Scottsdale,Tempe,Mesa,Chandler,Phoenix,Gilbert,Apache Junction,Queen Creek,Maricopa,Casa Grande"
"9053842","Lake Montezuma","US","(not set)","Arizona","The Southwest","(610) 288-0965","Surprise,Glendale,Goodyear,Buckeye,Litchfield Park,Phoenix,Peoria,Avondale,Carefree,Scottsdale,Tempe,Mesa,Chandler,Phoenix,Gilbert,Apache Junction,Queen Creek,Maricopa,Casa Grande"
"9053844","White Mountain Lake","US","(not set)","Arizona","The Southwest","(610) 288-0965","Surprise,Glendale,Goodyear,Buckeye,Litchfield Park,Phoenix,Peoria,Avondale,Carefree,Scottsdale,Tempe,Mesa,Chandler,Phoenix,Gilbert,Apache Junction,Queen Creek,Maricopa,Casa Grande"
"9053845","Sun Valley","US","(not set)","Arizona","The Southwest","(610) 288-0965","Surprise,Glendale,Goodyear,Buckeye,Litchfield Park,Phoenix,Peoria,Avondale,Carefree,Scottsdale,Tempe,Mesa,Chandler,Phoenix,Gilbert,Apache Junction,Queen Creek,Maricopa,Casa Grande"
"9053846","Petrified Forest Natl Pk","US","(not set)","Arizona","The Southwest","(610) 288-0965","Surprise,Glendale,Goodyear,Buckeye,Litchfield Park,Phoenix,Peoria,Avondale,Carefree,Scottsdale,Tempe,Mesa,Chandler,Phoenix,Gilbert,Apache Junction,Queen Creek,Maricopa,Casa Grande"
"9053847","Flagstaff","US","(not set)","Arizona","The Southwest","(610) 288-0965","Surprise,Glendale,Goodyear,Buckeye,Litchfield Park,Phoenix,Peoria,Avondale,Carefree,Scottsdale,Tempe,Mesa,Chandler,Phoenix,Gilbert,Apache Junction,Queen Creek,Maricopa,Casa Grande"
"9057030","Apache County","US","(not set)","Arizona","The Southwest","(610) 288-0965","Surprise,Glendale,Goodyear,Buckeye,Litchfield Park,Phoenix,Peoria,Avondale,Carefree,Scottsdale,Tempe,Mesa,Chandler,Phoenix,Gilbert,Apache Junction,Queen Creek,Maricopa,Casa Grande"
"9057031","Cochise County","US","(not set)","Arizona","The Southwest","(610) 288-0965","Surprise,Glendale,Goodyear,Buckeye,Litchfield Park,Phoenix,Peoria,Avondale,Carefree,Scottsdale,Tempe,Mesa,Chandler,Phoenix,Gilbert,Apache Junction,Queen Creek,Maricopa,Casa Grande"
"9057032","Coconino County","US","(not set)","Arizona","The Southwest","(610) 288-0965","Surprise,Glendale,Goodyear,Buckeye,Litchfield Park,Phoenix,Peoria,Avondale,Carefree,Scottsdale,Tempe,Mesa,Chandler,Phoenix,Gilbert,Apache Junction,Queen Creek,Maricopa,Casa Grande"
"9057033","Gila County","US","(not set)","Arizona","The Southwest","(610) 288-0965","Surprise,Glendale,Goodyear,Buckeye,Litchfield Park,Phoenix,Peoria,Avondale,Carefree,Scottsdale,Tempe,Mesa,Chandler,Phoenix,Gilbert,Apache Junction,Queen Creek,Maricopa,Casa Grande"
"9057034","Graham County","US","(not set)","Arizona","The Southwest","(610) 288-0965","Surprise,Glendale,Goodyear,Buckeye,Litchfield Park,Phoenix,Peoria,Avondale,Carefree,Scottsdale,Tempe,Mesa,Chandler,Phoenix,Gilbert,Apache Junction,Queen Creek,Maricopa,Casa Grande"
"9057035","Greenlee County","US","(not set)","Arizona","The Southwest","(610) 288-0965","Surprise,Glendale,Goodyear,Buckeye,Litchfield Park,Phoenix,Peoria,Avondale,Carefree,Scottsdale,Tempe,Mesa,Chandler,Phoenix,Gilbert,Apache Junction,Queen Creek,Maricopa,Casa Grande"
"9057036","La Paz County","US","(not set)","Arizona","The Southwest","(610) 288-0965","Surprise,Glendale,Goodyear,Buckeye,Litchfield Park,Phoenix,Peoria,Avondale,Carefree,Scottsdale,Tempe,Mesa,Chandler,Phoenix,Gilbert,Apache Junction,Queen Creek,Maricopa,Casa Grande"
"9057037","Maricopa County","US","(not set)","Arizona","The Southwest","(610) 288-0965","Surprise,Glendale,Goodyear,Buckeye,Litchfield Park,Phoenix,Peoria,Avondale,Carefree,Scottsdale,Tempe,Mesa,Chandler,Phoenix,Gilbert,Apache Junction,Queen Creek,Maricopa,Casa Grande"
"9057038","Navajo County","US","(not set)","Arizona","The Southwest","(610) 288-0965","Surprise,Glendale,Goodyear,Buckeye,Litchfield Park,Phoenix,Peoria,Avondale,Carefree,Scottsdale,Tempe,Mesa,Chandler,Phoenix,Gilbert,Apache Junction,Queen Creek,Maricopa,Casa Grande"
"9057039","Pima County","US","(not set)","Arizona","The Southwest","(610) 288-0965","Surprise,Glendale,Goodyear,Buckeye,Litchfield Park,Phoenix,Peoria,Avondale,Carefree,Scottsdale,Tempe,Mesa,Chandler,Phoenix,Gilbert,Apache Junction,Queen Creek,Maricopa,Casa Grande"
"9057040","Pinal County","US","(not set)","Arizona","The Southwest","(610) 288-0965","Surprise,Glendale,Goodyear,Buckeye,Litchfield Park,Phoenix,Peoria,Avondale,Carefree,Scottsdale,Tempe,Mesa,Chandler,Phoenix,Gilbert,Apache Junction,Queen Creek,Maricopa,Casa Grande"
"9057041","Santa Cruz County","US","(not set)","Arizona","The Southwest","(610) 288-0965","Surprise,Glendale,Goodyear,Buckeye,Litchfield Park,Phoenix,Peoria,Avondale,Carefree,Scottsdale,Tempe,Mesa,Chandler,Phoenix,Gilbert,Apache Junction,Queen Creek,Maricopa,Casa Grande"
"9057042","Yavapai County","US","(not set)","Arizona","The Southwest","(610) 288-0965","Surprise,Glendale,Goodyear,Buckeye,Litchfield Park,Phoenix,Peoria,Avondale,Carefree,Scottsdale,Tempe,Mesa,Chandler,Phoenix,Gilbert,Apache Junction,Queen Creek,Maricopa,Casa Grande"
"9057043","Yuma County","US","(not set)","Arizona","The Southwest","(610) 288-0965","Surprise,Glendale,Goodyear,Buckeye,Litchfield Park,Phoenix,Peoria,Avondale,Carefree,Scottsdale,Tempe,Mesa,Chandler,Phoenix,Gilbert,Apache Junction,Queen Creek,Maricopa,Casa Grande"
"9060022","The University of Arizona","US","(not set)","Arizona","The Southwest","(610) 288-0965","Surprise,Glendale,Goodyear,Buckeye,Litchfield Park,Phoenix,Peoria,Avondale,Carefree,Scottsdale,Tempe,Mesa,Chandler,Phoenix,Gilbert,Apache Junction,Queen Creek,Maricopa,Casa Grande"
"9060242","Downtown","US","(not set)","Arizona","The Southwest","(610) 288-0965","Surprise,Glendale,Goodyear,Buckeye,Litchfield Park,Phoenix,Peoria,Avondale,Carefree,Scottsdale,Tempe,Mesa,Chandler,Phoenix,Gilbert,Apache Junction,Queen Creek,Maricopa,Casa Grande"
"9060376","Copper Square","US","(not set)","Arizona","The Southwest","(610) 288-0965","Surprise,Glendale,Goodyear,Buckeye,Litchfield Park,Phoenix,Peoria,Avondale,Carefree,Scottsdale,Tempe,Mesa,Chandler,Phoenix,Gilbert,Apache Junction,Queen Creek,Maricopa,Casa Grande"
"9060410","Old Town Scottsdale","US","(not set)","Arizona","The Southwest","(610) 288-0965","Surprise,Glendale,Goodyear,Buckeye,Litchfield Park,Phoenix,Peoria,Avondale,Carefree,Scottsdale,Tempe,Mesa,Chandler,Phoenix,Gilbert,Apache Junction,Queen Creek,Maricopa,Casa Grande"
"9060411","Thunderbird Industrial Airpark","US","(not set)","Arizona","The Southwest","(610) 288-0965","Surprise,Glendale,Goodyear,Buckeye,Litchfield Park,Phoenix,Peoria,Avondale,Carefree,Scottsdale,Tempe,Mesa,Chandler,Phoenix,Gilbert,Apache Junction,Queen Creek,Maricopa,Casa Grande"
"9060412","Northsight","US","(not set)","Arizona","The Southwest","(610) 288-0965","Surprise,Glendale,Goodyear,Buckeye,Litchfield Park,Phoenix,Peoria,Avondale,Carefree,Scottsdale,Tempe,Mesa,Chandler,Phoenix,Gilbert,Apache Junction,Queen Creek,Maricopa,Casa Grande"
"9060442","West University","US","(not set)","Arizona","The Southwest","(610) 288-0965","Surprise,Glendale,Goodyear,Buckeye,Litchfield Park,Phoenix,Peoria,Avondale,Carefree,Scottsdale,Tempe,Mesa,Chandler,Phoenix,Gilbert,Apache Junction,Queen Creek,Maricopa,Casa Grande"
"9060443","Wakefield","US","(not set)","Arizona","The Southwest","(610) 288-0965","Surprise,Glendale,Goodyear,Buckeye,Litchfield Park,Phoenix,Peoria,Avondale,Carefree,Scottsdale,Tempe,Mesa,Chandler,Phoenix,Gilbert,Apache Junction,Queen Creek,Maricopa,Casa Grande"
"9061142","Ahwatukee Foothills Village","US","(not set)","Arizona","The Southwest","(610) 288-0965","Surprise,Glendale,Goodyear,Buckeye,Litchfield Park,Phoenix,Peoria,Avondale,Carefree,Scottsdale,Tempe,Mesa,Chandler,Phoenix,Gilbert,Apache Junction,Queen Creek,Maricopa,Casa Grande"
"9061143","Alhambra","US","(not set)","Arizona","The Southwest","(610) 288-0965","Surprise,Glendale,Goodyear,Buckeye,Litchfield Park,Phoenix,Peoria,Avondale,Carefree,Scottsdale,Tempe,Mesa,Chandler,Phoenix,Gilbert,Apache Junction,Queen Creek,Maricopa,Casa Grande"
"9061144","Camelback East Village","US","(not set)","Arizona","The Southwest","(610) 288-0965","Surprise,Glendale,Goodyear,Buckeye,Litchfield Park,Phoenix,Peoria,Avondale,Carefree,Scottsdale,Tempe,Mesa,Chandler,Phoenix,Gilbert,Apache Junction,Queen Creek,Maricopa,Casa Grande"
"9061145","Central City","US","(not set)","Arizona","The Southwest","(610) 288-0965","Surprise,Glendale,Goodyear,Buckeye,Litchfield Park,Phoenix,Peoria,Avondale,Carefree,Scottsdale,Tempe,Mesa,Chandler,Phoenix,Gilbert,Apache Junction,Queen Creek,Maricopa,Casa Grande"
"9061146","Deer Valley","US","(not set)","Arizona","The Southwest","(610) 288-0965","Surprise,Glendale,Goodyear,Buckeye,Litchfield Park,Phoenix,Peoria,Avondale,Carefree,Scottsdale,Tempe,Mesa,Chandler,Phoenix,Gilbert,Apache Junction,Queen Creek,Maricopa,Casa Grande"
"9061147","Desert View Village","US","(not set)","Arizona","The Southwest","(610) 288-0965","Surprise,Glendale,Goodyear,Buckeye,Litchfield Park,Phoenix,Peoria,Avondale,Carefree,Scottsdale,Tempe,Mesa,Chandler,Phoenix,Gilbert,Apache Junction,Queen Creek,Maricopa,Casa Grande"
"9061148","Encanto Village","US","(not set)","Arizona","The Southwest","(610) 288-0965","Surprise,Glendale,Goodyear,Buckeye,Litchfield Park,Phoenix,Peoria,Avondale,Carefree,Scottsdale,Tempe,Mesa,Chandler,Phoenix,Gilbert,Apache Junction,Queen Creek,Maricopa,Casa Grande"
"9061149","Estrella Village","US","(not set)","Arizona","The Southwest","(610) 288-0965","Surprise,Glendale,Goodyear,Buckeye,Litchfield Park,Phoenix,Peoria,Avondale,Carefree,Scottsdale,Tempe,Mesa,Chandler,Phoenix,Gilbert,Apache Junction,Queen Creek,Maricopa,Casa Grande"
"9061150","Maryvale Village","US","(not set)","Arizona","The Southwest","(610) 288-0965","Surprise,Glendale,Goodyear,Buckeye,Litchfield Park,Phoenix,Peoria,Avondale,Carefree,Scottsdale,Tempe,Mesa,Chandler,Phoenix,Gilbert,Apache Junction,Queen Creek,Maricopa,Casa Grande"
"9061151","North Gateway","US","(not set)","Arizona","The Southwest","(610) 288-0965","Surprise,Glendale,Goodyear,Buckeye,Litchfield Park,Phoenix,Peoria,Avondale,Carefree,Scottsdale,Tempe,Mesa,Chandler,Phoenix,Gilbert,Apache Junction,Queen Creek,Maricopa,Casa Grande"
"9061152","North Mountain Village","US","(not set)","Arizona","The Southwest","(610) 288-0965","Surprise,Glendale,Goodyear,Buckeye,Litchfield Park,Phoenix,Peoria,Avondale,Carefree,Scottsdale,Tempe,Mesa,Chandler,Phoenix,Gilbert,Apache Junction,Queen Creek,Maricopa,Casa Grande"
"9061153","Paradise Valley Village","US","(not set)","Arizona","The Southwest","(610) 288-0965","Surprise,Glendale,Goodyear,Buckeye,Litchfield Park,Phoenix,Peoria,Avondale,Carefree,Scottsdale,Tempe,Mesa,Chandler,Phoenix,Gilbert,Apache Junction,Queen Creek,Maricopa,Casa Grande"
"9061154","Rio Vista","US","(not set)","Arizona","The Southwest","(610) 288-0965","Surprise,Glendale,Goodyear,Buckeye,Litchfield Park,Phoenix,Peoria,Avondale,Carefree,Scottsdale,Tempe,Mesa,Chandler,Phoenix,Gilbert,Apache Junction,Queen Creek,Maricopa,Casa Grande"
"9061155","South Mountain Village","US","(not set)","Arizona","The Southwest","(610) 288-0965","Surprise,Glendale,Goodyear,Buckeye,Litchfield Park,Phoenix,Peoria,Avondale,Carefree,Scottsdale,Tempe,Mesa,Chandler,Phoenix,Gilbert,Apache Junction,Queen Creek,Maricopa,Casa Grande"
"9069353","Grand Canyon National Park","US","(not set)","Arizona","The Southwest","(610) 288-0965","Surprise,Glendale,Goodyear,Buckeye,Litchfield Park,Phoenix,Peoria,Avondale,Carefree,Scottsdale,Tempe,Mesa,Chandler,Phoenix,Gilbert,Apache Junction,Queen Creek,Maricopa,Casa Grande"
"9069375","Petrified Forest National Park","US","(not set)","Arizona","The Southwest","(610) 288-0965","Surprise,Glendale,Goodyear,Buckeye,Litchfield Park,Phoenix,Peoria,Avondale,Carefree,Scottsdale,Tempe,Mesa,Chandler,Phoenix,Gilbert,Apache Junction,Queen Creek,Maricopa,Casa Grande"
"9069379","Saguaro National Park","US","(not set)","Arizona","The Southwest","(610) 288-0965","Surprise,Glendale,Goodyear,Buckeye,Litchfield Park,Phoenix,Peoria,Avondale,Carefree,Scottsdale,Tempe,Mesa,Chandler,Phoenix,Gilbert,Apache Junction,Queen Creek,Maricopa,Casa Grande"
"9073460","Heber-Overgaard","US","(not set)","Arizona","The Southwest","(610) 288-0965","Surprise,Glendale,Goodyear,Buckeye,Litchfield Park,Phoenix,Peoria,Avondale,Carefree,Scottsdale,Tempe,Mesa,Chandler,Phoenix,Gilbert,Apache Junction,Queen Creek,Maricopa,Casa Grande"
