"Anchorville_MI","1"
"Troy_MI","1"
"Birmingham_MI","1"
"Southfield_MI","1"
"Mount Clemens_MI","1"
"Port Huron_MI","1"
"Warren_MI","1"
"Ann Arbor_MI","1"
"Belleville_MI","1"
"Bridgewater_MI","1"
"Dearborn_MI","1"
"Garden City_MI","1"
"Livonia_MI","1"
"Detroit_MI","1"
"Bloomfield Hills_MI","1"
"Sterling Heights_MI","1"
"Utica_MI","1"
"Auburn Hills_MI","1"
"West Bloomfield_MI","1"
"Drayton Plains_MI","1"
"Farmington_MI","1"
"Clarkston_MI","1"
"Lake Orion_MI","1"
"Lakeville_MI","1"
"Novi_MI","1"
"Union Lake_MI","1"
"Walled Lake_MI","1"
"Grand Blanc_MI","1"
"Flint_MI","1"
"Saginaw_MI","1"
"Midland_MI","1"
"Bay City_MI","1"
"University Center_MI","1"
"Gilford_MI","1"
"Richville_MI","1"
"Tawas City_MI","1"
"Vassar_MI","1"
"Alma_MI","1"
"Mount Pleasant_MI","1"
"Okemos_MI","1"
"East Lansing_MI","1"
"Elm Hall_MI","1"
"Eureka_MI","1"
"Howell_MI","1"
"Palo_MI","1"
"Shaftsburg_MI","1"
"Smyrna_MI","1"
"Winn_MI","1"
"Lansing_MI","1"
"Kalamazoo_MI","1"
"Battle Creek_MI","1"
"Bedford_MI","1"
"Benton Harbor_MI","1"
"Cloverdale_MI","1"
"Comstock_MI","1"
"Kendall_MI","1"
"Lacota_MI","1"
"Nazareth_MI","1"
"Nottawa_MI","1"
"Oshtemo_MI","1"
"Portage_MI","1"
"Jackson_MI","1"
"Frontier_MI","1"
"Moscow_MI","1"
"Mosherville_MI","1"
"Bradley_MI","1"
"Burnips_MI","1"
"Cannonsburg_MI","1"
"Ada_MI","1"
"Glenn_MI","1"
"Holland_MI","1"
"Jamestown_MI","1"
"Jenison_MI","1"
"Muskegon_MI","1"
"Walhalla_MI","1"
"Sylvan Beach_MI","1"
"Grandville_MI","1"
"Grand Rapids_MI","1"
"Acme_MI","1"
"Mayfield_MI","1"
"Old Mission_MI","1"
"Gaylord_MI","1"
"Grayling_MI","1"
"Tower_MI","1"
"Waters_MI","1"
"Holtsville_NY","1"
"Chicopee_MA","1"
"Holyoke_MA","1"
"Northampton_MA","1"
"Westfield_MA","1"
"West Springfield_MA","1"
"Woronoco_MA","1"
"Springfield_MA","1"
"Longmeadow_MA","1"
"Pittsfield_MA","1"
"Dalton_MA","1"
"Greenfield_MA","1"
"Groton_MA","1"
"Charlton City_MA","1"
"Charlton Depot_MA","1"
"Manchaug_MA","1"
"Worcester_MA","1"
"Framingham_MA","1"
"Burlington_MA","1"
"Woburn_MA","1"
"Andover_MA","1"
"Billerica_MA","1"
"Haverhill_MA","1"
"Lawrence_MA","1"
"Lowell_MA","1"
"Nutting Lake_MA","1"
"Pinehurst_MA","1"
"West Boxford_MA","1"
"Lynn_MA","1"
"Gloucester_MA","1"
"Hamilton_MA","1"
"Hathorne_MA","1"
"Peabody_MA","1"
"Salem_MA","1"
"Accord_MA","1"
"Brant Rock_MA","1"
"Dedham_MA","1"
"East Mansfield_MA","1"
"Greenbush_MA","1"
"Green Harbor_MA","1"
"Hingham_MA","1"
"Minot_MA","1"
"North Marshfield_MA","1"
"North Scituate_MA","1"
"Ocean Bluff_MA","1"
"Sheldonville_MA","1"
"Boston_MA","1"
"Readville_MA","1"
"Medford_MA","1"
"West Medford_MA","1"
"Braintree_MA","1"
"Milton Village_MA","1"
"East Boston_MA","1"
"Cambridge_MA","1"
"Quincy_MA","1"
"Brockton_MA","1"
"Bridgewater_MA","1"
"Bryantville_MA","1"
"Easton_MA","1"
"Elmwood_MA","1"
"Hanover_MA","1"
"Middleboro_MA","1"
"Manomet_MA","1"
"Lakeville_MA","1"
"North Carver_MA","1"
"North Pembroke_MA","1"
"Plymouth_MA","1"
"South Carver_MA","1"
"White Horse Beach_MA","1"
"Brookline Village_MA","1"
"Waltham_MA","1"
"North Waltham_MA","1"
"New Town_MA","1"
"Babson Park_MA","1"
"Watertown_MA","1"
"Arlington Heights_MA","1"
"Waverley_MA","1"
"Nonantum_MA","1"
"Falmouth_MA","1"
"Menemsha_MA","1"
"Silver Beach_MA","1"
"West Chop_MA","1"
"West Falmouth_MA","1"
"Centerville_MA","1"
"Cummaquid_MA","1"
"East Dennis_MA","1"
"East Orleans_MA","1"
"North Eastham_MA","1"
"South Harwich_MA","1"
"South Orleans_MA","1"
"Chartley_MA","1"
"Dartmouth_MA","1"
"Fall River_MA","1"
"New Bedford_MA","1"
"North Attleboro_MA","1"
"Raynham Center_MA","1"
"Taunton_MA","1"
"Westport Point_MA","1"
"Adamsville_RI","1"
"Fiskeville_RI","1"
"Harmony_RI","1"
"North Kingstown_RI","1"
"Pawtucket_RI","1"
"Prudence Island_RI","1"
"Wakefield_RI","1"
"Peace Dale_RI","1"
"Warwick_RI","1"
"Providence_RI","1"
"East Candia_NH","1"
"East Derry_NH","1"
"Nashua_NH","1"
"North Salem_NH","1"
"Manchester_NH","1"
"East Andover_NH","1"
"Laconia_NH","1"
"Lochmere_NH","1"
"South Newbury_NH","1"
"Stinson Lake_NH","1"
"Winnisquam_NH","1"
"Woodstock_NH","1"
"Tilton_NH","1"
"Concord_NH","1"
"Keene_NH","1"
"West Peterborough_NH","1"
"West Swanzey_NH","1"
"Drewsville_NH","1"
"Cornish Flat_NH","1"
"Enfield Center_NH","1"
"Lebanon_NH","1"
"Portsmouth_NH","1"
"Newington_NH","1"
"Center Strafford_NH","1"
"Dover_NH","1"
"Hampton_NH","1"
"Newton Junction_NH","1"
"Rochester_NH","1"
"York Beach_ME","1"
"Bar Mills_ME","1"
"Biddeford Pool_ME","1"
"Biddeford_ME","1"
"East Parsonsfield_ME","1"
"Freeport_ME","1"
"Moody_ME","1"
"North Bridgton_ME","1"
"Scarborough_ME","1"
"Sebago Lake_ME","1"
"South Casco_ME","1"
"South Freeport_ME","1"
"South Windham_ME","1"
"West Kennebunk_ME","1"
"Westbrook_ME","1"
"Portland_ME","1"
"South Portland_ME","1"
"Auburn_ME","1"
"Danville_ME","1"
"Dryden_ME","1"
"East Dixfield_ME","1"
"East Livermore_ME","1"
"East Poland_ME","1"
"Lewiston_ME","1"
"North Jay_ME","1"
"North Turner_ME","1"
"North Waterford_ME","1"
"West Minot_ME","1"
"West Poland_ME","1"
"Augusta_ME","1"
"East Winthrop_ME","1"
"Bangor_ME","1"
"Castine_ME","1"
"Sebasco Estates_ME","1"
"West Boothbay Harbor_ME","1"
"Sheridan_ME","1"
"Glen Cove_ME","1"
"Lincolnville Center_ME","1"
"Port Clyde_ME","1"
"Waterville_ME","1"
"East Vassalboro_ME","1"
"Farmington Falls_ME","1"
"Hinckley_ME","1"
"North Vassalboro_ME","1"
"Ascutney_VT","1"
"Bridgewater_VT","1"
"Brownsville_VT","1"
"Hartland_VT","1"
"Hartland Four Corners_VT","1"
"North Pomfret_VT","1"
"Norwich_VT","1"
"Plymouth_VT","1"
"Quechee_VT","1"
"Reading_VT","1"
"South Pomfret_VT","1"
"South Woodstock_VT","1"
"Cavendish_VT","1"
"Grafton_VT","1"
"Londonderry_VT","1"
"North Springfield_VT","1"
"Perkinsville_VT","1"
"Proctorsville_VT","1"
"Westminster_VT","1"
"Weston_VT","1"
"Dorset_VT","1"
"East Arlington_VT","1"
"East Dorset_VT","1"
"Manchester_VT","1"
"Pownal_VT","1"
"Brattleboro_VT","1"
"Jamaica_VT","1"
"West Townshend_VT","1"
"West Wardsboro_VT","1"
"Benson_VT","1"
"East Poultney_VT","1"
"Rochester_VT","1"
"Rupert_VT","1"
"Stockbridge_VT","1"
"West Rupert_VT","1"
"Bristol_CT","1"
"Collinsville_CT","1"
"East Glastonbury_CT","1"
"East Windsor Hill_CT","1"
"Farmington_CT","1"
"Manchester_CT","1"
"North Canton_CT","1"
"Poquonock_CT","1"
"Somersville_CT","1"
"Stafford_CT","1"
"Staffordville_CT","1"
"Suffield_CT","1"
"Enfield_CT","1"
"Unionville_CT","1"
"Winchester Center_CT","1"
"Hartford_CT","1"
"West Hartford_CT","1"
"East Hartford_CT","1"
"Wethersfield_CT","1"
"Newington_CT","1"
"Ballouville_CT","1"
"East Woodstock_CT","1"
"Fabyan_CT","1"
"Grosvenor Dale_CT","1"
"Mansfield Depot_CT","1"
"South Willington_CT","1"
"South Woodstock_CT","1"
"Groton_CT","1"
"Old Mystic_CT","1"
"South Lyme_CT","1"
"Waterford_CT","1"
"West Mystic_CT","1"
"Yantic_CT","1"
"Botsford_CT","1"
"Cheshire_CT","1"
"Hawleyville_CT","1"
"Meriden_CT","1"
"North Westchester_CT","1"
"South Britain_CT","1"
"Stevenson_CT","1"
"Wallingford_CT","1"
"Stratford_CT","1"
"New Haven_CT","1"
"Bridgeport_CT","1"
"Waterbury_CT","1"
"Pequabuck_CT","1"
"Torrington_CT","1"
"Danbury_CT","1"
"Fairfield_CT","1"
"Georgetown_CT","1"
"Greenwich_CT","1"
"Greens Farms_CT","1"
"New Canaan_CT","1"
"Norwalk_CT","1"
"Redding Center_CT","1"
"Redding Ridge_CT","1"
"Ridgefield_CT","1"
"Westport_CT","1"
"Stamford_CT","1"
"Caldwell_NJ","1"
"Clifton_NJ","1"
"East Orange_NJ","1"
"Orange_NJ","1"
"Plainfield_NJ","1"
"Westfield_NJ","1"
"Secaucus_NJ","1"
"Newark_NJ","1"
"Elizabeth_NJ","1"
"Jersey City_NJ","1"
"Mc Afee_NJ","1"
"Ridgewood_NJ","1"
"Wayne_NJ","1"
"Hawthorne_NJ","1"
"Paterson_NJ","1"
"Totowa_NJ","1"
"Haledon_NJ","1"
"Hackensack_NJ","1"
"Paramus_NJ","1"
"Red Bank_NJ","1"
"Adelphia_NJ","1"
"Belmar_NJ","1"
"Navesink_NJ","1"
"Neptune_NJ","1"
"Tennent_NJ","1"
"Wickatunk_NJ","1"
"Eatontown_NJ","1"
"Dover_NJ","1"
"Picatinny Arsenal_NJ","1"
"Buttzville_NJ","1"
"Changewater_NJ","1"
"Greendell_NJ","1"
"Ironia_NJ","1"
"Middleville_NJ","1"
"Schooleys Mountain_NJ","1"
"Stillwater_NJ","1"
"Swartswood_NJ","1"
"Tranquility_NJ","1"
"Wallpack Center_NJ","1"
"Summit_NJ","1"
"Liberty Corner_NJ","1"
"Lyons_NJ","1"
"Convent Station_NJ","1"
"Morristown_NJ","1"
"Mount Freedom_NJ","1"
"Pluckemin_NJ","1"
"Whippany_NJ","1"
"Birmingham_NJ","1"
"Cedar Brook_NJ","1"
"Ewan_NJ","1"
"Quinton_NJ","1"
"Riverton_NJ","1"
"Winslow_NJ","1"
"Bellmawr_NJ","1"
"Camden_NJ","1"
"Green Creek_NJ","1"
"Leeds Point_NJ","1"
"Oceanville_NJ","1"
"South Dennis_NJ","1"
"South Seaville_NJ","1"
"Tuckahoe_NJ","1"
"Deerfield Street_NJ","1"
"Vineland_NJ","1"
"Atlantic City_NJ","1"
"Blawenburg_NJ","1"
"Princeton_NJ","1"
"Sergeantsville_NJ","1"
"Windsor_NJ","1"
"Trenton_NJ","1"
"Normandy Beach_NJ","1"
"Toms River_NJ","1"
"Baptistown_NJ","1"
"Broadway_NJ","1"
"Edison_NJ","1"
"Little York_NJ","1"
"Piscataway_NJ","1"
"Oldwick_NJ","1"
"Perth Amboy_NJ","1"
"Quakertown_NJ","1"
"Readington_NJ","1"
"Sayreville_NJ","1"
"Somerset_NJ","1"
"Stanton_NJ","1"
"Zarephath_NJ","1"
"New Brunswick_NJ","1"
"New York_NY","1"
"Staten Island_NY","1"
"Bronx_NY","1"
"Croton On Hudson_NY","1"
"Lincolndale_NY","1"
"Mount Vernon_NY","1"
"Pleasantville_NY","1"
"Shenorock_NY","1"
"White Plains_NY","1"
"Yonkers_NY","1"
"New Rochelle_NY","1"
"Bear Mountain_NY","1"
"Bellvale_NY","1"
"Bullville_NY","1"
"Howells_NY","1"
"Middletown_NY","1"
"Monroe_NY","1"
"New Milford_NY","1"
"Sugar Loaf_NY","1"
"Tallman_NY","1"
"West Point_NY","1"
"Floral Park_NY","1"
"Great Neck_NY","1"
"New Hyde Park_NY","1"
"Port Washington_NY","1"
"Long Island City_NY","1"
"Brooklyn_NY","1"
"Flushing_NY","1"
"Elmhurst_NY","1"
"Ridgewood_NY","1"
"Jamaica_NY","1"
"Garden City_NY","1"
"Hempstead_NY","1"
"Uniondale_NY","1"
"Rockville Centre_NY","1"
"Valley Stream_NY","1"
"Rockville Center_NY","1"
"Westbury_NY","1"
"Far Rockaway_NY","1"
"West Babylon_NY","1"
"Amityville_NY","1"
"Farmingdale_NY","1"
"Huntington Station_NY","1"
"Melville_NY","1"
"Stony Brook_NY","1"
"Hicksville_NY","1"
"Jericho_NY","1"
"Aquebogue_NY","1"
"Jamesport_NY","1"
"Southampton_NY","1"
"South Jamesport_NY","1"
"Speonk_NY","1"
"Upton_NY","1"
"Auriesville_NY","1"
"Columbiaville_NY","1"
"Dormansville_NY","1"
"Gallupville_NY","1"
"Grafton_NY","1"
"Knox_NY","1"
"Newtonville_NY","1"
"North Hoosick_NY","1"
"Quaker Street_NY","1"
"Troy_NY","1"
"West Lebanon_NY","1"
"Albany_NY","1"
"Schenectady_NY","1"
"Kingston_NY","1"
"Highmount_NY","1"
"Spring Glen_NY","1"
"West Camp_NY","1"
"West Park_NY","1"
"Billings_NY","1"
"Castle Point_NY","1"
"Glenham_NY","1"
"Hughsonville_NY","1"
"Mellenville_NY","1"
"Newburgh_NY","1"
"Plattekill_NY","1"
"Walker Valley_NY","1"
"West Copake_NY","1"
"Poughkeepsie_NY","1"
"Cochecton_NY","1"
"Summitville_NY","1"
"Thompsonville_NY","1"
"Bakers Mills_NY","1"
"Cleverdale_NY","1"
"Middle Falls_NY","1"
"Sabael_NY","1"
"Newcomb_NY","1"
"Ellenburg_NY","1"
"Ray Brook_NY","1"
"Whippleville_NY","1"
"Auburn_NY","1"
"Clockville_NY","1"
"Delphi Falls_NY","1"
"East Homer_NY","1"
"Etna_NY","1"
"Fair Haven_NY","1"
"Liverpool_NY","1"
"Lycoming_NY","1"
"Maple View_NY","1"
"Meridian_NY","1"
"Mottville_NY","1"
"New Haven_NY","1"
"Plainville_NY","1"
"South Butler_NY","1"
"Syracuse_NY","1"
"Mc Connellsville_NY","1"
"Rome_NY","1"
"Sangerfield_NY","1"
"Solsville_NY","1"
"Van Hornesville_NY","1"
"Washington Mills_NY","1"
"West Eaton_NY","1"
"Utica_NY","1"
"Bible School Park_NY","1"
"Chenango Bridge_NY","1"
"Colliersville_NY","1"
"Corbettsville_NY","1"
"Endicott_NY","1"
"Fishs Eddy_NY","1"
"North Norwich_NY","1"
"Shinhopple_NY","1"
"Smithboro_NY","1"
"Tioga Center_NY","1"
"Vestal_NY","1"
"West Davenport_NY","1"
"Binghamton_NY","1"
"Athol Springs_NY","1"
"Batavia_NY","1"
"Brant_NY","1"
"Crittenden_NY","1"
"Java Village_NY","1"
"Lockport_NY","1"
"Model City_NY","1"
"Niagara University_NY","1"
"North Boston_NY","1"
"Sandusky_NY","1"
"Spring Brook_NY","1"
"Stella Niagara_NY","1"
"Tonawanda_NY","1"
"Buffalo_NY","1"
"Niagara Falls_NY","1"
"Adams Basin_NY","1"
"Alton_NY","1"
"Clarendon_NY","1"
"Clarkson_NY","1"
"East Bloomfield_NY","1"
"East Williamson_NY","1"
"Fancher_NY","1"
"Fishers_NY","1"
"North Greece_NY","1"
"Ontario Center_NY","1"
"Perkinsville_NY","1"
"Pultneyville_NY","1"
"Retsof_NY","1"
"Rose_NY","1"
"Sonyea_NY","1"
"Union Hill_NY","1"
"Rochester_NY","1"
"Jamestown_NY","1"
"Celoron_NY","1"
"East Randolph_NY","1"
"Leon_NY","1"
"Maple Springs_NY","1"
"Niobe_NY","1"
"Otto_NY","1"
"Saint Bonaventure_NY","1"
"West Clarksville_NY","1"
"Coopers Plains_NY","1"
"Ithaca_NY","1"
"Kanona_NY","1"
"Lakemont_NY","1"
"Mecklenburg_NY","1"
"Tyrone_NY","1"
"Wayne_NY","1"
"Elmira_NY","1"
"Bairdford_PA","1"
"Curtisville_PA","1"
"New Kensington_PA","1"
"Pricedale_PA","1"
"Rural Ridge_PA","1"
"Shippingport_PA","1"
"Webster_PA","1"
"Wildwood_PA","1"
"Warrendale_PA","1"
"Ingomar_PA","1"
"Mckeesport_PA","1"
"Pittsburgh_PA","1"
"Brave_PA","1"
"Crucible_PA","1"
"Gastonville_PA","1"
"Meadow Lands_PA","1"
"Muse_PA","1"
"Taylorstown_PA","1"
"Westland_PA","1"
"Brier Hill_PA","1"
"Elco_PA","1"
"Fairbank_PA","1"
"Gans_PA","1"
"Hibbs_PA","1"
"Jacobs Creek_PA","1"
"Leisenring_PA","1"
"New Geneva_PA","1"
"Ursina_PA","1"
"West Leisenring_PA","1"
"Hidden Valley_PA","1"
"Listie_PA","1"
"New Baltimore_PA","1"
"West Salisbury_PA","1"
"Greensburg_PA","1"
"Armbrust_PA","1"
"Bovard_PA","1"
"Hostetter_PA","1"
"Norvelt_PA","1"
"Southwest_PA","1"
"Stahlstown_PA","1"
"Wendel_PA","1"
"Whitney_PA","1"
"Youngstown_PA","1"
"Arcadia_PA","1"
"Brush Valley_PA","1"
"Burnside_PA","1"
"Clune_PA","1"
"Dixonville_PA","1"
"Frostburg_PA","1"
"Marchand_PA","1"
"Mentcle_PA","1"
"Brandy Camp_PA","1"
"Dagus Mines_PA","1"
"Stump Creek_PA","1"
"Johnstown_PA","1"
"Jerome_PA","1"
"Tire Hill_PA","1"
"Butler_PA","1"
"Boyers_PA","1"
"Branchton_PA","1"
"Herman_PA","1"
"North Washington_PA","1"
"Turkey City_PA","1"
"New Castle_PA","1"
"Villa Maria_PA","1"
"New Wilmington_PA","1"
"Cadogan_PA","1"
"Kittanning_PA","1"
"Crown_PA","1"
"Curllsville_PA","1"
"Distant_PA","1"
"Fisher_PA","1"
"Limestone_PA","1"
"Snydersburg_PA","1"
"Widnoon_PA","1"
"Yatesboro_PA","1"
"East Hickory_PA","1"
"Endeavor_PA","1"
"Hydetown_PA","1"
"Ludlow_PA","1"
"Tylersburg_PA","1"
"Warren_PA","1"
"Clintonville_PA","1"
"Lamartine_PA","1"
"Meadville_PA","1"
"Harmonsburg_PA","1"
"Riceville_PA","1"
"Edinboro_PA","1"
"Erie_PA","1"
"Altoona_PA","1"
"Curryville_PA","1"
"Glasgow_PA","1"
"Huntingdon_PA","1"
"Mc Connellstown_PA","1"
"Morann_PA","1"
"Saint Boniface_PA","1"
"Smokerun_PA","1"
"Tipton_PA","1"
"Wood_PA","1"
"Houtzdale_PA","1"
"Cresson_PA","1"
"Crosby_PA","1"
"De Young_PA","1"
"East Smethport_PA","1"
"State College_PA","1"
"Bigler_PA","1"
"Drifting_PA","1"
"Mineral Springs_PA","1"
"Mingoville_PA","1"
"Shawville_PA","1"
"Cowanesque_PA","1"
"Nelson_PA","1"
"Sylvania_PA","1"
"Camp Hill_PA","1"
"Bowmansdale_PA","1"
"Campbelltown_PA","1"
"Grantham_PA","1"
"Kleinfeltersville_PA","1"
"Lawn_PA","1"
"Mattawana_PA","1"
"Mexico_PA","1"
"Ono_PA","1"
"Quentin_PA","1"
"Rexmont_PA","1"
"Lebanon_PA","1"
"Harrisburg_PA","1"
"Lemasters_PA","1"
"Quincy_PA","1"
"Shady Grove_PA","1"
"Williamson_PA","1"
"Zullinger_PA","1"
"Arendtsville_PA","1"
"Cashtown_PA","1"
"Codorus_PA","1"
"Emigsville_PA","1"
"Franklintown_PA","1"
"Gettysburg_PA","1"
"Hanover_PA","1"
"Loganville_PA","1"
"Mc Knightstown_PA","1"
"Porters Sideling_PA","1"
"Rossville_PA","1"
"Peach Glen_PA","1"
"York_PA","1"
"Bart_PA","1"
"Bausman_PA","1"
"Blue Ball_PA","1"
"Bowmansville_PA","1"
"Elm_PA","1"
"Hopeland_PA","1"
"Intercourse_PA","1"
"Lampeter_PA","1"
"Martindale_PA","1"
"Penryn_PA","1"
"Reamstown_PA","1"
"Rheems_PA","1"
"Lancaster_PA","1"
"Silver Spring_PA","1"
"West Willow_PA","1"
"Witmer_PA","1"
"Williamsport_PA","1"
"Antes Fort_PA","1"
"Castanea_PA","1"
"Grover_PA","1"
"North Bend_PA","1"
"Jersey Mills_PA","1"
"Mackeyville_PA","1"
"Ralston_PA","1"
"Salona_PA","1"
"Tylersville_PA","1"
"Lightstreet_PA","1"
"Beaver Springs_PA","1"
"Numidia_PA","1"
"Potts Grove_PA","1"
"Snydertown_PA","1"
"Troxelville_PA","1"
"Frackville_PA","1"
"Landingville_PA","1"
"Lavelle_PA","1"
"Llewellyn_PA","1"
"Lost Creek_PA","1"
"Ravine_PA","1"
"Seltzer_PA","1"
"Lehigh Valley_PA","1"
"Ackermanville_PA","1"
"Aquashicola_PA","1"
"Durham_PA","1"
"Easton_PA","1"
"Flicksville_PA","1"
"Limeport_PA","1"
"Martins Creek_PA","1"
"Old Zionsville_PA","1"
"Sumneytown_PA","1"
"Emmaus_PA","1"
"Allentown_PA","1"
"Drifton_PA","1"
"Ebervale_PA","1"
"Lattimer Mines_PA","1"
"Quakake_PA","1"
"Saint Johns_PA","1"
"Analomink_PA","1"
"Marshalls Creek_PA","1"
"Minisink Hills_PA","1"
"Mountainhome_PA","1"
"Pocono Lake Preserve_PA","1"
"Reeders_PA","1"
"Shawnee On Delaware_PA","1"
"Tamiment_PA","1"
"Unity House_PA","1"
"Chinchilla_PA","1"
"Fleetville_PA","1"
"La Plume_PA","1"
"Olyphant_PA","1"
"Orson_PA","1"
"Rowland_PA","1"
"South Canaan_PA","1"
"Sterling_PA","1"
"Scranton_PA","1"
"Beach Haven_PA","1"
"Cambra_PA","1"
"Lake Winola_PA","1"
"Lehman_PA","1"
"Dallas_PA","1"
"Wilkes Barre_PA","1"
"Brooklyn_PA","1"
"Camptown_PA","1"
"Dimock_PA","1"
"East Smithfield_PA","1"
"Gibson_PA","1"
"South Montrose_PA","1"
"Bedminster_PA","1"
"Blooming Glen_PA","1"
"Carversville_PA","1"
"Danboro_PA","1"
"Earlington_PA","1"
"Forest Grove_PA","1"
"Franconia_PA","1"
"Gardenville_PA","1"
"Holicong_PA","1"
"Lahaska_PA","1"
"Milford Square_PA","1"
"Penns Park_PA","1"
"Pineville_PA","1"
"Plumsteadville_PA","1"
"Rushland_PA","1"
"Salford_PA","1"
"Salfordville_PA","1"
"Solebury_PA","1"
"Spinnerstown_PA","1"
"Tylersport_PA","1"
"Woxall_PA","1"
"Wycombe_PA","1"
"Zionhill_PA","1"
"Warminster_PA","1"
"Chester_PA","1"
"Philadelphia_PA","1"
"Edgemont_PA","1"
"Glen Riddle Lima_PA","1"
"Gradyville_PA","1"
"Fort Washington_PA","1"
"Lenni_PA","1"
"Levittown_PA","1"
"Media_PA","1"
"Wayne_PA","1"
"Holmes_PA","1"
"Brandamore_PA","1"
"Concordville_PA","1"
"Kelton_PA","1"
"Kemblesville_PA","1"
"Lewisville_PA","1"
"Lionville_PA","1"
"Lyndell_PA","1"
"Mendenhall_PA","1"
"Modena_PA","1"
"New London_PA","1"
"Pocopson_PA","1"
"Sadsburyville_PA","1"
"Suplee_PA","1"
"Unionville_PA","1"
"Wagontown_PA","1"
"West Chester_PA","1"
"Westtown_PA","1"
"Southeastern_PA","1"
"Norristown_PA","1"
"Audubon_PA","1"
"Eagleville_PA","1"
"Fairview Village_PA","1"
"Arcola_PA","1"
"Birchrunville_PA","1"
"Blue Bell_PA","1"
"Conshohocken_PA","1"
"Creamery_PA","1"
"Devault_PA","1"
"Harleysville_PA","1"
"Lederach_PA","1"
"Mainland_PA","1"
"North Wales_PA","1"
"Oaks_PA","1"
"Saint Peters_PA","1"
"Skippack_PA","1"
"Spring Mount_PA","1"
"Uwchland_PA","1"
"Valley Forge_PA","1"
"West Point_PA","1"
"King Of Prussia_PA","1"
"Worcester_PA","1"
"Centerport_PA","1"
"Geigertown_PA","1"
"Pine Forge_PA","1"
"Reading_PA","1"
"Kirkwood_DE","1"
"Montchanin_DE","1"
"Newark_DE","1"
"New Castle_DE","1"
"Wilmington_DE","1"
"Dover_DE","1"
"Little Creek_DE","1"
"Nassau_DE","1"
"Washington_DC","1"
"Purcellville_VA","1"
"Casanova_VA","1"
"Rectortown_VA","1"
"Round Hill_VA","1"
"Ashburn_VA","1"
"Hamilton_VA","1"
"Leesburg_VA","1"
"Upperville_VA","1"
"Warrenton_VA","1"
"Washington Navy Yard_DC","1"
"Waldorf_MD","1"
"Barstow_MD","1"
"Compton_MD","1"
"Helen_MD","1"
"Ironsides_MD","1"
"Morganza_MD","1"
"Rock Point_MD","1"
"Southern Md Facility_MD","1"
"Lanham_MD","1"
"Beltsville_MD","1"
"Laurel_MD","1"
"Bowie_MD","1"
"Capitol Heights_MD","1"
"College Park_MD","1"
"Fort Washington_MD","1"
"Oxon Hill_MD","1"
"Suitland_MD","1"
"District Heights_MD","1"
"Temple Hills_MD","1"
"Greenbelt_MD","1"
"Upper Marlboro_MD","1"
"Hyattsville_MD","1"
"Bethesda_MD","1"
"Chevy Chase_MD","1"
"Olney_MD","1"
"Rockville_MD","1"
"Potomac_MD","1"
"Germantown_MD","1"
"Gaithersburg_MD","1"
"Kensington_MD","1"
"Suburb Maryland Fac_MD","1"
"Silver Spring_MD","1"
"Takoma Park_MD","1"
"Benson_MD","1"
"Boring_MD","1"
"Butler_MD","1"
"Chase_MD","1"
"Ellicott City_MD","1"
"Glen Burnie_MD","1"
"Hunt Valley_MD","1"
"Lineboro_MD","1"
"Long Green_MD","1"
"Lutherville Timonium_MD","1"
"Hanover_MD","1"
"Mayo_MD","1"
"Pasadena_MD","1"
"Riderwood_MD","1"
"Simpsonville_MD","1"
"Baltimore_MD","1"
"Pikesville_MD","1"
"Towson_MD","1"
"Annapolis_MD","1"
"Cumberland_MD","1"
"Corriganville_MD","1"
"Eckhart Mines_MD","1"
"Midlothian_MD","1"
"Pinto_MD","1"
"Easton_MD","1"
"Bethlehem_MD","1"
"Price_MD","1"
"Templeville_MD","1"
"Ridgely_MD","1"
"Chestertown_MD","1"
"Frederick_MD","1"
"Braddock Heights_MD","1"
"Chewsville_MD","1"
"Hagerstown_MD","1"
"New Midway_MD","1"
"Saint James_MD","1"
"Unionville_MD","1"
"Salisbury_MD","1"
"Ocean City_MD","1"
"Powellville_MD","1"
"Rehobeth_MD","1"
"Upper Fairmount_MD","1"
"Childs_MD","1"
"Elkton_MD","1"
"Winchester_VA","1"
"Brucetown_VA","1"
"Fishers Hill_VA","1"
"Wolftown_VA","1"
"Harrisonburg_VA","1"
"Lacey Spring_VA","1"
"Ivy_VA","1"
"White Hall_VA","1"
"Capeville_VA","1"
"Cheriton_VA","1"
"Craddockville_VA","1"
"Davis Wharf_VA","1"
"Eastville_VA","1"
"Oak Hall_VA","1"
"Jamesville_VA","1"
"Jenkins Bridge_VA","1"
"Modest Town_VA","1"
"Nelsonia_VA","1"
"Oyster_VA","1"
"Seaview_VA","1"
"Wardtown_VA","1"
"Wattsville_VA","1"
"Head Waters_VA","1"
"Mustoe_VA","1"
"Covel_WV","1"
"Hiawatha_WV","1"
"Kegley_WV","1"
"Kellysville_WV","1"
"Montcalm_WV","1"
"Nemours_WV","1"
"Wolfe_WV","1"
"Avondale_WV","1"
"Bartley_WV","1"
"Big Sandy_WV","1"
"Bradshaw_WV","1"
"Cucumber_WV","1"
"Eckman_WV","1"
"Hemphill_WV","1"
"Hensley_WV","1"
"Ikes Fork_WV","1"
"Justice_WV","1"
"Kimball_WV","1"
"Kopperston_WV","1"
"Lynco_WV","1"
"Marianna_WV","1"
"Matheny_WV","1"
"Maybeury_WV","1"
"New Richmond_WV","1"
"Premier_WV","1"
"Rock View_WV","1"
"Roderfield_WV","1"
"Switchback_WV","1"
"Thorpe_WV","1"
"Wilcoe_WV","1"
"Wyoming_WV","1"
"Fairlea_WV","1"
"Ballard_WV","1"
"White Sulphur Springs_WV","1"
"Secondcreek_WV","1"
"Sinks Grove_WV","1"
"Talcott_WV","1"
"Wayside_WV","1"
"Wolfcreek_WV","1"
"Alloy_WV","1"
"Blue Creek_WV","1"
"Boomer_WV","1"
"Cannelton_WV","1"
"Charlton Heights_WV","1"
"Dawes_WV","1"
"Deep Water_WV","1"
"Falling Rock_WV","1"
"Glen Ferris_WV","1"
"Hometown_WV","1"
"Institute_WV","1"
"London_WV","1"
"Mammoth_WV","1"
"Page_WV","1"
"Pinch_WV","1"
"Mount Olive_WV","1"
"Tad_WV","1"
"Hartford_WV","1"
"Charleston_WV","1"
"Martinsburg_WV","1"
"Bakerton_WV","1"
"Halltown_WV","1"
"Levels_WV","1"
"Ridgeway_WV","1"
"Big Creek_WV","1"
"Shoals_WV","1"
"Teays_WV","1"
"Woodville_WV","1"
"Baisden_WV","1"
"Bruno_WV","1"
"Cora_WV","1"
"Henlawson_WV","1"
"Kistler_WV","1"
"Mallory_WV","1"
"Mount Gay_WV","1"
"Peach Creek_WV","1"
"Sarah Ann_WV","1"
"Switzer_WV","1"
"Verner_WV","1"
"Wharncliffe_WV","1"
"Borderland_WV","1"
"Breeden_WV","1"
"Chattaroy_WV","1"
"Edgarton_WV","1"
"Naugatuck_WV","1"
"Newtown_WV","1"
"North Matewan_WV","1"
"Ragland_WV","1"
"Rawl_WV","1"
"Varney_WV","1"
"Huntington_WV","1"
"Beckley_WV","1"
"Allen Junction_WV","1"
"Dothan_WV","1"
"Glen Jean_WV","1"
"Hilltop_WV","1"
"Lanark_WV","1"
"Maben_WV","1"
"Mc Graws_WV","1"
"Saulsville_WV","1"
"Minden_WV","1"
"Mount Hope_WV","1"
"Piney View_WV","1"
"Prince_WV","1"
"Skelton_WV","1"
"Stanaford_WV","1"
"Stephenson_WV","1"
"Thurmond_WV","1"
"Wyco_WV","1"
"Elton_WV","1"
"Green Sulphur Springs_WV","1"
"Leslie_WV","1"
"Meadow Creek_WV","1"
"Nimitz_WV","1"
"Sandstone_WV","1"
"Spring Dale_WV","1"
"New Manchester_WV","1"
"Parkersburg_WV","1"
"Mineral Wells_WV","1"
"Reader_WV","1"
"Adrian_WV","1"
"Frenchton_WV","1"
"Kanawha Head_WV","1"
"Lorentz_WV","1"
"Selbyville_WV","1"
"Dailey_WV","1"
"Junior_WV","1"
"Norton_WV","1"
"Valley Bend_WV","1"
"Bergoo_WV","1"
"Clarksburg_WV","1"
"Anmoore_WV","1"
"Flemington_WV","1"
"Folsom_WV","1"
"Gypsy_WV","1"
"Haywood_WV","1"
"Hepzibah_WV","1"
"Reynoldsville_WV","1"
"Rosemont_WV","1"
"Simpson_WV","1"
"Smithburg_WV","1"
"Smithfield_WV","1"
"Spelter_WV","1"
"Wilsonburg_WV","1"
"Wyatt_WV","1"
"Morgantown_WV","1"
"Bretz_WV","1"
"Cassville_WV","1"
"Dellslow_WV","1"
"Osage_WV","1"
"Fairmont_WV","1"
"Big Run_WV","1"
"Colfax_WV","1"
"Enterprise_WV","1"
"Four States_WV","1"
"Idamay_WV","1"
"Kingmont_WV","1"
"Drennen_WV","1"
"Keslers Cross Lanes_WV","1"
"Delray_WV","1"
"Lahmansville_WV","1"
"Shanks_WV","1"
"Bloomery_WV","1"
"Capon Springs_WV","1"
"Yellow Spring_WV","1"
"Lockbourne_OH","1"
"Groveport_OH","1"
"Columbus_OH","1"
"Laings_OH","1"
"Sycamore Valley_OH","1"
"Colerain_OH","1"
"East Springfield_OH","1"
"Fairpoint_OH","1"
"Maynard_OH","1"
"Piney Fork_OH","1"
"Warnock_OH","1"
"Ashtabula_OH","1"
"Elyria_OH","1"
"Mentor_OH","1"
"North Kingsville_OH","1"
"Unionville_OH","1"
"Willoughby_OH","1"
"Eastlake_OH","1"
"Cleveland_OH","1"
"Bath_OH","1"
"Cuyahoga Falls_OH","1"
"Kent_OH","1"
"Lakemore_OH","1"
"Medina_OH","1"
"Randolph_OH","1"
"Wadsworth_OH","1"
"Akron_OH","1"
"Fairlawn_OH","1"
"Warren_OH","1"
"Youngstown_OH","1"
"Berlin_OH","1"
"Massillon_OH","1"
"Maximo_OH","1"
"Canton_OH","1"
"Sandusky_OH","1"
"Mansfield_OH","1"
"Evansville_IN","1"
"Parcel Return Service_DC","1"
"North Pole_DC","1"
"Herndon_VA","1"
"Reston_VA","1"
"Burke_VA","1"
"Mc Lean_VA","1"
"Mount Vernon_VA","1"
"Newington_VA","1"
"Alexandria_VA","1"
"Charlottesville_VA","1"
"Achilles_VA","1"
"Ark_VA","1"
"Barhamsville_VA","1"
"Bena_VA","1"
"Christchurch_VA","1"
"Cobbs Creek_VA","1"
"Deltaville_VA","1"
"Gloucester_VA","1"
"Gloucester Point_VA","1"
"Grimstead_VA","1"
"Hallieford_VA","1"
"Hardyville_VA","1"
"Hartfield_VA","1"
"Hayes_VA","1"
"Jamestown_VA","1"
"Lanexa_VA","1"
"Lightfoot_VA","1"
"Locust Hill_VA","1"
"Maryus_VA","1"
"Mathews_VA","1"
"Mattaponi_VA","1"
"Mineral_VA","1"
"Norge_VA","1"
"North_VA","1"
"Ordinary_VA","1"
"Providence Forge_VA","1"
"Saluda_VA","1"
"Schley_VA","1"
"Severn_VA","1"
"Toano_VA","1"
"Topping_VA","1"
"Wake_VA","1"
"Ware Neck_VA","1"
"West Point_VA","1"
"White Marsh_VA","1"
"Wicomico_VA","1"
"Williamsburg_VA","1"
"Woods Cross Roads_VA","1"
"Henrico_VA","1"
"Battery Park_VA","1"
"Carrollton_VA","1"
"Carrsville_VA","1"
"Chesapeake_VA","1"
"Isle Of Wight_VA","1"
"Rescue_VA","1"
"Smithfield_VA","1"
"Suffolk_VA","1"
"Virginia Beach_VA","1"
"Norfolk_VA","1"
"Newport News_VA","1"
"Hampton_VA","1"
"Lackey_VA","1"
"Portsmouth_VA","1"
"Courtland_VA","1"
"Dendron_VA","1"
"Elberon_VA","1"
"Franklin_VA","1"
"Ivor_VA","1"
"Sedley_VA","1"
"Surry_VA","1"
"Wakefield_VA","1"
"Waverly_VA","1"
"Zuni_VA","1"
"Claremont_VA","1"
"Evergreen_VA","1"
"Roanoke_VA","1"
"Bassett_VA","1"
"Blacksburg_VA","1"
"Ridgeway_VA","1"
"Bristol_VA","1"
"Abingdon_VA","1"
"Andover_VA","1"
"Ben Hur_VA","1"
"East Stone Gap_VA","1"
"Lynchburg_VA","1"
"Burkes Garden_VA","1"
"Doran_VA","1"
"Horsepen_VA","1"
"Red Ash_VA","1"
"Woodleaf_NC","1"
"Mamers_NC","1"
"Jamesville_NC","1"
"Elizabeth City_NC","1"
"Avon_NC","1"
"Aydlett_NC","1"
"Barco_NC","1"
"Belvidere_NC","1"
"Buxton_NC","1"
"Camden_NC","1"
"Coinjock_NC","1"
"Corapeake_NC","1"
"Corolla_NC","1"
"Currituck_NC","1"
"Hertford_NC","1"
"Edenton_NC","1"
"Eure_NC","1"
"Frisco_NC","1"
"Gates_NC","1"
"Gatesville_NC","1"
"Grandy_NC","1"
"Harbinger_NC","1"
"Harrellsville_NC","1"
"Hatteras_NC","1"
"Hobbsville_NC","1"
"Jarvisburg_NC","1"
"Kill Devil Hills_NC","1"
"Kitty Hawk_NC","1"
"Knotts Island_NC","1"
"Manns Harbor_NC","1"
"Manteo_NC","1"
"Maple_NC","1"
"Merry Hill_NC","1"
"Moyock_NC","1"
"Nags Head_NC","1"
"Ocracoke_NC","1"
"Point Harbor_NC","1"
"Poplar Branch_NC","1"
"Powells Point_NC","1"
"Rodanthe_NC","1"
"Roduco_NC","1"
"Roper_NC","1"
"Salvo_NC","1"
"Concord_NC","1"
"Davidson_NC","1"
"Gastonia_NC","1"
"Huntersville_NC","1"
"Indian Trail_NC","1"
"Kannapolis_NC","1"
"Lincolnton_NC","1"
"Matthews_NC","1"
"Mount Holly_NC","1"
"Mount Mourne_NC","1"
"Charlotte_NC","1"
"Hickory_NC","1"
"Lenoir_NC","1"
"Statesville_NC","1"
"Turnersburg_NC","1"
"Scotts_NC","1"
"Beaufort_SC","1"
"Parris Island_SC","1"
"Hilton Head Island_SC","1"
"Lobeco_SC","1"
"Century_FL","1"
"Vero Beach_FL","1"
"Wabasso_FL","1"
"Winter Beach_FL","1"
"Hialeah_FL","1"
"Pompano Beach_FL","1"
"Coral Springs_FL","1"
"Hollywood_FL","1"
"Pembroke Pines_FL","1"
"Homestead_FL","1"
"Margate_FL","1"
"Coconut Creek_FL","1"
"Miami_FL","1"
"Coral Gables_FL","1"
"Miami Beach_FL","1"
"Fort Lauderdale_FL","1"
"West Palm Beach_FL","1"
"Royal Palm Beach_FL","1"
"Boynton Beach_FL","1"
"Boca Raton_FL","1"
"Canal Point_FL","1"
"Deerfield Beach_FL","1"
"Delray Beach_FL","1"
"Greenacres_FL","1"
"Lake Worth_FL","1"
"Jupiter_FL","1"
"Hobe Sound_FL","1"
"Crystal Springs_FL","1"
"Dade City_FL","1"
"Zephyrhills_FL","1"
"Sydney_FL","1"
"Tampa_FL","1"
"Avon Park_FL","1"
"Lake Placid_FL","1"
"Sebring_FL","1"
"Fort Myers_FL","1"
"Cape Coral_FL","1"
"North Fort Myers_FL","1"
"El Jobean_FL","1"
"Estero_FL","1"
"Fort Myers Beach_FL","1"
"Murdock_FL","1"
"Port Charlotte_FL","1"
"Punta Gorda_FL","1"
"Lehigh Acres_FL","1"
"Labelle_FL","1"
"Naples_FL","1"
"Bonita Springs_FL","1"
"Immokalee_FL","1"
"Marco Island_FL","1"
"Bradenton_FL","1"
"Holmes Beach_FL","1"
"Sarasota_FL","1"
"Oneco_FL","1"
"Arcadia_FL","1"
"Fort Ogden_FL","1"
"Nocatee_FL","1"
"Nokomis_FL","1"
"North Port_FL","1"
"Brooksville_FL","1"
"Spring Hill_FL","1"
"New Port Richey_FL","1"
"Port Richey_FL","1"
"Hudson_FL","1"
"Palm Harbor_FL","1"
"Fort Pierce_FL","1"
"Jensen Beach_FL","1"
"Port Saint Lucie_FL","1"
"Palm City_FL","1"
"Port Salerno_FL","1"
"Stuart_FL","1"
"Bakewell_TN","1"
"Collegedale_TN","1"
"Conasauga_TN","1"
"Cleveland_TN","1"
"Athens_TN","1"
"Soddy Daisy_TN","1"
"Chattanooga_TN","1"
"Johnson City_TN","1"
"Bristol_TN","1"
"Elizabethton_TN","1"
"Kingsport_TN","1"
"Mountain Home_TN","1"
"Arthur_TN","1"
"Clinton_TN","1"
"Eagan_TN","1"
"Greeneville_TN","1"
"Lone Mountain_TN","1"
"Lowland_TN","1"
"Morristown_TN","1"
"Newport_TN","1"
"New Tazewell_TN","1"
"Oak Ridge_TN","1"
"Sevierville_TN","1"
"Shawanee_TN","1"
"Pigeon Forge_TN","1"
"White Pine_TN","1"
"Knoxville_TN","1"
"Sterling_IL","1"
"North Thetford_VT","1"
"Thetford_VT","1"
"West Newbury_VT","1"
"Burlington_VT","1"
"South Burlington_VT","1"
"Colchester_VT","1"
"Essex_VT","1"
"Essex Junction_VT","1"
"Highgate Springs_VT","1"
"Jonesville_VT","1"
"Monkton_VT","1"
"Montgomery_VT","1"
"Montpelier_VT","1"
"Lake Elmore_VT","1"
"Moscow_VT","1"
"Northfield Falls_VT","1"
"North Hyde Park_VT","1"
"South Barre_VT","1"
"Rutland_VT","1"
"East Middlebury_VT","1"
"Forest Dale_VT","1"
"Hydeville_VT","1"
"Beebe Plain_VT","1"
"Danville_VT","1"
"Lyndonville_VT","1"
"Alexander City_AL","1"
"Allgood_AL","1"
"Alton_AL","1"
"Bessemer_AL","1"
"Burnwell_AL","1"
"Cardiff_AL","1"
"Clanton_AL","1"
"Clay_AL","1"
"Cook Springs_AL","1"
"Cullman_AL","1"
"Hollins_AL","1"
"Palmerdale_AL","1"
"Saginaw_AL","1"
"Shannon_AL","1"
"Siluria_AL","1"
"Talladega_AL","1"
"Wattsville_AL","1"
"Westover_AL","1"
"Birmingham_AL","1"
"Tuscaloosa_AL","1"
"Abernant_AL","1"
"Clinton_AL","1"
"Kellerman_AL","1"
"Panola_AL","1"
"Peterson_AL","1"
"Samantha_AL","1"
"West Greene_AL","1"
"Jasper_AL","1"
"Belk_AL","1"
"Delmar_AL","1"
"Glen Allen_AL","1"
"Goodsprings_AL","1"
"Decatur_AL","1"
"Athens_AL","1"
"Belle Mina_AL","1"
"Cloverdale_AL","1"
"Florence_AL","1"
"Muscle Shoals_AL","1"
"Capshaw_AL","1"
"Normal_AL","1"
"Ryland_AL","1"
"Huntsville_AL","1"
"Gadsden_AL","1"
"Cedar Bluff_AL","1"
"Douglas_AL","1"
"Chapman_AL","1"
"East Tallassee_AL","1"
"Gantt_AL","1"
"Hardaway_AL","1"
"Kent_AL","1"
"Mount Meigs_AL","1"
"Perote_AL","1"
"Petrey_AL","1"
"Pine Level_AL","1"
"Prattville_AL","1"
"Eufaula_AL","1"
"Shorter_AL","1"
"Tuskegee Institute_AL","1"
"Montgomery_AL","1"
"Anniston_AL","1"
"Bynum_AL","1"
"De Armanville_AL","1"
"Edwardsville_AL","1"
"Graham_AL","1"
"Spring Garden_AL","1"
"Dothan_AL","1"
"Enterprise_AL","1"
"Malvern_AL","1"
"Ozark_AL","1"
"Brooklyn_AL","1"
"Uriah_AL","1"
"Lockhart_AL","1"
"Megargel_AL","1"
"Mexia_AL","1"
"Monroeville_AL","1"
"Perdue Hill_AL","1"
"Jackson_AL","1"
"Atmore_AL","1"
"Calvert_AL","1"
"Fairhope_AL","1"
"Gulf Shores_AL","1"
"Montrose_AL","1"
"Point Clear_AL","1"
"Saint Elmo_AL","1"
"Theodore_AL","1"
"Mobile_AL","1"
"Selma_AL","1"
"Annemanie_AL","1"
"Mc Williams_AL","1"
"Morvin_AL","1"
"Myrtlewood_AL","1"
"Oak Hill_AL","1"
"Holy Trinity_AL","1"
"Phenix City_AL","1"
"Memphis_TN","1"
"Braden_TN","1"
"Brunswick_TN","1"
"Crockett Mills_TN","1"
"Collierville_TN","1"
"Ellendale_TN","1"
"Laconia_TN","1"
"La Grange_TN","1"
"Macon_TN","1"
"Millington_TN","1"
"Cordova_TN","1"
"Germantown_TN","1"
"Jackson_TN","1"
"Clarksburg_TN","1"
"Fruitvale_TN","1"
"Pickwick Dam_TN","1"
"Silerton_TN","1"
"Spring Creek_TN","1"
"Chewalla_TN","1"
"Arkabutla_MS","1"
"Marks_MS","1"
"Crowder_MS","1"
"Sledge_MS","1"
"Farrell_MS","1"
"Holly Springs_MS","1"
"Independence_MS","1"
"Jonestown_MS","1"
"Mount Pleasant_MS","1"
"Sherard_MS","1"
"Oxford_MS","1"
"Victoria_MS","1"
"Walls_MS","1"
"Greenville_MS","1"
"Arcola_MS","1"
"Parchman_MS","1"
"Grace_MS","1"
"Indianola_MS","1"
"Pace_MS","1"
"Rena Lara_MS","1"
"Wayside_MS","1"
"Winterville_MS","1"
"Tupelo_MS","1"
"Algoma_MS","1"
"Becker_MS","1"
"Corinth_MS","1"
"Toccopola_MS","1"
"Trebloc_MS","1"
"Grenada_MS","1"
"Elliott_MS","1"
"Greenwood_MS","1"
"Slate Spring_MS","1"
"Swan Lake_MS","1"
"Swiftown_MS","1"
"Tie Plant_MS","1"
"Tippo_MS","1"
"Brandon_MS","1"
"Clinton_MS","1"
"D Lo_MS","1"
"Harperville_MS","1"
"Fayette_MS","1"
"Hillsboro_MS","1"
"Ludlow_MS","1"
"Mc Adams_MS","1"
"Madden_MS","1"
"Midnight_MS","1"
"Natchez_MS","1"
"Madison_MS","1"
"Piney Woods_MS","1"
"Puckett_MS","1"
"Ridgeland_MS","1"
"Sandhill_MS","1"
"Sharon_MS","1"
"Sibley_MS","1"
"Thomastown_MS","1"
"Vicksburg_MS","1"
"Washington_MS","1"
"Whitfield_MS","1"
"Jackson_MS","1"
"Pearl_MS","1"
"Meridian_MS","1"
"Clara_MS","1"
"Hattiesburg_MS","1"
"Laurel_MS","1"
"Mc Neill_MS","1"
"Moss_MS","1"
"Sandersville_MS","1"
"Gulfport_MS","1"
"Bay Saint Louis_MS","1"
"Stennis Space Center_MS","1"
"Biloxi_MS","1"
"Escatawpa_MS","1"
"Hurley_MS","1"
"Lakeshore_MS","1"
"Ocean Springs_MS","1"
"Pascagoula_MS","1"
"Brookhaven_MS","1"
"Mccomb_MS","1"
"Columbus_MS","1"
"Montpelier_MS","1"
"Starkville_MS","1"
"Mississippi State_MS","1"
"Elizabethtown_KY","1"
"Gypsum_OH","1"
"Lacarne_OH","1"
"Rocky Ridge_OH","1"
"Perrysburg_OH","1"
"Oregon_OH","1"
"Sulphur Springs_OH","1"
"Anderson_IN","1"
"Noblesville_IN","1"
"Sedalia_IN","1"
"Carmel_IN","1"
"Fishers_IN","1"
"Eminence_IN","1"
"Finly_IN","1"
"Putnamville_IN","1"
"Indianapolis_IN","1"
"Crown Point_IN","1"
"East Chicago_IN","1"
"Hammond_IN","1"
"Kingsford Heights_IN","1"
"La Porte_IN","1"
"Michigan City_IN","1"
"Sumava Resorts_IN","1"
"Tefft_IN","1"
"Valparaiso_IN","1"
"Merrillville_IN","1"
"Tyner_IN","1"
"Warsaw_IN","1"
"Bippus_IN","1"
"Linn Grove_IN","1"
"Pleasant Mills_IN","1"
"Preble_IN","1"
"South Milford_IN","1"
"Stroh_IN","1"
"Wolflake_IN","1"
"Fort Wayne_IN","1"
"Kokomo_IN","1"
"Athens_IN","1"
"Burrows_IN","1"
"Deedsville_IN","1"
"Delong_IN","1"
"Grass Creek_IN","1"
"Lake Cicott_IN","1"
"Leiters Ford_IN","1"
"Grissom Arb_IN","1"
"Rockfield_IN","1"
"Servia_IN","1"
"Somerset_IN","1"
"Sweetser_IN","1"
"West Middleton_IN","1"
"Young America_IN","1"
"Napoleon_IN","1"
"Pierceville_IN","1"
"Bradford_IN","1"
"Jeffersonville_IN","1"
"Little York_IN","1"
"Mount Saint Francis_IN","1"
"Columbus_IN","1"
"Cortland_IN","1"
"Hayden_IN","1"
"Kurtz_IN","1"
"Millhousen_IN","1"
"Muncie_IN","1"
"Bentonville_IN","1"
"New Lisbon_IN","1"
"Richmond_IN","1"
"Webster_IN","1"
"Bloomington_IN","1"
"Clear Creek_IN","1"
"Fort Ritner_IN","1"
"Koleen_IN","1"
"Midland_IN","1"
"Scotland_IN","1"
"Smithville_IN","1"
"Stanford_IN","1"
"Fulda_IN","1"
"Ireland_IN","1"
"Mariah Hill_IN","1"
"Westphalia_IN","1"
"Folsomville_IN","1"
"Hatfield_IN","1"
"Inglefield_IN","1"
"Newburgh_IN","1"
"Buckskin_IN","1"
"Terre Haute_IN","1"
"Bellmore_IN","1"
"Coalmont_IN","1"
"Graysville_IN","1"
"Judson_IN","1"
"Sullivan_IN","1"
"Prairie Creek_IN","1"
"Prairieton_IN","1"
"Saint Bernice_IN","1"
"Seelyville_IN","1"
"Lafayette_IN","1"
"Crawfordsville_IN","1"
"Talbot_IN","1"
"Templeton_IN","1"
"Wallace_IN","1"
"West Lafayette_IN","1"
"Boone_IA","1"
"Buckeye_IA","1"
"Garden City_IA","1"
"Gray_IA","1"
"Patterson_IA","1"
"Thornburg_IA","1"
"Whitten_IA","1"
"Des Moines_IA","1"
"Clarion_IA","1"
"Knierim_IA","1"
"Austinville_IA","1"
"Dewar_IA","1"
"Frederika_IA","1"
"Lincoln_IA","1"
"Morrison_IA","1"
"Stout_IA","1"
"Waterloo_IA","1"
"Sioux City_IA","1"
"Council Bluffs_IA","1"
"Dubuque_IA","1"
"Andrew_IA","1"
"Luxemburg_IA","1"
"Saint Donatus_IA","1"
"Springbrook_IA","1"
"Highlandville_IA","1"
"Marquette_IA","1"
"Saint Lucas_IA","1"
"Spillville_IA","1"
"Amana_IA","1"
"Hills_IA","1"
"Iowa City_IA","1"
"Millersburg_IA","1"
"Oakdale_IA","1"
"Troy Mills_IA","1"
"Viola_IA","1"
"Cedar Rapids_IA","1"
"West Grove_IA","1"
"Hayesville_IA","1"
"Martinsburg_IA","1"
"Denmark_IA","1"
"Houghton_IA","1"
"Rome_IA","1"
"Olds_IA","1"
"Pilot Grove_IA","1"
"Swedesburg_IA","1"
"Andover_IA","1"
"Clinton_IA","1"
"Grandview_IA","1"
"Low Moor_IA","1"
"Pleasant Valley_IA","1"
"Welton_IA","1"
"Davenport_IA","1"
"Sioux Falls_SD","1"
"Rapid City_SD","1"
"Burbank_IL","1"
"Stockland_IL","1"
"Rock Island_IL","1"
"Andover_IL","1"
"Barstow_IL","1"
"Buffalo Prairie_IL","1"
"Matherville_IL","1"
"Moline_IL","1"
"Preemption_IL","1"
"Rapids City_IL","1"
"Galesburg_IL","1"
"Fiatt_IL","1"
"Pekin_IL","1"
"East Peoria_IL","1"
"Peoria_IL","1"
"Bloomington_IL","1"
"Lawndale_IL","1"
"Normal_IL","1"
"Urbana_IL","1"
"Champaign_IL","1"
"Edwardsville_IL","1"
"Elsah_IL","1"
"National Stock Yards_IL","1"
"Belleville_IL","1"
"Mascoutah_IL","1"
"Greenville_IL","1"
"Renault_IL","1"
"Decatur_IL","1"
"Ballwin_MO","1"
"Florissant_MO","1"
"Wildwood_MO","1"
"Hematite_MO","1"
"Mapaville_MO","1"
"Morse Mill_MO","1"
"Saint Louis_MO","1"
"Cottleville_MO","1"
"Olney_MO","1"
"Granger_MO","1"
"Plevna_MO","1"
"Saint Patrick_MO","1"
"Cascade_MO","1"
"Reynolds_MO","1"
"Cape Girardeau_MO","1"
"Brazeau_MO","1"
"Farrar_MO","1"
"Perkins_MO","1"
"Mc Bride_MO","1"
"Pocahontas_MO","1"
"Anniston_MO","1"
"Blodgett_MO","1"
"Deering_MO","1"
"Morehouse_MO","1"
"Rives_MO","1"
"Whiteoak_MO","1"
"Wolf Island_MO","1"
"Poplar Bluff_MO","1"
"Briar_MO","1"
"Fagus_MO","1"
"Lodi_MO","1"
"Van Buren_MO","1"
"Lees Summit_MO","1"
"Blue Springs_MO","1"
"Independence_MO","1"
"Liberty_MO","1"
"Mosby_MO","1"
"Strasburg_MO","1"
"Kansas City_MO","1"
"Maysville_MO","1"
"Saint Joseph_MO","1"
"Stet_MO","1"
"Milford_MO","1"
"Roscoe_MO","1"
"Osceola_MO","1"
"Joplin_MO","1"
"Newtonia_MO","1"
"Racine_MO","1"
"Waco_MO","1"
"Laurie_MO","1"
"High Point_MO","1"
"Mc Girk_MO","1"
"Jefferson City_MO","1"
"Renick_MO","1"
"Columbia_MO","1"
"Lake Spring_MO","1"
"Montier_MO","1"
"Caplinger Mills_MO","1"
"Branson_MO","1"
"Butterfield_MO","1"
"Diggins_MO","1"
"Morrisville_MO","1"
"Hardenville_MO","1"
"Hollister_MO","1"
"Brandsville_MO","1"
"Mc Clurg_MO","1"
"Rockbridge_MO","1"
"Turners_MO","1"
"South Fork_MO","1"
"Springfield_MO","1"
"Clearview City_KS","1"
"Olathe_KS","1"
"Potter_KS","1"
"Kansas City_KS","1"
"Mission_KS","1"
"Overland Park_KS","1"
"Lenexa_KS","1"
"Shawnee Mission_KS","1"
"Shawnee_KS","1"
"Fostoria_KS","1"
"Mc Farland_KS","1"
"Manhattan_KS","1"
"Topeka_KS","1"
"Norway_KS","1"
"Hutchinson_KS","1"
"Yoder_KS","1"
"Blair_NE","1"
"Cedar Creek_NE","1"
"Fremont_NE","1"
"St Columbans_NE","1"
"Omaha_NE","1"
"Lincoln_NE","1"
"Columbus_NE","1"
"Norfolk_NE","1"
"Grand Island_NE","1"
"Kearney_NE","1"
"Hastings_NE","1"
"Scottsbluff_NE","1"
"Whiteclay_NE","1"
"Metairie_LA","1"
"Boothville_LA","1"
"Chalmette_LA","1"
"Gretna_LA","1"
"Kenner_LA","1"
"La Place_LA","1"
"Marrero_LA","1"
"Pilottown_LA","1"
"Belle Chasse_LA","1"
"Westwego_LA","1"
"New Orleans_LA","1"
"Thibodaux_LA","1"
"Amelia_LA","1"
"Houma_LA","1"
"Kraemer_LA","1"
"Morgan City_LA","1"
"Paincourtville_LA","1"
"Hammond_LA","1"
"Akers_LA","1"
"Bogalusa_LA","1"
"Natalbany_LA","1"
"Roseland_LA","1"
"Saint Benedict_LA","1"
"Slidell_LA","1"
"Talisheek_LA","1"
"Varnado_LA","1"
"Mandeville_LA","1"
"Lafayette_LA","1"
"Abbeville_LA","1"
"Cade_LA","1"
"Cecilia_LA","1"
"Centerville_LA","1"
"Chataignier_LA","1"
"Crowley_LA","1"
"Estherwood_LA","1"
"Garden City_LA","1"
"New Iberia_LA","1"
"Lydia_LA","1"
"Opelousas_LA","1"
"Reddell_LA","1"
"Iowa_LA","1"
"Leblanc_LA","1"
"Rosepine_LA","1"
"Baker_LA","1"
"Gonzales_LA","1"
"Addis_LA","1"
"Brittany_LA","1"
"Denham Springs_LA","1"
"Duplessis_LA","1"
"Burnside_LA","1"
"Hester_LA","1"
"Plaquemine_LA","1"
"Wakefield_LA","1"
"Watson_LA","1"
"Baton Rouge_LA","1"
"Longstreet_LA","1"
"Minden_LA","1"
"Powhatan_LA","1"
"Taylor_LA","1"
"Bossier City_LA","1"
"Shreveport_LA","1"
"Monroe_LA","1"
"Archibald_LA","1"
"Bastrop_LA","1"
"Crowville_LA","1"
"Fairbanks_LA","1"
"Jigger_LA","1"
"Ruston_LA","1"
"Start_LA","1"
"Swartz_LA","1"
"Tallulah_LA","1"
"West Monroe_LA","1"
"Alexandria_LA","1"
"Acme_LA","1"
"Dupont_LA","1"
"Libuse_LA","1"
"Rhinehart_LA","1"
"Ruby_LA","1"
"Wildsville_LA","1"
"Clarence_LA","1"
"Gardner_LA","1"
"Joyce_LA","1"
"Longleaf_LA","1"
"Natchitoches_LA","1"
"Negreet_LA","1"
"Saint Maurice_LA","1"
"Tioga_LA","1"
"Pine Bluff_AR","1"
"White Hall_AR","1"
"Monticello_AR","1"
"Rohwer_AR","1"
"Yorktown_AR","1"
"Camden_AR","1"
"Beirne_AR","1"
"Curtis_AR","1"
"El Dorado_AR","1"
"Lawson_AR","1"
"Magnolia_AR","1"
"Hope_AR","1"
"Alleene_AR","1"
"Ben Lomond_AR","1"
"Laneburg_AR","1"
"Hot Springs National Park_AR","1"
"Hot Springs Village_AR","1"
"Alpine_AR","1"
"Board Camp_AR","1"
"Friendship_AR","1"
"Oden_AR","1"
"Arkadelphia_AR","1"
"Beedeville_AR","1"
"Benton_AR","1"
"Choctaw_AR","1"
"Conway_AR","1"
"Coy_AR","1"
"Garner_AR","1"
"College Station_AR","1"
"Gregory_AR","1"
"Hickory Plains_AR","1"
"Hunter_AR","1"
"Jacksonport_AR","1"
"Jacksonville_AR","1"
"Keo_AR","1"
"Bryant_AR","1"
"Jones Mill_AR","1"
"Monroe_AR","1"
"North Little Rock_AR","1"
"Reydell_AR","1"
"Russell_AR","1"
"Searcy_AR","1"
"Sweet Home_AR","1"
"Ulm_AR","1"
"Wright_AR","1"
"Mc Crory_AR","1"
"Little Rock_AR","1"
"West Memphis_AR","1"
"Aubrey_AR","1"
"Barton_AR","1"
"Driver_AR","1"
"Forrest City_AR","1"
"Haynes_AR","1"
"La Grange_AR","1"
"Oneida_AR","1"
"Batesville_AR","1"
"Brockwell_AR","1"
"Dolph_AR","1"
"Heber Springs_AR","1"
"Sage_AR","1"
"Salado_AR","1"
"Wiseman_AR","1"
"Harrison_AR","1"
"Beaver_AR","1"
"Diamond City_AR","1"
"Marble Falls_AR","1"
"Mountain Home_AR","1"
"Timbo_AR","1"
"Norfork_AR","1"
"Pindall_AR","1"
"Summit_AR","1"
"Fayetteville_AR","1"
"Avoca_AR","1"
"Elm Springs_AR","1"
"Goshen_AR","1"
"Greenland_AR","1"
"Johnson_AR","1"
"Rogers_AR","1"
"Springdale_AR","1"
"Tontitown_AR","1"
"Russellville_AR","1"
"Centerville_AR","1"
"Fort Smith_AR","1"
"Van Buren_AR","1"
"Albert_OK","1"
"Concho_OK","1"
"Chickasha_OK","1"
"Dibble_OK","1"
"Davis_OK","1"
"Nicoma Park_OK","1"
"Norman_OK","1"
"Edmond_OK","1"
"Yukon_OK","1"
"Washita_OK","1"
"Oklahoma City_OK","1"
"Austin_TX","1"
"Ardmore_OK","1"
"Countyline_OK","1"
"Fox_OK","1"
"Lawton_OK","1"
"Addington_OK","1"
"Altus_OK","1"
"Duncan_OK","1"
"Meers_OK","1"
"Burns Flat_OK","1"
"Elk City_OK","1"
"Enid_OK","1"
"Hopeton_OK","1"
"Southard_OK","1"
"Woodward_OK","1"
"Texhoma_TX","1"
"Bartlesville_OK","1"
"Broken Arrow_OK","1"
"Claremore_OK","1"
"Foyil_OK","1"
"Hallett_OK","1"
"Leonard_OK","1"
"Sapulpa_OK","1"
"Stillwater_OK","1"
"Tulsa_OK","1"
"Disney_OK","1"
"Grove_OK","1"
"Ketchum_OK","1"
"Langley_OK","1"
"Miami_OK","1"
"Pryor_OK","1"
"Twin Oaks_OK","1"
"Muskogee_OK","1"
"Crowder_OK","1"
"Hitchita_OK","1"
"Braggs_OK","1"
"Moodys_OK","1"
"Proctor_OK","1"
"Tahlequah_OK","1"
"Wainwright_OK","1"
"Wagoner_OK","1"
"Mcalester_OK","1"
"Albion_OK","1"
"Alderson_OK","1"
"Blocker_OK","1"
"Atoka_OK","1"
"Gowen_OK","1"
"Haileyville_OK","1"
"Krebs_OK","1"
"Lehigh_OK","1"
"Panola_OK","1"
"Ponca City_OK","1"
"Durant_OK","1"
"Albany_OK","1"
"Golden_OK","1"
"Kemp_OK","1"
"Pickens_OK","1"
"Shawnee_OK","1"
"Seminole_OK","1"
"Ada_OK","1"
"Connerville_OK","1"
"Fittstown_OK","1"
"Monroe_OK","1"
"Carrollton_TX","1"
"Irving_TX","1"
"Plano_TX","1"
"Flower Mound_TX","1"
"Lewisville_TX","1"
"Rowlett_TX","1"
"Frisco_TX","1"
"Garland_TX","1"
"Grand Prairie_TX","1"
"Mckinney_TX","1"
"Richardson_TX","1"
"Sherman_TX","1"
"Cedar Hill_TX","1"
"Elmo_TX","1"
"Ennis_TX","1"
"Desoto_TX","1"
"Fate_TX","1"
"Duncanville_TX","1"
"Corsicana_TX","1"
"Josephine_TX","1"
"Waxahachie_TX","1"
"Mesquite_TX","1"
"Dallas_TX","1"
"Greenville_TX","1"
"Chicota_TX","1"
"Commerce_TX","1"
"Cunningham_TX","1"
"Gober_TX","1"
"Golden_TX","1"
"Mount Pleasant_TX","1"
"Merit_TX","1"
"Randolph_TX","1"
"Sulphur Springs_TX","1"
"Texarkana_TX","1"
"Lodi_TX","1"
"Redwater_TX","1"
"Longview_TX","1"
"Cason_TX","1"
"Elysian Fields_TX","1"
"Henderson_TX","1"
"Joinerville_TX","1"
"Jonesville_TX","1"
"Judson_TX","1"
"Laird Hill_TX","1"
"Marshall_TX","1"
"Minden_TX","1"
"New London_TX","1"
"Panola_TX","1"
"Price_TX","1"
"Scottsville_TX","1"
"Selman City_TX","1"
"Tyler_TX","1"
"Chandler_TX","1"
"Cuney_TX","1"
"Gallatin_TX","1"
"Maydelle_TX","1"
"Poynor_TX","1"
"Big Sandy_TX","1"
"Palestine_TX","1"
"Centralia_TX","1"
"Latexo_TX","1"
"Tennessee Colony_TX","1"
"Lufkin_TX","1"
"Martinsville_TX","1"
"Nacogdoches_TX","1"
"Woden_TX","1"
"Woodville_TX","1"
"Arlington_TX","1"
"Lillian_TX","1"
"Mineral Wells_TX","1"
"Bedford_TX","1"
"Burleson_TX","1"
"Azle_TX","1"
"Grapevine_TX","1"
"Fort Worth_TX","1"
"Denton_TX","1"
"Gainesville_TX","1"
"Greenwood_TX","1"
"Slidell_TX","1"
"Roanoke_TX","1"
"Wichita Falls_TX","1"
"Bluegrove_TX","1"
"Kamay_TX","1"
"Vernon_TX","1"
"Stephenville_TX","1"
"Dennis_TX","1"
"Morgan Mill_TX","1"
"Olden_TX","1"
"Paluxy_TX","1"
"Proctor_TX","1"
"Peaster_TX","1"
"Temple_TX","1"
"Davilla_TX","1"
"Heidenheimer_TX","1"
"Killeen_TX","1"
"Mound_TX","1"
"Pendleton_TX","1"
"Schwertner_TX","1"
"Gatesville_TX","1"
"Laguna Park_TX","1"
"Leroy_TX","1"
"Ross_TX","1"
"Waco_TX","1"
"Early_TX","1"
"Brownwood_TX","1"
"Lowake_TX","1"
"Star_TX","1"
"Telegraph_TX","1"
"Veribest_TX","1"
"Houston_TX","1"
"Conroe_TX","1"
"Kingwood_TX","1"
"Ace_TX","1"
"Dallardsville_TX","1"
"Dodge_TX","1"
"Hufsmith_TX","1"
"Huntsville_TX","1"
"Humble_TX","1"
"Leggett_TX","1"
"Magnolia_TX","1"
"Riverside_TX","1"
"Spring_TX","1"
"Bellaire_TX","1"
"Bay City_TX","1"
"Cypress_TX","1"
"Alief_TX","1"
"Altair_TX","1"
"Barker_TX","1"
"Cedar Lane_TX","1"
"Egypt_TX","1"
"Elmaton_TX","1"
"Prairie View_TX","1"
"Nada_TX","1"
"Old Ocean_TX","1"
"Sheridan_TX","1"
"Thompsons_TX","1"
"Sugar Land_TX","1"
"Katy_TX","1"
"Stafford_TX","1"
"Pasadena_TX","1"
"Alvin_TX","1"
"Angleton_TX","1"
"Baytown_TX","1"
"Freeport_TX","1"
"Friendswood_TX","1"
"Galveston_TX","1"
"Hardin_TX","1"
"La Porte_TX","1"
"Mont Belvieu_TX","1"
"Raywood_TX","1"
"Pearland_TX","1"
"Texas City_TX","1"
"Orange_TX","1"
"Orangefield_TX","1"
"Port Arthur_TX","1"
"Village Mills_TX","1"
"Vidor_TX","1"
"Beaumont_TX","1"
"Bryan_TX","1"
"Brenham_TX","1"
"Chriesman_TX","1"
"College Station_TX","1"
"Concord_TX","1"
"Deanville_TX","1"
"Flynn_TX","1"
"Kurten_TX","1"
"Lyons_TX","1"
"Navasota_TX","1"
"New Baden_TX","1"
"Roans Prairie_TX","1"
"Wellborn_TX","1"
"Wheelock_TX","1"
"Victoria_TX","1"
"Fannin_TX","1"
"Hochheim_TX","1"
"Nursery_TX","1"
"Sublime_TX","1"
"Sweet Home_TX","1"
"Thomaston_TX","1"
"Weesatche_TX","1"
"Kerrville_TX","1"
"Leming_TX","1"
"Peggy_TX","1"
"Beeville_TX","1"
"Geronimo_TX","1"
"Pandora_TX","1"
"San Antonio_TX","1"
"Alice_TX","1"
"Ben Bolt_TX","1"
"Dinero_TX","1"
"Edroy_TX","1"
"Rockport_TX","1"
"Corpus Christi_TX","1"
"Mcallen_TX","1"
"Brownsville_TX","1"
"Combes_TX","1"
"Edinburg_TX","1"
"Harlingen_TX","1"
"La Blanca_TX","1"
"Lasara_TX","1"
"Progreso_TX","1"
"San Perlita_TX","1"
"Santa Maria_TX","1"
"Belmont_TX","1"
"Cedar Park_TX","1"
"Leander_TX","1"
"Mc Neil_TX","1"
"San Marcos_TX","1"
"Staples_TX","1"
"Round Rock_TX","1"
"Pflugerville_TX","1"
"Del Rio_TX","1"
"Eagle Pass_TX","1"
"Plum_TX","1"
"Alanreed_TX","1"
"Borger_TX","1"
"Dawn_TX","1"
"Edmonson_TX","1"
"Lazbuddie_TX","1"
"Plainview_TX","1"
"Samnorwood_TX","1"
"Amarillo_TX","1"
"Aiken_TX","1"
"Odell_TX","1"
"Levelland_TX","1"
"New Deal_TX","1"
"Whitharral_TX","1"
"Lubbock_TX","1"
"Dunn_TX","1"
"Snyder_TX","1"
"Big Spring_TX","1"
"Forsan_TX","1"
"Arvada_CO","1"
"Wheat Ridge_CO","1"
"Westminster_CO","1"
"Broomfield_CO","1"
"Aurora_CO","1"
"Englewood_CO","1"
"Littleton_CO","1"
"Denver_CO","1"
"Golden_CO","1"
"Fort Collins_CO","1"
"Loveland_CO","1"
"Masonville_CO","1"
"Greeley_CO","1"
"Hereford_CO","1"
"Colorado Springs_CO","1"
"Pueblo_CO","1"
"Alamosa_CO","1"
"Bayfield_CO","1"
"Telluride_CO","1"
"Grand Junction_CO","1"
"Glenwood Springs_CO","1"
"Aspen_CO","1"
"Snowmass Village_CO","1"
"Craig_CO","1"
"Vail_CO","1"
"Cheyenne_WY","1"
"Laramie_WY","1"
"Huntley_WY","1"
"Van Tassell_WY","1"
"Gillette_WY","1"
"Wright_WY","1"
"Saddlestring_WY","1"
"Lovington_NM","1"
"Phoenix_AZ","1"
"Apache Junction_AZ","1"
"Chandler Heights_AZ","1"
"Casa Grande_AZ","1"
"Tortilla Flat_AZ","1"
"Mesa_AZ","1"
"Coolidge_AZ","1"
"Hayden_AZ","1"
"Maricopa_AZ","1"
"Queen Creek_AZ","1"
"Chandler_AZ","1"
"Scottsdale_AZ","1"
"Fountain Hills_AZ","1"
"Florence_AZ","1"
"Tempe_AZ","1"
"Valley Farms_AZ","1"
"Gilbert_AZ","1"
"Glendale_AZ","1"
"Cave Creek_AZ","1"
"Wickenburg_AZ","1"
"Wikieup_AZ","1"
"Yuma_AZ","1"
"Sun City_AZ","1"
"Sun City West_AZ","1"
"Surprise_AZ","1"
"Peoria_AZ","1"
"Claypool_AZ","1"
"Payson_AZ","1"
"Safford_AZ","1"
"Fort Huachuca_AZ","1"
"Tucson_AZ","1"
"Catalina_AZ","1"
"Pinedale_AZ","1"
"Springerville_AZ","1"
"Prescott_AZ","1"
"Prescott Valley_AZ","1"
"Kingman_AZ","1"
"Saint George_UT","1"
"The Lakes_NV","1"
"Boulder City_NV","1"
"Henderson_NV","1"
"Mercury_NV","1"
"North Las Vegas_NV","1"
"Pahrump_NV","1"
"Indian Springs_NV","1"
"Las Vegas_NV","1"
"Ely_NV","1"
"Fallon_NV","1"
"Sparks_NV","1"
"Winnemucca_NV","1"
"Incline Village_NV","1"
"Reno_NV","1"
"Carson City_NV","1"
"Elko_NV","1"
"Los Angeles_CA","1"
"Dodgertown_CA","1"
"Bell_CA","1"
"Beverly Hills_CA","1"
"Compton_CA","1"
"Culver City_CA","1"
"Downey_CA","1"
"Hawthorne_CA","1"
"Malibu_CA","1"
"Manhattan Beach_CA","1"
"Venice_CA","1"
"Marina Del Rey_CA","1"
"Playa Del Rey_CA","1"
"Inglewood_CA","1"
"Santa Monica_CA","1"
"Torrance_CA","1"
"Whittier_CA","1"
"Buena Park_CA","1"
"La Habra_CA","1"
"La Mirada_CA","1"
"Norwalk_CA","1"
"Pico Rivera_CA","1"
"Santa Fe Springs_CA","1"
"Artesia_CA","1"
"Bellflower_CA","1"
"Lakewood_CA","1"
"Los Alamitos_CA","1"
"San Pedro_CA","1"
"Sunset Beach_CA","1"
"Surfside_CA","1"
"Wilmington_CA","1"
"Carson_CA","1"
"Long Beach_CA","1"
"Altadena_CA","1"
"Duarte_CA","1"
"La Canada Flintridge_CA","1"
"Monrovia_CA","1"
"Montrose_CA","1"
"Mount Wilson_CA","1"
"Sierra Madre_CA","1"
"South Pasadena_CA","1"
"Sunland_CA","1"
"Tujunga_CA","1"
"Verdugo City_CA","1"
"Arcadia_CA","1"
"Pasadena_CA","1"
"San Marino_CA","1"
"Glendale_CA","1"
"La Crescenta_CA","1"
"Canoga Park_CA","1"
"West Hills_CA","1"
"Castaic_CA","1"
"Chatsworth_CA","1"
"Newbury Park_CA","1"
"Newhall_CA","1"
"Northridge_CA","1"
"Pacoima_CA","1"
"Reseda_CA","1"
"San Fernando_CA","1"
"Mission Hills_CA","1"
"Sun Valley_CA","1"
"Tarzana_CA","1"
"Thousand Oaks_CA","1"
"Westlake Village_CA","1"
"Woodland Hills_CA","1"
"Calabasas_CA","1"
"Agoura Hills_CA","1"
"Santa Clarita_CA","1"
"Valencia_CA","1"
"Canyon Country_CA","1"
"Van Nuys_CA","1"
"Sylmar_CA","1"
"North Hills_CA","1"
"Granada Hills_CA","1"
"Winnetka_CA","1"
"Panorama City_CA","1"
"Sherman Oaks_CA","1"
"Encino_CA","1"
"Burbank_CA","1"
"North Hollywood_CA","1"
"Universal City_CA","1"
"Toluca Lake_CA","1"
"Studio City_CA","1"
"Valley Village_CA","1"
"City Of Industry_CA","1"
"Rancho Cucamonga_CA","1"
"El Monte_CA","1"
"Guasti_CA","1"
"La Puente_CA","1"
"Monterey Park_CA","1"
"Ontario_CA","1"
"Pomona_CA","1"
"Rosemead_CA","1"
"San Gabriel_CA","1"
"Upland_CA","1"
"Walnut_CA","1"
"Alhambra_CA","1"
"Alpine_CA","1"
"Bonita_CA","1"
"Chula Vista_CA","1"
"Imperial Beach_CA","1"
"La Mesa_CA","1"
"Lemon Grove_CA","1"
"Lincoln Acres_CA","1"
"National City_CA","1"
"Spring Valley_CA","1"
"Tecate_CA","1"
"Carlsbad_CA","1"
"El Cajon_CA","1"
"Encinitas_CA","1"
"Escondido_CA","1"
"La Jolla_CA","1"
"Oceanside_CA","1"
"San Luis Rey_CA","1"
"Santee_CA","1"
"Poway_CA","1"
"San Marcos_CA","1"
"Vista_CA","1"
"Fallbrook_CA","1"
"San Diego_CA","1"
"San Ysidro_CA","1"
"Coronado_CA","1"
"Indio_CA","1"
"Cathedral City_CA","1"
"La Quinta_CA","1"
"Palm Desert_CA","1"
"Palm Springs_CA","1"
"Yucca Valley_CA","1"
"Barstow_CA","1"
"Blue Jay_CA","1"
"Bryn Mawr_CA","1"
"Cedarpines Park_CA","1"
"Phelan_CA","1"
"Fontana_CA","1"
"Hesperia_CA","1"
"Loma Linda_CA","1"
"Redlands_CA","1"
"Skyforest_CA","1"
"Victorville_CA","1"
"San Bernardino_CA","1"
"Riverside_CA","1"
"Lake Elsinore_CA","1"
"Hemet_CA","1"
"Moreno Valley_CA","1"
"Murrieta_CA","1"
"Perris_CA","1"
"San Jacinto_CA","1"
"Temecula_CA","1"
"Huntington Beach_CA","1"
"Laguna Niguel_CA","1"
"El Toro_CA","1"
"Irvine_CA","1"
"Costa Mesa_CA","1"
"East Irvine_CA","1"
"Laguna Beach_CA","1"
"Laguna Hills_CA","1"
"Newport Beach_CA","1"
"San Clemente_CA","1"
"Trabuco Canyon_CA","1"
"Westminster_CA","1"
"Mission Viejo_CA","1"
"San Juan Capistrano_CA","1"
"Aliso Viejo_CA","1"
"Santa Ana_CA","1"
"Fountain Valley_CA","1"
"Tustin_CA","1"
"Anaheim_CA","1"
"Atwood_CA","1"
"Fullerton_CA","1"
"Garden Grove_CA","1"
"Orange_CA","1"
"Corona_CA","1"
"Ventura_CA","1"
"Camarillo_CA","1"
"Carpinteria_CA","1"
"Fillmore_CA","1"
"Moorpark_CA","1"
"Ojai_CA","1"
"Oxnard_CA","1"
"Port Hueneme_CA","1"
"Santa Paula_CA","1"
"Simi Valley_CA","1"
"Santa Barbara_CA","1"
"Goleta_CA","1"
"Delano_CA","1"
"Goshen_CA","1"
"Hanford_CA","1"
"Kaweah_CA","1"
"Porterville_CA","1"
"Tulare_CA","1"
"Visalia_CA","1"
"Waukena_CA","1"
"Bakersfield_CA","1"
"San Luis Obispo_CA","1"
"Los Osos_CA","1"
"Arroyo Grande_CA","1"
"Atascadero_CA","1"
"Lompoc_CA","1"
"Morro Bay_CA","1"
"Paso Robles_CA","1"
"Pismo Beach_CA","1"
"Santa Maria_CA","1"
"Solvang_CA","1"
"Oceano_CA","1"
"Grover Beach_CA","1"
"Mojave_CA","1"
"California City_CA","1"
"Bishop_CA","1"
"Lancaster_CA","1"
"Little Lake_CA","1"
"Ridgecrest_CA","1"
"Tehachapi_CA","1"
"Palmdale_CA","1"
"Boron_CA","1"
"Burrel_CA","1"
"Clovis_CA","1"
"Madera_CA","1"
"Santa Rita Park_CA","1"
"South Dos Palos_CA","1"
"Fresno_CA","1"
"Salinas_CA","1"
"Carmel By The Sea_CA","1"
"Carmel_CA","1"
"Monterey_CA","1"
"Spreckels_CA","1"
"Burlingame_CA","1"
"Daly City_CA","1"
"Los Altos_CA","1"
"Menlo Park_CA","1"
"Mountain View_CA","1"
"Redwood City_CA","1"
"South San Francisco_CA","1"
"Sunnyvale_CA","1"
"San Francisco_CA","1"
"Sacramento_CA","1"
"Palo Alto_CA","1"
"Concord_CA","1"
"Fremont_CA","1"
"Hayward_CA","1"
"Oakville_CA","1"
"Moraga_CA","1"
"Napa_CA","1"
"Oakland_CA","1"
"Piedmont_CA","1"
"Emeryville_CA","1"
"Berkeley_CA","1"
"Richmond_CA","1"
"El Sobrante_CA","1"
"San Rafael_CA","1"
"Kentfield_CA","1"
"Rohnert Park_CA","1"
"Mill Valley_CA","1"
"Novato_CA","1"
"Petaluma_CA","1"
"Sausalito_CA","1"
"San Quentin_CA","1"
"Corte Madera_CA","1"
"Larkspur_CA","1"
"Fairfax_CA","1"
"San Anselmo_CA","1"
"Aptos_CA","1"
"Campbell_CA","1"
"Cupertino_CA","1"
"Gilroy_CA","1"
"Hollister_CA","1"
"Holy City_CA","1"
"Los Gatos_CA","1"
"Milpitas_CA","1"
"Morgan Hill_CA","1"
"Mount Hermon_CA","1"
"New Almaden_CA","1"
"Redwood Estates_CA","1"
"Santa Clara_CA","1"
"Santa Cruz_CA","1"
"Scotts Valley_CA","1"
"Saratoga_CA","1"
"Watsonville_CA","1"
"San Jose_CA","1"
"Stockton_CA","1"
"Lodi_CA","1"
"Merced_CA","1"
"Modesto_CA","1"
"Standard_CA","1"
"Tracy_CA","1"
"Santa Rosa_CA","1"
"Boyes Hot Springs_CA","1"
"Calpella_CA","1"
"Clearlake Park_CA","1"
"Rio Nido_CA","1"
"Sebastopol_CA","1"
"The Sea Ranch_CA","1"
"Eureka_CA","1"
"Cutten_CA","1"
"Auburn_CA","1"
"Carmichael_CA","1"
"Citrus Heights_CA","1"
"Davis_CA","1"
"Martell_CA","1"
"Represa_CA","1"
"Vacaville_CA","1"
"Chicago Park_CA","1"
"Weimar_CA","1"
"Rancho Cordova_CA","1"
"Elk Grove_CA","1"
"Folsom_CA","1"
"West Sacramento_CA","1"
"Chico_CA","1"
"Nelson_CA","1"
"Paradise_CA","1"
"Yuba City_CA","1"
"Bella Vista_CA","1"
"Big Bar_CA","1"
"Big Bend_CA","1"
"Fall River Mills_CA","1"
"Gerber_CA","1"
"Hat Creek_CA","1"
"Junction City_CA","1"
"Lakehead_CA","1"
"Mcarthur_CA","1"
"Manton_CA","1"
"Mill Creek_CA","1"
"Mineral_CA","1"
"Montgomery Creek_CA","1"
"Obrien_CA","1"
"Old Station_CA","1"
"Paskenta_CA","1"
"Paynes Creek_CA","1"
"Platina_CA","1"
"Proberta_CA","1"
"Round Mountain_CA","1"
"Shasta_CA","1"
"Tehama_CA","1"
"Trinity Center_CA","1"
"Vina_CA","1"
"Whiskeytown_CA","1"
"Redding_CA","1"
"Susanville_CA","1"
"South Lake Tahoe_CA","1"
"Truckee_CA","1"
"Twin Falls_ID","1"
"Sun Valley_ID","1"
"Idaho Falls_ID","1"
"Rexburg_ID","1"
"Caldwell_ID","1"
"Huston_ID","1"
"Nampa_ID","1"
"Meridian_ID","1"
"Boise_ID","1"
"Coeur D Alene_ID","1"
"Post Falls_ID","1"
"Beaverton_OR","1"
"Shaniko_OR","1"
"Hillsboro_OR","1"
"Portland_OR","1"
"Keizer_OR","1"
"Salem_OR","1"
"Crabtree_OR","1"
"Corvallis_OR","1"
"Saint Benedict_OR","1"
"Sweet Home_OR","1"
"Alvadore_OR","1"
"Curtin_OR","1"
"Eugene_OR","1"
"Ophir_OR","1"
"Cottage Grove_OR","1"
"Springfield_OR","1"
"Thurston_OR","1"
"Wedderburn_OR","1"
"Wilbur_OR","1"
"Grants Pass_OR","1"
"Murphy_OR","1"
"Klamath Falls_OR","1"
"Bend_OR","1"
"Bellevue_WA","1"
"Hobart_WA","1"
"Kent_WA","1"
"Bothell_WA","1"
"Lynnwood_WA","1"
"Preston_WA","1"
"Redondo_WA","1"
"Seahurst_WA","1"
"Federal Way_WA","1"
"Auburn_WA","1"
"Redmond_WA","1"
"Mill Creek_WA","1"
"Kirkland_WA","1"
"Seattle_WA","1"
"Everett_WA","1"
"Bellingham_WA","1"
"Blaine_WA","1"
"North Lakewood_WA","1"
"Silvana_WA","1"
"Snohomish_WA","1"
"Burley_WA","1"
"Carlsborg_WA","1"
"Sumner_WA","1"
"Port Gamble_WA","1"
"Southworth_WA","1"
"Tracyton_WA","1"
"Wauna_WA","1"
"Tacoma_WA","1"
"Camp Murray_WA","1"
"Lakewood_WA","1"
"Olympia_WA","1"
"Lacey_WA","1"
"Tumwater_WA","1"
"Adna_WA","1"
"East Olympia_WA","1"
"Carrolls_WA","1"
"Heisson_WA","1"
"Vancouver_WA","1"
"Yakima_WA","1"
"Spokane_WA","1"
"Pasco_WA","1"
