"Anchorville_MI","239"
"Troy_MI","239"
"Birmingham_MI","239"
"Southfield_MI","239"
"Mount Clemens_MI","239"
"Port Huron_MI","239"
"Warren_MI","239"
"Ann Arbor_MI","239"
"Belleville_MI","239"
"Bridgewater_MI","239"
"Dearborn_MI","239"
"Garden City_MI","239"
"Livonia_MI","239"
"Detroit_MI","239"
"Bloomfield Hills_MI","239"
"Sterling Heights_MI","239"
"Utica_MI","239"
"Auburn Hills_MI","239"
"West Bloomfield_MI","239"
"Drayton Plains_MI","239"
"Farmington_MI","239"
"Clarkston_MI","239"
"Lake Orion_MI","239"
"Lakeville_MI","239"
"Novi_MI","239"
"Union Lake_MI","239"
"Walled Lake_MI","239"
"Grand Blanc_MI","239"
"Flint_MI","239"
"Saginaw_MI","239"
"Midland_MI","239"
"Bay City_MI","239"
"University Center_MI","239"
"Gilford_MI","239"
"Richville_MI","239"
"Tawas City_MI","243"
"Vassar_MI","239"
"Alma_MI","239"
"Mount Pleasant_MI","239"
"Okemos_MI","242"
"East Lansing_MI","242"
"Elm Hall_MI","239"
"Eureka_MI","242"
"Howell_MI","242"
"Palo_MI","243"
"Shaftsburg_MI","242"
"Smyrna_MI","242"
"Winn_MI","242"
"Lansing_MI","242"
"Kalamazoo_MI","243"
"Battle Creek_MI","243"
"Bedford_MI","243"
"Benton Harbor_MI","243"
"Cloverdale_MI","243"
"Comstock_MI","243"
"Kendall_MI","243"
"Lacota_MI","243"
"Nazareth_MI","243"
"Nottawa_MI","243"
"Oshtemo_MI","243"
"Portage_MI","243"
"Jackson_MI","242"
"Frontier_MI","242"
"Moscow_MI","242"
"Mosherville_MI","242"
"Bradley_MI","243"
"Burnips_MI","243"
"Cannonsburg_MI","243"
"Ada_MI","243"
"Glenn_MI","243"
"Holland_MI","243"
"Jamestown_MI","243"
"Jenison_MI","243"
"Muskegon_MI","243"
"Walhalla_MI","243"
"Sylvan Beach_MI","243"
"Grandville_MI","243"
"Grand Rapids_MI","243"
"Acme_MI","243"
"Mayfield_MI","243"
"Old Mission_MI","243"
"Gaylord_MI","243"
"Grayling_MI","243"
"Tower_MI","243"
"Waters_MI","243"
"Holtsville_NY","57"
"Chicopee_MA","68"
"Holyoke_MA","56"
"Northampton_MA","56"
"Westfield_MA","56"
"West Springfield_MA","56"
"Woronoco_MA","56"
"Springfield_MA","68"
"Longmeadow_MA","68"
"Pittsfield_MA","56"
"Dalton_MA","56"
"Greenfield_MA","56"
"Groton_MA","68"
"Charlton City_MA","68"
"Charlton Depot_MA","68"
"Manchaug_MA","56"
"Worcester_MA","68"
"Framingham_MA","68"
"Burlington_MA","68"
"Woburn_MA","68"
"Andover_MA","68"
"Billerica_MA","68"
"Haverhill_MA","68"
"Lawrence_MA","68"
"Lowell_MA","68"
"Nutting Lake_MA","68"
"Pinehurst_MA","68"
"West Boxford_MA","68"
"Lynn_MA","68"
"Gloucester_MA","68"
"Hamilton_MA","68"
"Hathorne_MA","68"
"Peabody_MA","68"
"Salem_MA","68"
"Accord_MA","47"
"Brant Rock_MA","47"
"Dedham_MA","47"
"East Mansfield_MA","47"
"Greenbush_MA","47"
"Green Harbor_MA","47"
"Hingham_MA","47"
"Minot_MA","47"
"North Marshfield_MA","47"
"North Scituate_MA","47"
"Ocean Bluff_MA","47"
"Sheldonville_MA","47"
"Boston_MA","47"
"Readville_MA","47"
"Medford_MA","68"
"West Medford_MA","68"
"Braintree_MA","47"
"Milton Village_MA","47"
"East Boston_MA","47"
"Cambridge_MA","68"
"Quincy_MA","47"
"Brockton_MA","47"
"Bridgewater_MA","47"
"Bryantville_MA","47"
"Easton_MA","47"
"Elmwood_MA","47"
"Hanover_MA","47"
"Middleboro_MA","47"
"Manomet_MA","47"
"Lakeville_MA","47"
"North Carver_MA","47"
"North Pembroke_MA","47"
"Plymouth_MA","47"
"South Carver_MA","47"
"White Horse Beach_MA","47"
"Brookline Village_MA","47"
"Waltham_MA","68"
"North Waltham_MA","68"
"New Town_MA","68"
"Babson Park_MA","68"
"Watertown_MA","68"
"Arlington Heights_MA","68"
"Waverley_MA","68"
"Nonantum_MA","68"
"Falmouth_MA","47"
"Menemsha_MA","47"
"Silver Beach_MA","47"
"West Chop_MA","47"
"West Falmouth_MA","47"
"Centerville_MA","47"
"Cummaquid_MA","47"
"East Dennis_MA","47"
"East Orleans_MA","47"
"North Eastham_MA","47"
"South Harwich_MA","47"
"South Orleans_MA","47"
"Chartley_MA","47"
"Dartmouth_MA","47"
"Fall River_MA","47"
"New Bedford_MA","47"
"North Attleboro_MA","47"
"Raynham Center_MA","47"
"Taunton_MA","47"
"Westport Point_MA","47"
"Adamsville_RI","47"
"Fiskeville_RI","47"
"Harmony_RI","47"
"North Kingstown_RI","47"
"Pawtucket_RI","47"
"Prudence Island_RI","47"
"Wakefield_RI","47"
"Peace Dale_RI","47"
"Warwick_RI","47"
"Providence_RI","47"
"East Candia_NH","184"
"East Derry_NH","184"
"Nashua_NH","184"
"North Salem_NH","184"
"Manchester_NH","184"
"East Andover_NH","184"
"Laconia_NH","184"
"Lochmere_NH","184"
"South Newbury_NH","184"
"Stinson Lake_NH","184"
"Winnisquam_NH","184"
"Woodstock_NH","184"
"Tilton_NH","184"
"Concord_NH","184"
"Keene_NH","184"
"West Peterborough_NH","184"
"West Swanzey_NH","184"
"Drewsville_NH","184"
"Cornish Flat_NH","184"
"Enfield Center_NH","184"
"Lebanon_NH","184"
"Portsmouth_NH","184"
"Newington_NH","184"
"Center Strafford_NH","184"
"Dover_NH","184"
"Hampton_NH","184"
"Newton Junction_NH","184"
"Rochester_NH","184"
"York Beach_ME","184"
"Bar Mills_ME","184"
"Biddeford Pool_ME","184"
"Biddeford_ME","184"
"East Parsonsfield_ME","184"
"Freeport_ME","184"
"Moody_ME","184"
"North Bridgton_ME","184"
"Scarborough_ME","184"
"Sebago Lake_ME","184"
"South Casco_ME","184"
"South Freeport_ME","184"
"South Windham_ME","184"
"West Kennebunk_ME","184"
"Westbrook_ME","184"
"Portland_ME","184"
"South Portland_ME","184"
"Auburn_ME","184"
"Danville_ME","184"
"Dryden_ME","184"
"East Dixfield_ME","184"
"East Livermore_ME","184"
"East Poland_ME","184"
"Lewiston_ME","184"
"North Jay_ME","184"
"North Turner_ME","184"
"North Waterford_ME","184"
"West Minot_ME","184"
"West Poland_ME","184"
"Augusta_ME","184"
"East Winthrop_ME","184"
"Bangor_ME","184"
"Castine_ME","184"
"Sebasco Estates_ME","184"
"West Boothbay Harbor_ME","184"
"Sheridan_ME","184"
"Glen Cove_ME","184"
"Lincolnville Center_ME","184"
"Port Clyde_ME","184"
"Waterville_ME","184"
"East Vassalboro_ME","184"
"Farmington Falls_ME","184"
"Hinckley_ME","184"
"North Vassalboro_ME","184"
"Ascutney_VT","563"
"Bridgewater_VT","563"
"Brownsville_VT","563"
"Hartland_VT","563"
"Hartland Four Corners_VT","563"
"North Pomfret_VT","563"
"Norwich_VT","563"
"Plymouth_VT","563"
"Quechee_VT","563"
"Reading_VT","563"
"South Pomfret_VT","563"
"South Woodstock_VT","563"
"Cavendish_VT","563"
"Grafton_VT","563"
"Londonderry_VT","563"
"North Springfield_VT","563"
"Perkinsville_VT","563"
"Proctorsville_VT","563"
"Westminster_VT","563"
"Weston_VT","563"
"Dorset_VT","563"
"East Arlington_VT","563"
"East Dorset_VT","563"
"Manchester_VT","56"
"Pownal_VT","563"
"Brattleboro_VT","56"
"Jamaica_VT","563"
"West Townshend_VT","563"
"West Wardsboro_VT","563"
"Benson_VT","563"
"East Poultney_VT","563"
"Rochester_VT","563"
"Rupert_VT","563"
"Stockbridge_VT","563"
"West Rupert_VT","563"
"Bristol_CT","215"
"Collinsville_CT","215"
"East Glastonbury_CT","215"
"East Windsor Hill_CT","215"
"Farmington_CT","215"
"Manchester_CT","215"
"North Canton_CT","215"
"Poquonock_CT","215"
"Somersville_CT","215"
"Stafford_CT","215"
"Staffordville_CT","215"
"Suffield_CT","215"
"Enfield_CT","215"
"Unionville_CT","215"
"Winchester Center_CT","215"
"Hartford_CT","215"
"West Hartford_CT","215"
"East Hartford_CT","215"
"Wethersfield_CT","215"
"Newington_CT","215"
"Ballouville_CT","215"
"East Woodstock_CT","215"
"Fabyan_CT","215"
"Grosvenor Dale_CT","215"
"Mansfield Depot_CT","215"
"South Willington_CT","215"
"South Woodstock_CT","215"
"Groton_CT","215"
"Old Mystic_CT","215"
"South Lyme_CT","215"
"Waterford_CT","215"
"West Mystic_CT","215"
"Yantic_CT","215"
"Botsford_CT","215"
"Cheshire_CT","215"
"Hawleyville_CT","215"
"Meriden_CT","215"
"North Westchester_CT","215"
"South Britain_CT","215"
"Stevenson_CT","215"
"Wallingford_CT","215"
"Stratford_CT","215"
"New Haven_CT","215"
"Bridgeport_CT","215"
"Waterbury_CT","215"
"Pequabuck_CT","215"
"Torrington_CT","215"
"Danbury_CT","215"
"Fairfield_CT","215"
"Georgetown_CT","215"
"Greenwich_CT","215"
"Greens Farms_CT","215"
"New Canaan_CT","215"
"Norwalk_CT","215"
"Redding Center_CT","215"
"Redding Ridge_CT","215"
"Ridgefield_CT","215"
"Westport_CT","215"
"Stamford_CT","215"
"Caldwell_NJ","38"
"Clifton_NJ","38"
"East Orange_NJ","22"
"Orange_NJ","22"
"Plainfield_NJ","22"
"Westfield_NJ","22"
"Secaucus_NJ","38"
"Newark_NJ","22"
"Elizabeth_NJ","22"
"Jersey City_NJ","22"
"Mc Afee_NJ","38"
"Ridgewood_NJ","38"
"Wayne_NJ","38"
"Hawthorne_NJ","38"
"Paterson_NJ","38"
"Totowa_NJ","38"
"Haledon_NJ","38"
"Hackensack_NJ","38"
"Paramus_NJ","38"
"Red Bank_NJ","22"
"Adelphia_NJ","22"
"Belmar_NJ","22"
"Navesink_NJ","22"
"Neptune_NJ","22"
"Tennent_NJ","22"
"Wickatunk_NJ","22"
"Eatontown_NJ","22"
"Dover_NJ","38"
"Picatinny Arsenal_NJ","38"
"Buttzville_NJ","5"
"Changewater_NJ","32"
"Greendell_NJ","5"
"Ironia_NJ","38"
"Middleville_NJ","38"
"Schooleys Mountain_NJ","32"
"Stillwater_NJ","5"
"Swartswood_NJ","5"
"Tranquility_NJ","5"
"Wallpack Center_NJ","5"
"Summit_NJ","22"
"Liberty Corner_NJ","32"
"Lyons_NJ","32"
"Convent Station_NJ","38"
"Morristown_NJ","38"
"Mount Freedom_NJ","38"
"Pluckemin_NJ","32"
"Whippany_NJ","38"
"Birmingham_NJ","36"
"Cedar Brook_NJ","36"
"Ewan_NJ","23"
"Quinton_NJ","23"
"Riverton_NJ","36"
"Winslow_NJ","36"
"Bellmawr_NJ","36"
"Camden_NJ","36"
"Green Creek_NJ","23"
"Leeds Point_NJ","23"
"Oceanville_NJ","23"
"South Dennis_NJ","23"
"South Seaville_NJ","23"
"Tuckahoe_NJ","23"
"Deerfield Street_NJ","23"
"Vineland_NJ","23"
"Atlantic City_NJ","23"
"Blawenburg_NJ","32"
"Princeton_NJ","32"
"Sergeantsville_NJ","32"
"Windsor_NJ","36"
"Trenton_NJ","36"
"Normandy Beach_NJ","36"
"Toms River_NJ","36"
"Baptistown_NJ","32"
"Broadway_NJ","32"
"Edison_NJ","22"
"Little York_NJ","32"
"Piscataway_NJ","22"
"Oldwick_NJ","32"
"Perth Amboy_NJ","22"
"Quakertown_NJ","32"
"Readington_NJ","32"
"Sayreville_NJ","22"
"Somerset_NJ","22"
"Stanton_NJ","32"
"Zarephath_NJ","32"
"New Brunswick_NJ","22"
"New York_NY","57"
"Staten Island_NY","57"
"Bronx_NY","57"
"Croton On Hudson_NY","39"
"Lincolndale_NY","39"
"Mount Vernon_NY","39"
"Pleasantville_NY","39"
"Shenorock_NY","39"
"White Plains_NY","39"
"Yonkers_NY","39"
"New Rochelle_NY","39"
"Bear Mountain_NY","24"
"Bellvale_NY","24"
"Bullville_NY","24"
"Howells_NY","24"
"Middletown_NY","24"
"Monroe_NY","24"
"New Milford_NY","24"
"Sugar Loaf_NY","24"
"Tallman_NY","24"
"West Point_NY","24"
"Floral Park_NY","57"
"Great Neck_NY","57"
"New Hyde Park_NY","57"
"Port Washington_NY","57"
"Long Island City_NY","57"
"Brooklyn_NY","57"
"Flushing_NY","57"
"Elmhurst_NY","57"
"Ridgewood_NY","57"
"Jamaica_NY","57"
"Garden City_NY","57"
"Hempstead_NY","57"
"Uniondale_NY","57"
"Rockville Centre_NY","57"
"Valley Stream_NY","57"
"Rockville Center_NY","57"
"Westbury_NY","57"
"Far Rockaway_NY","57"
"West Babylon_NY","57"
"Amityville_NY","57"
"Farmingdale_NY","57"
"Huntington Station_NY","57"
"Melville_NY","57"
"Stony Brook_NY","57"
"Hicksville_NY","57"
"Jericho_NY","57"
"Aquebogue_NY","57"
"Jamesport_NY","57"
"Southampton_NY","57"
"South Jamesport_NY","57"
"Speonk_NY","57"
"Upton_NY","57"
"Auriesville_NY","56"
"Columbiaville_NY","56"
"Dormansville_NY","56"
"Gallupville_NY","56"
"Grafton_NY","56"
"Knox_NY","56"
"Newtonville_NY","56"
"North Hoosick_NY","56"
"Quaker Street_NY","56"
"Troy_NY","56"
"West Lebanon_NY","56"
"Albany_NY","56"
"Schenectady_NY","56"
"Kingston_NY","24"
"Highmount_NY","24"
"Spring Glen_NY","24"
"West Camp_NY","24"
"West Park_NY","24"
"Billings_NY","24"
"Castle Point_NY","24"
"Glenham_NY","24"
"Hughsonville_NY","24"
"Mellenville_NY","56"
"Newburgh_NY","24"
"Plattekill_NY","24"
"Walker Valley_NY","24"
"West Copake_NY","56"
"Poughkeepsie_NY","24"
"Cochecton_NY","24"
"Summitville_NY","24"
"Thompsonville_NY","24"
"Bakers Mills_NY","56"
"Cleverdale_NY","56"
"Middle Falls_NY","56"
"Sabael_NY","56"
"Newcomb_NY","56"
"Ellenburg_NY","56"
"Ray Brook_NY","56"
"Whippleville_NY","56"
"Auburn_NY","44"
"Clockville_NY","42"
"Delphi Falls_NY","42"
"East Homer_NY","33"
"Etna_NY","33"
"Fair Haven_NY","44"
"Liverpool_NY","42"
"Lycoming_NY","42"
"Maple View_NY","42"
"Meridian_NY","44"
"Mottville_NY","42"
"New Haven_NY","42"
"Plainville_NY","42"
"South Butler_NY","44"
"Syracuse_NY","42"
"Mc Connellsville_NY","42"
"Rome_NY","42"
"Sangerfield_NY","42"
"Solsville_NY","42"
"Van Hornesville_NY","56"
"Washington Mills_NY","42"
"West Eaton_NY","42"
"Utica_NY","42"
"Bible School Park_NY","33"
"Chenango Bridge_NY","33"
"Colliersville_NY","33"
"Corbettsville_NY","33"
"Endicott_NY","33"
"Fishs Eddy_NY","33"
"North Norwich_NY","33"
"Shinhopple_NY","33"
"Smithboro_NY","33"
"Tioga Center_NY","33"
"Vestal_NY","33"
"West Davenport_NY","33"
"Binghamton_NY","33"
"Athol Springs_NY","122"
"Batavia_NY","44"
"Brant_NY","122"
"Crittenden_NY","122"
"Java Village_NY","122"
"Lockport_NY","122"
"Model City_NY","122"
"Niagara University_NY","122"
"North Boston_NY","122"
"Sandusky_NY","122"
"Spring Brook_NY","122"
"Stella Niagara_NY","122"
"Tonawanda_NY","122"
"Buffalo_NY","122"
"Niagara Falls_NY","122"
"Adams Basin_NY","44"
"Alton_NY","44"
"Clarendon_NY","44"
"Clarkson_NY","44"
"East Bloomfield_NY","44"
"East Williamson_NY","44"
"Fancher_NY","44"
"Fishers_NY","44"
"North Greece_NY","44"
"Ontario Center_NY","44"
"Perkinsville_NY","44"
"Pultneyville_NY","44"
"Retsof_NY","44"
"Rose_NY","44"
"Sonyea_NY","44"
"Union Hill_NY","44"
"Rochester_NY","44"
"Jamestown_NY","40"
"Celoron_NY","40"
"East Randolph_NY","122"
"Leon_NY","122"
"Maple Springs_NY","40"
"Niobe_NY","44"
"Otto_NY","122"
"Saint Bonaventure_NY","122"
"West Clarksville_NY","122"
"Coopers Plains_NY","8"
"Ithaca_NY","33"
"Kanona_NY","44"
"Lakemont_NY","44"
"Mecklenburg_NY","33"
"Tyrone_NY","44"
"Wayne_NY","44"
"Elmira_NY","8"
"Bairdford_PA","17"
"Curtisville_PA","17"
"New Kensington_PA","17"
"Pricedale_PA","17"
"Rural Ridge_PA","17"
"Shippingport_PA","17"
"Webster_PA","17"
"Wildwood_PA","17"
"Warrendale_PA","17"
"Ingomar_PA","17"
"Mckeesport_PA","17"
"Pittsburgh_PA","17"
"Brave_PA","17"
"Crucible_PA","17"
"Gastonville_PA","17"
"Meadow Lands_PA","17"
"Muse_PA","17"
"Taylorstown_PA","17"
"Westland_PA","17"
"Brier Hill_PA","17"
"Elco_PA","17"
"Fairbank_PA","17"
"Gans_PA","17"
"Hibbs_PA","17"
"Jacobs Creek_PA","17"
"Leisenring_PA","17"
"New Geneva_PA","17"
"Ursina_PA","15"
"West Leisenring_PA","17"
"Hidden Valley_PA","15"
"Listie_PA","15"
"New Baltimore_PA","15"
"West Salisbury_PA","15"
"Greensburg_PA","17"
"Armbrust_PA","17"
"Bovard_PA","17"
"Hostetter_PA","15"
"Norvelt_PA","17"
"Southwest_PA","17"
"Stahlstown_PA","15"
"Wendel_PA","17"
"Whitney_PA","15"
"Youngstown_PA","15"
"Arcadia_PA","19"
"Brush Valley_PA","15"
"Burnside_PA","12"
"Clune_PA","19"
"Dixonville_PA","19"
"Frostburg_PA","19"
"Marchand_PA","19"
"Mentcle_PA","15"
"Brandy Camp_PA","19"
"Dagus Mines_PA","19"
"Stump Creek_PA","19"
"Johnstown_PA","15"
"Jerome_PA","15"
"Tire Hill_PA","15"
"Butler_PA","19"
"Boyers_PA","19"
"Branchton_PA","19"
"Herman_PA","19"
"North Washington_PA","19"
"Turkey City_PA","19"
"New Castle_PA","17"
"Villa Maria_PA","17"
"New Wilmington_PA","17"
"Cadogan_PA","19"
"Kittanning_PA","19"
"Crown_PA","19"
"Curllsville_PA","19"
"Distant_PA","19"
"Fisher_PA","19"
"Limestone_PA","19"
"Snydersburg_PA","19"
"Widnoon_PA","19"
"Yatesboro_PA","19"
"East Hickory_PA","19"
"Endeavor_PA","19"
"Hydetown_PA","19"
"Ludlow_PA","19"
"Tylersburg_PA","19"
"Warren_PA","19"
"Clintonville_PA","19"
"Lamartine_PA","19"
"Meadville_PA","40"
"Harmonsburg_PA","40"
"Riceville_PA","40"
"Edinboro_PA","40"
"Erie_PA","40"
"Altoona_PA","15"
"Curryville_PA","15"
"Glasgow_PA","15"
"Huntingdon_PA","10"
"Mc Connellstown_PA","10"
"Morann_PA","12"
"Saint Boniface_PA","15"
"Smokerun_PA","12"
"Tipton_PA","15"
"Wood_PA","15"
"Houtzdale_PA","12"
"Cresson_PA","15"
"Crosby_PA","19"
"De Young_PA","19"
"East Smethport_PA","19"
"State College_PA","12"
"Bigler_PA","12"
"Drifting_PA","12"
"Mineral Springs_PA","12"
"Mingoville_PA","12"
"Shawville_PA","12"
"Cowanesque_PA","8"
"Nelson_PA","8"
"Sylvania_PA","8"
"Camp Hill_PA","16"
"Bowmansdale_PA","16"
"Campbelltown_PA","16"
"Grantham_PA","16"
"Kleinfeltersville_PA","16"
"Lawn_PA","16"
"Mattawana_PA","10"
"Mexico_PA","10"
"Ono_PA","16"
"Quentin_PA","16"
"Rexmont_PA","16"
"Lebanon_PA","16"
"Harrisburg_PA","16"
"Lemasters_PA","28"
"Quincy_PA","28"
"Shady Grove_PA","28"
"Williamson_PA","28"
"Zullinger_PA","28"
"Arendtsville_PA","18"
"Cashtown_PA","18"
"Codorus_PA","18"
"Emigsville_PA","18"
"Franklintown_PA","16"
"Gettysburg_PA","18"
"Hanover_PA","18"
"Loganville_PA","18"
"Mc Knightstown_PA","18"
"Porters Sideling_PA","18"
"Rossville_PA","18"
"Peach Glen_PA","18"
"York_PA","18"
"Bart_PA","3"
"Bausman_PA","3"
"Blue Ball_PA","3"
"Bowmansville_PA","1"
"Elm_PA","3"
"Hopeland_PA","3"
"Intercourse_PA","3"
"Lampeter_PA","3"
"Martindale_PA","3"
"Penryn_PA","3"
"Reamstown_PA","3"
"Rheems_PA","3"
"Lancaster_PA","3"
"Silver Spring_PA","3"
"West Willow_PA","3"
"Witmer_PA","3"
"Williamsport_PA","8"
"Antes Fort_PA","8"
"Castanea_PA","8"
"Grover_PA","8"
"North Bend_PA","8"
"Jersey Mills_PA","8"
"Mackeyville_PA","8"
"Ralston_PA","8"
"Salona_PA","8"
"Tylersville_PA","8"
"Lightstreet_PA","9"
"Beaver Springs_PA","9"
"Numidia_PA","9"
"Potts Grove_PA","9"
"Snydertown_PA","9"
"Troxelville_PA","10"
"Frackville_PA","2"
"Landingville_PA","2"
"Lavelle_PA","2"
"Llewellyn_PA","2"
"Lost Creek_PA","2"
"Ravine_PA","2"
"Seltzer_PA","2"
"Lehigh Valley_PA","4"
"Ackermanville_PA","5"
"Aquashicola_PA","4"
"Durham_PA","30"
"Easton_PA","4"
"Flicksville_PA","5"
"Limeport_PA","4"
"Martins Creek_PA","4"
"Old Zionsville_PA","4"
"Sumneytown_PA","1"
"Emmaus_PA","4"
"Allentown_PA","4"
"Drifton_PA","7"
"Ebervale_PA","7"
"Lattimer Mines_PA","7"
"Quakake_PA","7"
"Saint Johns_PA","7"
"Analomink_PA","5"
"Marshalls Creek_PA","5"
"Minisink Hills_PA","5"
"Mountainhome_PA","5"
"Pocono Lake Preserve_PA","5"
"Reeders_PA","5"
"Shawnee On Delaware_PA","5"
"Tamiment_PA","5"
"Unity House_PA","5"
"Chinchilla_PA","7"
"Fleetville_PA","7"
"La Plume_PA","7"
"Olyphant_PA","7"
"Orson_PA","7"
"Rowland_PA","7"
"South Canaan_PA","7"
"Sterling_PA","7"
"Scranton_PA","7"
"Beach Haven_PA","9"
"Cambra_PA","9"
"Lake Winola_PA","7"
"Lehman_PA","7"
"Dallas_PA","7"
"Wilkes Barre_PA","7"
"Brooklyn_PA","7"
"Camptown_PA","33"
"Dimock_PA","7"
"East Smithfield_PA","8"
"Gibson_PA","7"
"South Montrose_PA","33"
"Bedminster_PA","30"
"Blooming Glen_PA","30"
"Carversville_PA","30"
"Danboro_PA","30"
"Earlington_PA","30"
"Forest Grove_PA","30"
"Franconia_PA","30"
"Gardenville_PA","30"
"Holicong_PA","30"
"Lahaska_PA","30"
"Milford Square_PA","30"
"Penns Park_PA","30"
"Pineville_PA","30"
"Plumsteadville_PA","30"
"Rushland_PA","30"
"Salford_PA","1"
"Salfordville_PA","1"
"Solebury_PA","30"
"Spinnerstown_PA","30"
"Tylersport_PA","30"
"Woxall_PA","30"
"Wycombe_PA","30"
"Zionhill_PA","30"
"Warminster_PA","30"
"Chester_PA","21"
"Philadelphia_PA","20"
"Edgemont_PA","21"
"Glen Riddle Lima_PA","21"
"Gradyville_PA","21"
"Fort Washington_PA","30"
"Lenni_PA","21"
"Levittown_PA","30"
"Media_PA","21"
"Wayne_PA","21"
"Holmes_PA","30"
"Brandamore_PA","21"
"Concordville_PA","21"
"Kelton_PA","21"
"Kemblesville_PA","21"
"Lewisville_PA","21"
"Lionville_PA","21"
"Lyndell_PA","21"
"Mendenhall_PA","21"
"Modena_PA","21"
"New London_PA","21"
"Pocopson_PA","21"
"Sadsburyville_PA","21"
"Suplee_PA","21"
"Unionville_PA","21"
"Wagontown_PA","21"
"West Chester_PA","21"
"Westtown_PA","21"
"Southeastern_PA","21"
"Norristown_PA","1"
"Audubon_PA","1"
"Eagleville_PA","1"
"Fairview Village_PA","1"
"Arcola_PA","1"
"Birchrunville_PA","1"
"Blue Bell_PA","30"
"Conshohocken_PA","30"
"Creamery_PA","30"
"Devault_PA","1"
"Harleysville_PA","30"
"Lederach_PA","30"
"Mainland_PA","30"
"North Wales_PA","30"
"Oaks_PA","1"
"Saint Peters_PA","1"
"Skippack_PA","30"
"Spring Mount_PA","1"
"Uwchland_PA","21"
"Valley Forge_PA","1"
"West Point_PA","30"
"King Of Prussia_PA","1"
"Worcester_PA","1"
"Centerport_PA","1"
"Geigertown_PA","1"
"Pine Forge_PA","1"
"Reading_PA","1"
"Kirkwood_DE","31"
"Montchanin_DE","31"
"Newark_DE","31"
"New Castle_DE","31"
"Wilmington_DE","31"
"Dover_DE","34"
"Little Creek_DE","34"
"Nassau_DE","34"
"Washington_DC","29"
"Purcellville_VA","28"
"Casanova_VA","28"
"Rectortown_VA","28"
"Round Hill_VA","28"
"Ashburn_VA","28"
"Hamilton_VA","28"
"Leesburg_VA","28"
"Upperville_VA","28"
"Warrenton_VA","28"
"Washington Navy Yard_DC","29"
"Waldorf_MD","29"
"Barstow_MD","29"
"Compton_MD","29"
"Helen_MD","29"
"Ironsides_MD","29"
"Morganza_MD","29"
"Rock Point_MD","29"
"Southern Md Facility_MD","29"
"Lanham_MD","27"
"Beltsville_MD","27"
"Laurel_MD","27"
"Bowie_MD","27"
"Capitol Heights_MD","29"
"College Park_MD","29"
"Fort Washington_MD","29"
"Oxon Hill_MD","29"
"Suitland_MD","29"
"District Heights_MD","29"
"Temple Hills_MD","27"
"Greenbelt_MD","27"
"Upper Marlboro_MD","29"
"Hyattsville_MD","29"
"Bethesda_MD","37"
"Chevy Chase_MD","37"
"Olney_MD","37"
"Rockville_MD","37"
"Potomac_MD","37"
"Germantown_MD","37"
"Gaithersburg_MD","37"
"Kensington_MD","37"
"Suburb Maryland Fac_MD","29"
"Silver Spring_MD","37"
"Takoma Park_MD","37"
"Benson_MD","25"
"Boring_MD","25"
"Butler_MD","25"
"Chase_MD","25"
"Ellicott City_MD","27"
"Glen Burnie_MD","25"
"Hunt Valley_MD","25"
"Lineboro_MD","25"
"Long Green_MD","25"
"Lutherville Timonium_MD","25"
"Hanover_MD","27"
"Mayo_MD","27"
"Pasadena_MD","27"
"Riderwood_MD","25"
"Simpsonville_MD","27"
"Baltimore_MD","25"
"Pikesville_MD","25"
"Towson_MD","25"
"Annapolis_MD","27"
"Cumberland_MD","28"
"Corriganville_MD","28"
"Eckhart Mines_MD","28"
"Midlothian_MD","28"
"Pinto_MD","28"
"Easton_MD","34"
"Bethlehem_MD","34"
"Price_MD","34"
"Templeville_MD","34"
"Ridgely_MD","34"
"Chestertown_MD","31"
"Frederick_MD","37"
"Braddock Heights_MD","37"
"Chewsville_MD","28"
"Hagerstown_MD","28"
"New Midway_MD","37"
"Saint James_MD","28"
"Unionville_MD","37"
"Salisbury_MD","34"
"Ocean City_MD","34"
"Powellville_MD","34"
"Rehobeth_MD","34"
"Upper Fairmount_MD","34"
"Childs_MD","31"
"Elkton_MD","31"
"Winchester_VA","28"
"Brucetown_VA","28"
"Fishers Hill_VA","28"
"Wolftown_VA","28"
"Harrisonburg_VA","28"
"Lacey Spring_VA","28"
"Ivy_VA","28"
"White Hall_VA","28"
"Capeville_VA","34"
"Cheriton_VA","34"
"Craddockville_VA","34"
"Davis Wharf_VA","34"
"Eastville_VA","34"
"Oak Hall_VA","34"
"Jamesville_VA","34"
"Jenkins Bridge_VA","34"
"Modest Town_VA","34"
"Nelsonia_VA","34"
"Oyster_VA","34"
"Seaview_VA","34"
"Wardtown_VA","34"
"Wattsville_VA","34"
"Head Waters_VA","28"
"Mustoe_VA","28"
"Covel_WV","220"
"Hiawatha_WV","220"
"Kegley_WV","220"
"Kellysville_WV","220"
"Montcalm_WV","220"
"Nemours_WV","220"
"Wolfe_WV","220"
"Avondale_WV","220"
"Bartley_WV","220"
"Big Sandy_WV","220"
"Bradshaw_WV","220"
"Cucumber_WV","220"
"Eckman_WV","220"
"Hemphill_WV","220"
"Hensley_WV","220"
"Ikes Fork_WV","220"
"Justice_WV","220"
"Kimball_WV","220"
"Kopperston_WV","220"
"Lynco_WV","220"
"Marianna_WV","220"
"Matheny_WV","220"
"Maybeury_WV","220"
"New Richmond_WV","220"
"Premier_WV","220"
"Rock View_WV","220"
"Roderfield_WV","220"
"Switchback_WV","220"
"Thorpe_WV","220"
"Wilcoe_WV","220"
"Wyoming_WV","220"
"Fairlea_WV","220"
"Ballard_WV","220"
"White Sulphur Springs_WV","220"
"Secondcreek_WV","220"
"Sinks Grove_WV","220"
"Talcott_WV","220"
"Wayside_WV","220"
"Wolfcreek_WV","220"
"Alloy_WV","220"
"Blue Creek_WV","220"
"Boomer_WV","220"
"Cannelton_WV","220"
"Charlton Heights_WV","220"
"Dawes_WV","220"
"Deep Water_WV","220"
"Falling Rock_WV","220"
"Glen Ferris_WV","220"
"Hometown_WV","220"
"Institute_WV","220"
"London_WV","220"
"Mammoth_WV","220"
"Page_WV","220"
"Pinch_WV","220"
"Mount Olive_WV","220"
"Tad_WV","220"
"Hartford_WV","220"
"Charleston_WV","220"
"Martinsburg_WV","28"
"Bakerton_WV","28"
"Halltown_WV","28"
"Levels_WV","220"
"Ridgeway_WV","28"
"Big Creek_WV","220"
"Shoals_WV","220"
"Teays_WV","220"
"Woodville_WV","220"
"Baisden_WV","220"
"Bruno_WV","220"
"Cora_WV","220"
"Henlawson_WV","220"
"Kistler_WV","220"
"Mallory_WV","220"
"Mount Gay_WV","220"
"Peach Creek_WV","220"
"Sarah Ann_WV","220"
"Switzer_WV","220"
"Verner_WV","220"
"Wharncliffe_WV","220"
"Borderland_WV","220"
"Breeden_WV","220"
"Chattaroy_WV","220"
"Edgarton_WV","220"
"Naugatuck_WV","220"
"Newtown_WV","220"
"North Matewan_WV","220"
"Ragland_WV","220"
"Rawl_WV","220"
"Varney_WV","220"
"Huntington_WV","220"
"Beckley_WV","220"
"Allen Junction_WV","220"
"Dothan_WV","220"
"Glen Jean_WV","220"
"Hilltop_WV","220"
"Lanark_WV","220"
"Maben_WV","220"
"Mc Graws_WV","220"
"Saulsville_WV","220"
"Minden_WV","220"
"Mount Hope_WV","220"
"Piney View_WV","220"
"Prince_WV","220"
"Skelton_WV","220"
"Stanaford_WV","220"
"Stephenson_WV","220"
"Thurmond_WV","220"
"Wyco_WV","220"
"Elton_WV","220"
"Green Sulphur Springs_WV","220"
"Leslie_WV","220"
"Meadow Creek_WV","220"
"Nimitz_WV","220"
"Sandstone_WV","220"
"Spring Dale_WV","220"
"New Manchester_WV","17"
"Parkersburg_WV","220"
"Mineral Wells_WV","220"
"Reader_WV","220"
"Adrian_WV","220"
"Frenchton_WV","220"
"Kanawha Head_WV","220"
"Lorentz_WV","220"
"Selbyville_WV","220"
"Dailey_WV","220"
"Junior_WV","220"
"Norton_WV","220"
"Valley Bend_WV","220"
"Bergoo_WV","220"
"Clarksburg_WV","220"
"Anmoore_WV","220"
"Flemington_WV","220"
"Folsom_WV","220"
"Gypsy_WV","220"
"Haywood_WV","220"
"Hepzibah_WV","220"
"Reynoldsville_WV","220"
"Rosemont_WV","220"
"Simpson_WV","220"
"Smithburg_WV","220"
"Smithfield_WV","220"
"Spelter_WV","220"
"Wilsonburg_WV","220"
"Wyatt_WV","220"
"Morgantown_WV","220"
"Bretz_WV","220"
"Cassville_WV","220"
"Dellslow_WV","220"
"Osage_WV","220"
"Fairmont_WV","220"
"Big Run_WV","220"
"Colfax_WV","220"
"Enterprise_WV","220"
"Four States_WV","220"
"Idamay_WV","220"
"Kingmont_WV","220"
"Drennen_WV","220"
"Keslers Cross Lanes_WV","220"
"Delray_WV","220"
"Lahmansville_WV","220"
"Shanks_WV","220"
"Bloomery_WV","220"
"Capon Springs_WV","220"
"Yellow Spring_WV","220"
"Lockbourne_OH","48"
"Groveport_OH","48"
"Columbus_OH","48"
"Laings_OH","17"
"Sycamore Valley_OH","17"
"Colerain_OH","17"
"East Springfield_OH","17"
"Fairpoint_OH","17"
"Maynard_OH","17"
"Piney Fork_OH","17"
"Warnock_OH","17"
"Ashtabula_OH","59"
"Elyria_OH","59"
"Mentor_OH","59"
"North Kingsville_OH","59"
"Unionville_OH","59"
"Willoughby_OH","59"
"Eastlake_OH","59"
"Cleveland_OH","59"
"Bath_OH","59"
"Cuyahoga Falls_OH","59"
"Kent_OH","59"
"Lakemore_OH","59"
"Medina_OH","59"
"Randolph_OH","59"
"Wadsworth_OH","59"
"Akron_OH","59"
"Fairlawn_OH","59"
"Warren_OH","59"
"Youngstown_OH","59"
"Berlin_OH","59"
"Massillon_OH","59"
"Maximo_OH","59"
"Canton_OH","59"
"Sandusky_OH","59"
"Mansfield_OH","59"
"Evansville_IN","30"
"Parcel Return Service_DC","29"
"North Pole_DC","29"
"Herndon_VA","116"
"Reston_VA","116"
"Burke_VA","116"
"Mc Lean_VA","116"
"Mount Vernon_VA","116"
"Newington_VA","116"
"Alexandria_VA","116"
"Charlottesville_VA","119"
"Achilles_VA","218"
"Ark_VA","218"
"Barhamsville_VA","218"
"Bena_VA","218"
"Christchurch_VA","218"
"Cobbs Creek_VA","218"
"Deltaville_VA","218"
"Gloucester_VA","218"
"Gloucester Point_VA","218"
"Grimstead_VA","218"
"Hallieford_VA","218"
"Hardyville_VA","218"
"Hartfield_VA","218"
"Hayes_VA","218"
"Jamestown_VA","218"
"Lanexa_VA","218"
"Lightfoot_VA","218"
"Locust Hill_VA","218"
"Maryus_VA","218"
"Mathews_VA","218"
"Mattaponi_VA","218"
"Mineral_VA","119"
"Norge_VA","218"
"North_VA","218"
"Ordinary_VA","218"
"Providence Forge_VA","218"
"Saluda_VA","218"
"Schley_VA","218"
"Severn_VA","218"
"Toano_VA","218"
"Topping_VA","218"
"Wake_VA","218"
"Ware Neck_VA","218"
"West Point_VA","218"
"White Marsh_VA","218"
"Wicomico_VA","218"
"Williamsburg_VA","218"
"Woods Cross Roads_VA","218"
"Henrico_VA","218"
"Battery Park_VA","218"
"Carrollton_VA","218"
"Carrsville_VA","218"
"Chesapeake_VA","218"
"Isle Of Wight_VA","218"
"Rescue_VA","218"
"Smithfield_VA","218"
"Suffolk_VA","218"
"Virginia Beach_VA","218"
"Norfolk_VA","218"
"Newport News_VA","218"
"Hampton_VA","218"
"Lackey_VA","218"
"Portsmouth_VA","218"
"Courtland_VA","218"
"Dendron_VA","218"
"Elberon_VA","218"
"Franklin_VA","218"
"Ivor_VA","218"
"Sedley_VA","218"
"Surry_VA","218"
"Wakefield_VA","218"
"Waverly_VA","218"
"Zuni_VA","218"
"Claremont_VA","218"
"Evergreen_VA","119"
"Roanoke_VA","119"
"Bassett_VA","410"
"Blacksburg_VA","119"
"Ridgeway_VA","410"
"Bristol_VA","232"
"Abingdon_VA","232"
"Andover_VA","232"
"Ben Hur_VA","232"
"East Stone Gap_VA","232"
"Lynchburg_VA","119"
"Burkes Garden_VA","232"
"Doran_VA","232"
"Horsepen_VA","232"
"Red Ash_VA","232"
"Woodleaf_NC","273"
"Mamers_NC","431"
"Jamesville_NC","218"
"Elizabeth City_NC","218"
"Avon_NC","218"
"Aydlett_NC","218"
"Barco_NC","218"
"Belvidere_NC","218"
"Buxton_NC","218"
"Camden_NC","218"
"Coinjock_NC","218"
"Corapeake_NC","218"
"Corolla_NC","218"
"Currituck_NC","218"
"Hertford_NC","218"
"Edenton_NC","218"
"Eure_NC","218"
"Frisco_NC","218"
"Gates_NC","218"
"Gatesville_NC","218"
"Grandy_NC","218"
"Harbinger_NC","218"
"Harrellsville_NC","218"
"Hatteras_NC","218"
"Hobbsville_NC","218"
"Jarvisburg_NC","218"
"Kill Devil Hills_NC","218"
"Kitty Hawk_NC","218"
"Knotts Island_NC","218"
"Manns Harbor_NC","218"
"Manteo_NC","218"
"Maple_NC","218"
"Merry Hill_NC","218"
"Moyock_NC","218"
"Nags Head_NC","218"
"Ocracoke_NC","218"
"Point Harbor_NC","218"
"Poplar Branch_NC","218"
"Powells Point_NC","218"
"Rodanthe_NC","218"
"Roduco_NC","218"
"Roper_NC","218"
"Salvo_NC","218"
"Concord_NC","401"
"Davidson_NC","273"
"Gastonia_NC","401"
"Huntersville_NC","273"
"Indian Trail_NC","401"
"Kannapolis_NC","401"
"Lincolnton_NC","273"
"Matthews_NC","401"
"Mount Holly_NC","401"
"Mount Mourne_NC","273"
"Charlotte_NC","401"
"Hickory_NC","273"
"Lenoir_NC","273"
"Statesville_NC","273"
"Turnersburg_NC","410"
"Scotts_NC","273"
"Beaufort_SC","70"
"Parris Island_SC","70"
"Hilton Head Island_SC","70"
"Lobeco_SC","70"
"Century_FL","118"
"Vero Beach_FL","58"
"Wabasso_FL","58"
"Winter Beach_FL","58"
"Hialeah_FL","99"
"Pompano Beach_FL","58"
"Coral Springs_FL","58"
"Hollywood_FL","58"
"Pembroke Pines_FL","58"
"Homestead_FL","99"
"Margate_FL","58"
"Coconut Creek_FL","58"
"Miami_FL","99"
"Coral Gables_FL","99"
"Miami Beach_FL","99"
"Fort Lauderdale_FL","58"
"West Palm Beach_FL","58"
"Royal Palm Beach_FL","58"
"Boynton Beach_FL","58"
"Boca Raton_FL","58"
"Canal Point_FL","58"
"Deerfield Beach_FL","58"
"Delray Beach_FL","58"
"Greenacres_FL","58"
"Lake Worth_FL","58"
"Jupiter_FL","58"
"Hobe Sound_FL","58"
"Crystal Springs_FL","52"
"Dade City_FL","52"
"Zephyrhills_FL","52"
"Sydney_FL","52"
"Tampa_FL","52"
"Avon Park_FL","51"
"Lake Placid_FL","51"
"Sebring_FL","51"
"Fort Myers_FL","51"
"Cape Coral_FL","51"
"North Fort Myers_FL","51"
"El Jobean_FL","51"
"Estero_FL","51"
"Fort Myers Beach_FL","51"
"Murdock_FL","51"
"Port Charlotte_FL","51"
"Punta Gorda_FL","51"
"Lehigh Acres_FL","51"
"Labelle_FL","51"
"Naples_FL","51"
"Bonita Springs_FL","51"
"Immokalee_FL","51"
"Marco Island_FL","51"
"Bradenton_FL","51"
"Holmes Beach_FL","51"
"Sarasota_FL","51"
"Oneco_FL","51"
"Arcadia_FL","51"
"Fort Ogden_FL","51"
"Nocatee_FL","51"
"Nokomis_FL","51"
"North Port_FL","51"
"Brooksville_FL","52"
"Spring Hill_FL","52"
"New Port Richey_FL","52"
"Port Richey_FL","52"
"Hudson_FL","52"
"Palm Harbor_FL","52"
"Fort Pierce_FL","58"
"Jensen Beach_FL","58"
"Port Saint Lucie_FL","58"
"Palm City_FL","58"
"Port Salerno_FL","58"
"Stuart_FL","58"
"Bakewell_TN","232"
"Collegedale_TN","232"
"Conasauga_TN","232"
"Cleveland_TN","232"
"Athens_TN","232"
"Soddy Daisy_TN","232"
"Chattanooga_TN","232"
"Johnson City_TN","232"
"Bristol_TN","232"
"Elizabethton_TN","232"
"Kingsport_TN","232"
"Mountain Home_TN","232"
"Arthur_TN","232"
"Clinton_TN","232"
"Eagan_TN","232"
"Greeneville_TN","232"
"Lone Mountain_TN","232"
"Lowland_TN","232"
"Morristown_TN","232"
"Newport_TN","232"
"New Tazewell_TN","232"
"Oak Ridge_TN","232"
"Sevierville_TN","232"
"Shawanee_TN","232"
"Pigeon Forge_TN","232"
"White Pine_TN","232"
"Knoxville_TN","232"
"Sterling_IL","58"
"North Thetford_VT","246"
"Thetford_VT","246"
"West Newbury_VT","246"
"Burlington_VT","246"
"South Burlington_VT","246"
"Colchester_VT","246"
"Essex_VT","246"
"Essex Junction_VT","246"
"Highgate Springs_VT","246"
"Jonesville_VT","246"
"Monkton_VT","246"
"Montgomery_VT","246"
"Montpelier_VT","246"
"Lake Elmore_VT","246"
"Moscow_VT","246"
"Northfield Falls_VT","246"
"North Hyde Park_VT","246"
"South Barre_VT","246"
"Rutland_VT","246"
"East Middlebury_VT","246"
"Forest Dale_VT","246"
"Hydeville_VT","246"
"Beebe Plain_VT","246"
"Danville_VT","246"
"Lyndonville_VT","246"
"Alexander City_AL","94"
"Allgood_AL","94"
"Alton_AL","94"
"Bessemer_AL","94"
"Burnwell_AL","94"
"Cardiff_AL","94"
"Clanton_AL","217"
"Clay_AL","94"
"Cook Springs_AL","94"
"Cullman_AL","94"
"Hollins_AL","94"
"Palmerdale_AL","94"
"Saginaw_AL","94"
"Shannon_AL","94"
"Siluria_AL","94"
"Talladega_AL","94"
"Wattsville_AL","94"
"Westover_AL","94"
"Birmingham_AL","94"
"Tuscaloosa_AL","94"
"Abernant_AL","94"
"Clinton_AL","94"
"Kellerman_AL","94"
"Panola_AL","94"
"Peterson_AL","94"
"Samantha_AL","94"
"West Greene_AL","94"
"Jasper_AL","94"
"Belk_AL","94"
"Delmar_AL","94"
"Glen Allen_AL","94"
"Goodsprings_AL","94"
"Decatur_AL","94"
"Athens_AL","94"
"Belle Mina_AL","94"
"Cloverdale_AL","94"
"Florence_AL","94"
"Muscle Shoals_AL","94"
"Capshaw_AL","94"
"Normal_AL","94"
"Ryland_AL","94"
"Huntsville_AL","94"
"Gadsden_AL","94"
"Cedar Bluff_AL","94"
"Douglas_AL","94"
"Chapman_AL","94"
"East Tallassee_AL","94"
"Gantt_AL","94"
"Hardaway_AL","94"
"Kent_AL","94"
"Mount Meigs_AL","94"
"Perote_AL","94"
"Petrey_AL","94"
"Pine Level_AL","94"
"Prattville_AL","94"
"Eufaula_AL","94"
"Shorter_AL","94"
"Tuskegee Institute_AL","94"
"Montgomery_AL","94"
"Anniston_AL","94"
"Bynum_AL","94"
"De Armanville_AL","94"
"Edwardsville_AL","94"
"Graham_AL","94"
"Spring Garden_AL","94"
"Dothan_AL","94"
"Enterprise_AL","94"
"Malvern_AL","94"
"Ozark_AL","94"
"Brooklyn_AL","94"
"Uriah_AL","94"
"Lockhart_AL","94"
"Megargel_AL","94"
"Mexia_AL","94"
"Monroeville_AL","94"
"Perdue Hill_AL","94"
"Jackson_AL","94"
"Atmore_AL","94"
"Calvert_AL","94"
"Fairhope_AL","94"
"Gulf Shores_AL","94"
"Montrose_AL","94"
"Point Clear_AL","94"
"Saint Elmo_AL","94"
"Theodore_AL","94"
"Mobile_AL","90"
"Selma_AL","94"
"Annemanie_AL","94"
"Mc Williams_AL","94"
"Morvin_AL","94"
"Myrtlewood_AL","94"
"Oak Hill_AL","94"
"Holy Trinity_AL","94"
"Phenix City_AL","94"
"Memphis_TN","92"
"Braden_TN","92"
"Brunswick_TN","92"
"Crockett Mills_TN","92"
"Collierville_TN","92"
"Ellendale_TN","92"
"Laconia_TN","92"
"La Grange_TN","92"
"Macon_TN","92"
"Millington_TN","92"
"Cordova_TN","92"
"Germantown_TN","92"
"Jackson_TN","92"
"Clarksburg_TN","92"
"Fruitvale_TN","92"
"Pickwick Dam_TN","92"
"Silerton_TN","92"
"Spring Creek_TN","92"
"Chewalla_TN","92"
"Arkabutla_MS","92"
"Marks_MS","92"
"Crowder_MS","92"
"Sledge_MS","92"
"Farrell_MS","92"
"Holly Springs_MS","92"
"Independence_MS","92"
"Jonestown_MS","92"
"Mount Pleasant_MS","92"
"Sherard_MS","92"
"Oxford_MS","92"
"Victoria_MS","92"
"Walls_MS","92"
"Greenville_MS","90"
"Arcola_MS","90"
"Parchman_MS","92"
"Grace_MS","90"
"Indianola_MS","90"
"Pace_MS","90"
"Rena Lara_MS","92"
"Wayside_MS","90"
"Winterville_MS","90"
"Tupelo_MS","92"
"Algoma_MS","92"
"Becker_MS","92"
"Corinth_MS","92"
"Toccopola_MS","92"
"Trebloc_MS","92"
"Grenada_MS","92"
"Elliott_MS","92"
"Greenwood_MS","90"
"Slate Spring_MS","92"
"Swan Lake_MS","92"
"Swiftown_MS","90"
"Tie Plant_MS","92"
"Tippo_MS","92"
"Brandon_MS","90"
"Clinton_MS","90"
"D Lo_MS","90"
"Harperville_MS","90"
"Fayette_MS","90"
"Hillsboro_MS","90"
"Ludlow_MS","90"
"Mc Adams_MS","90"
"Madden_MS","90"
"Midnight_MS","90"
"Natchez_MS","90"
"Madison_MS","90"
"Piney Woods_MS","90"
"Puckett_MS","90"
"Ridgeland_MS","90"
"Sandhill_MS","90"
"Sharon_MS","90"
"Sibley_MS","90"
"Thomastown_MS","90"
"Vicksburg_MS","90"
"Washington_MS","90"
"Whitfield_MS","90"
"Jackson_MS","90"
"Pearl_MS","90"
"Meridian_MS","90"
"Clara_MS","90"
"Hattiesburg_MS","90"
"Laurel_MS","90"
"Mc Neill_MS","90"
"Moss_MS","90"
"Sandersville_MS","90"
"Gulfport_MS","90"
"Bay Saint Louis_MS","90"
"Stennis Space Center_MS","90"
"Biloxi_MS","90"
"Escatawpa_MS","90"
"Hurley_MS","90"
"Lakeshore_MS","90"
"Ocean Springs_MS","90"
"Pascagoula_MS","90"
"Brookhaven_MS","90"
"Mccomb_MS","90"
"Columbus_MS","90"
"Montpelier_MS","90"
"Starkville_MS","90"
"Mississippi State_MS","90"
"Elizabethtown_KY","96"
"Gypsum_OH","96"
"Lacarne_OH","96"
"Rocky Ridge_OH","96"
"Perrysburg_OH","96"
"Oregon_OH","96"
"Sulphur Springs_OH","96"
"Anderson_IN","96"
"Noblesville_IN","96"
"Sedalia_IN","96"
"Carmel_IN","96"
"Fishers_IN","96"
"Eminence_IN","96"
"Finly_IN","96"
"Putnamville_IN","96"
"Indianapolis_IN","96"
"Crown Point_IN","96"
"East Chicago_IN","54"
"Hammond_IN","96"
"Kingsford Heights_IN","96"
"La Porte_IN","96"
"Michigan City_IN","96"
"Sumava Resorts_IN","96"
"Tefft_IN","96"
"Valparaiso_IN","96"
"Merrillville_IN","96"
"Tyner_IN","96"
"Warsaw_IN","96"
"Bippus_IN","96"
"Linn Grove_IN","96"
"Pleasant Mills_IN","96"
"Preble_IN","96"
"South Milford_IN","96"
"Stroh_IN","96"
"Wolflake_IN","96"
"Fort Wayne_IN","96"
"Kokomo_IN","96"
"Athens_IN","96"
"Burrows_IN","96"
"Deedsville_IN","96"
"Delong_IN","96"
"Grass Creek_IN","96"
"Lake Cicott_IN","96"
"Leiters Ford_IN","96"
"Grissom Arb_IN","96"
"Rockfield_IN","96"
"Servia_IN","96"
"Somerset_IN","96"
"Sweetser_IN","96"
"West Middleton_IN","96"
"Young America_IN","96"
"Napoleon_IN","96"
"Pierceville_IN","96"
"Bradford_IN","96"
"Jeffersonville_IN","96"
"Little York_IN","96"
"Mount Saint Francis_IN","96"
"Columbus_IN","96"
"Cortland_IN","96"
"Hayden_IN","96"
"Kurtz_IN","96"
"Millhousen_IN","96"
"Muncie_IN","96"
"Bentonville_IN","96"
"New Lisbon_IN","96"
"Richmond_IN","96"
"Webster_IN","96"
"Bloomington_IN","96"
"Clear Creek_IN","96"
"Fort Ritner_IN","96"
"Koleen_IN","96"
"Midland_IN","96"
"Scotland_IN","96"
"Smithville_IN","96"
"Stanford_IN","96"
"Fulda_IN","96"
"Ireland_IN","96"
"Mariah Hill_IN","96"
"Westphalia_IN","96"
"Folsomville_IN","96"
"Hatfield_IN","96"
"Inglefield_IN","96"
"Newburgh_IN","96"
"Buckskin_IN","96"
"Terre Haute_IN","96"
"Bellmore_IN","96"
"Coalmont_IN","96"
"Graysville_IN","96"
"Judson_IN","96"
"Sullivan_IN","96"
"Prairie Creek_IN","96"
"Prairieton_IN","96"
"Saint Bernice_IN","96"
"Seelyville_IN","96"
"Lafayette_IN","96"
"Crawfordsville_IN","96"
"Talbot_IN","96"
"Templeton_IN","96"
"Wallace_IN","96"
"West Lafayette_IN","96"
"Boone_IA","82"
"Buckeye_IA","85"
"Garden City_IA","85"
"Gray_IA","82"
"Patterson_IA","82"
"Thornburg_IA","85"
"Whitten_IA","85"
"Des Moines_IA","82"
"Clarion_IA","82"
"Knierim_IA","82"
"Austinville_IA","85"
"Dewar_IA","85"
"Frederika_IA","85"
"Lincoln_IA","85"
"Morrison_IA","85"
"Stout_IA","85"
"Waterloo_IA","85"
"Sioux City_IA","74"
"Council Bluffs_IA","73"
"Dubuque_IA","85"
"Andrew_IA","85"
"Luxemburg_IA","85"
"Saint Donatus_IA","85"
"Springbrook_IA","85"
"Highlandville_IA","85"
"Marquette_IA","85"
"Saint Lucas_IA","85"
"Spillville_IA","85"
"Amana_IA","85"
"Hills_IA","85"
"Iowa City_IA","85"
"Millersburg_IA","85"
"Oakdale_IA","85"
"Troy Mills_IA","85"
"Viola_IA","85"
"Cedar Rapids_IA","85"
"West Grove_IA","85"
"Hayesville_IA","85"
"Martinsburg_IA","85"
"Denmark_IA","85"
"Houghton_IA","85"
"Rome_IA","85"
"Olds_IA","85"
"Pilot Grove_IA","85"
"Swedesburg_IA","85"
"Andover_IA","85"
"Clinton_IA","85"
"Grandview_IA","85"
"Low Moor_IA","85"
"Pleasant Valley_IA","85"
"Welton_IA","85"
"Davenport_IA","85"
"Sioux Falls_SD","74"
"Rapid City_SD","79"
"Burbank_IL","54"
"Stockland_IL","93"
"Rock Island_IL","85"
"Andover_IL","85"
"Barstow_IL","85"
"Buffalo Prairie_IL","85"
"Matherville_IL","85"
"Moline_IL","85"
"Preemption_IL","85"
"Rapids City_IL","85"
"Galesburg_IL","85"
"Fiatt_IL","85"
"Pekin_IL","93"
"East Peoria_IL","93"
"Peoria_IL","93"
"Bloomington_IL","93"
"Lawndale_IL","93"
"Normal_IL","93"
"Urbana_IL","93"
"Champaign_IL","93"
"Edwardsville_IL","91"
"Elsah_IL","91"
"National Stock Yards_IL","91"
"Belleville_IL","91"
"Mascoutah_IL","91"
"Greenville_IL","91"
"Renault_IL","91"
"Decatur_IL","91"
"Ballwin_MO","91"
"Florissant_MO","91"
"Wildwood_MO","91"
"Hematite_MO","91"
"Mapaville_MO","91"
"Morse Mill_MO","91"
"Saint Louis_MO","91"
"Cottleville_MO","91"
"Olney_MO","91"
"Granger_MO","83"
"Plevna_MO","83"
"Saint Patrick_MO","83"
"Cascade_MO","93"
"Reynolds_MO","93"
"Cape Girardeau_MO","93"
"Brazeau_MO","93"
"Farrar_MO","93"
"Perkins_MO","93"
"Mc Bride_MO","93"
"Pocahontas_MO","93"
"Anniston_MO","93"
"Blodgett_MO","93"
"Deering_MO","93"
"Morehouse_MO","93"
"Rives_MO","93"
"Whiteoak_MO","93"
"Wolf Island_MO","93"
"Poplar Bluff_MO","93"
"Briar_MO","93"
"Fagus_MO","93"
"Lodi_MO","93"
"Van Buren_MO","93"
"Lees Summit_MO","83"
"Blue Springs_MO","83"
"Independence_MO","83"
"Liberty_MO","83"
"Mosby_MO","83"
"Strasburg_MO","83"
"Kansas City_MO","83"
"Maysville_MO","83"
"Saint Joseph_MO","83"
"Stet_MO","83"
"Milford_MO","86"
"Roscoe_MO","83"
"Osceola_MO","83"
"Joplin_MO","86"
"Newtonia_MO","86"
"Racine_MO","86"
"Waco_MO","86"
"Laurie_MO","83"
"High Point_MO","83"
"Mc Girk_MO","83"
"Jefferson City_MO","83"
"Renick_MO","83"
"Columbia_MO","83"
"Lake Spring_MO","83"
"Montier_MO","83"
"Caplinger Mills_MO","86"
"Branson_MO","86"
"Butterfield_MO","86"
"Diggins_MO","86"
"Morrisville_MO","86"
"Hardenville_MO","86"
"Hollister_MO","86"
"Brandsville_MO","83"
"Mc Clurg_MO","86"
"Rockbridge_MO","86"
"Turners_MO","86"
"South Fork_MO","83"
"Springfield_MO","86"
"Clearview City_KS","83"
"Olathe_KS","83"
"Potter_KS","83"
"Kansas City_KS","83"
"Mission_KS","83"
"Overland Park_KS","83"
"Lenexa_KS","83"
"Shawnee Mission_KS","83"
"Shawnee_KS","83"
"Fostoria_KS","83"
"Mc Farland_KS","83"
"Manhattan_KS","83"
"Topeka_KS","83"
"Norway_KS","83"
"Hutchinson_KS","83"
"Yoder_KS","83"
"Blair_NE","73"
"Cedar Creek_NE","72"
"Fremont_NE","72"
"St Columbans_NE","72"
"Omaha_NE","73"
"Lincoln_NE","72"
"Columbus_NE","71"
"Norfolk_NE","71"
"Grand Island_NE","71"
"Kearney_NE","71"
"Hastings_NE","71"
"Scottsbluff_NE","79"
"Whiteclay_NE","79"
"Metairie_LA","217"
"Boothville_LA","217"
"Chalmette_LA","217"
"Gretna_LA","217"
"Kenner_LA","217"
"La Place_LA","217"
"Marrero_LA","217"
"Pilottown_LA","217"
"Belle Chasse_LA","217"
"Westwego_LA","217"
"New Orleans_LA","217"
"Thibodaux_LA","217"
"Amelia_LA","217"
"Houma_LA","217"
"Kraemer_LA","217"
"Morgan City_LA","217"
"Paincourtville_LA","217"
"Hammond_LA","217"
"Akers_LA","217"
"Bogalusa_LA","90"
"Natalbany_LA","217"
"Roseland_LA","217"
"Saint Benedict_LA","90"
"Slidell_LA","90"
"Talisheek_LA","217"
"Varnado_LA","90"
"Mandeville_LA","217"
"Lafayette_LA","217"
"Abbeville_LA","217"
"Cade_LA","217"
"Cecilia_LA","217"
"Centerville_LA","217"
"Chataignier_LA","217"
"Crowley_LA","217"
"Estherwood_LA","217"
"Garden City_LA","217"
"New Iberia_LA","217"
"Lydia_LA","217"
"Opelousas_LA","217"
"Reddell_LA","217"
"Iowa_LA","217"
"Leblanc_LA","217"
"Rosepine_LA","217"
"Baker_LA","217"
"Gonzales_LA","217"
"Addis_LA","217"
"Brittany_LA","217"
"Denham Springs_LA","217"
"Duplessis_LA","217"
"Burnside_LA","217"
"Hester_LA","217"
"Plaquemine_LA","217"
"Wakefield_LA","217"
"Watson_LA","217"
"Baton Rouge_LA","217"
"Longstreet_LA","88"
"Minden_LA","88"
"Powhatan_LA","88"
"Taylor_LA","88"
"Bossier City_LA","88"
"Shreveport_LA","88"
"Monroe_LA","88"
"Archibald_LA","88"
"Bastrop_LA","88"
"Crowville_LA","88"
"Fairbanks_LA","88"
"Jigger_LA","88"
"Ruston_LA","88"
"Start_LA","88"
"Swartz_LA","88"
"Tallulah_LA","88"
"West Monroe_LA","88"
"Alexandria_LA","88"
"Acme_LA","217"
"Dupont_LA","217"
"Libuse_LA","88"
"Rhinehart_LA","88"
"Ruby_LA","88"
"Wildsville_LA","88"
"Clarence_LA","88"
"Gardner_LA","88"
"Joyce_LA","88"
"Longleaf_LA","217"
"Natchitoches_LA","88"
"Negreet_LA","88"
"Saint Maurice_LA","88"
"Tioga_LA","88"
"Pine Bluff_AR","88"
"White Hall_AR","88"
"Monticello_AR","88"
"Rohwer_AR","88"
"Yorktown_AR","88"
"Camden_AR","88"
"Beirne_AR","88"
"Curtis_AR","88"
"El Dorado_AR","88"
"Lawson_AR","88"
"Magnolia_AR","88"
"Hope_AR","88"
"Alleene_AR","88"
"Ben Lomond_AR","88"
"Laneburg_AR","88"
"Hot Springs National Park_AR","88"
"Hot Springs Village_AR","88"
"Alpine_AR","88"
"Board Camp_AR","89"
"Friendship_AR","88"
"Oden_AR","88"
"Arkadelphia_AR","88"
"Beedeville_AR","88"
"Benton_AR","88"
"Choctaw_AR","88"
"Conway_AR","88"
"Coy_AR","88"
"Garner_AR","88"
"College Station_AR","88"
"Gregory_AR","88"
"Hickory Plains_AR","88"
"Hunter_AR","88"
"Jacksonport_AR","88"
"Jacksonville_AR","88"
"Keo_AR","88"
"Bryant_AR","88"
"Jones Mill_AR","88"
"Monroe_AR","88"
"North Little Rock_AR","88"
"Reydell_AR","88"
"Russell_AR","88"
"Searcy_AR","88"
"Sweet Home_AR","88"
"Ulm_AR","88"
"Wright_AR","88"
"Mc Crory_AR","88"
"Little Rock_AR","88"
"West Memphis_AR","92"
"Aubrey_AR","92"
"Barton_AR","92"
"Driver_AR","92"
"Forrest City_AR","92"
"Haynes_AR","92"
"La Grange_AR","92"
"Oneida_AR","92"
"Batesville_AR","88"
"Brockwell_AR","88"
"Dolph_AR","88"
"Heber Springs_AR","88"
"Sage_AR","88"
"Salado_AR","88"
"Wiseman_AR","88"
"Harrison_AR","88"
"Beaver_AR","88"
"Diamond City_AR","88"
"Marble Falls_AR","88"
"Mountain Home_AR","88"
"Timbo_AR","88"
"Norfork_AR","88"
"Pindall_AR","88"
"Summit_AR","88"
"Fayetteville_AR","89"
"Avoca_AR","89"
"Elm Springs_AR","89"
"Goshen_AR","89"
"Greenland_AR","89"
"Johnson_AR","89"
"Rogers_AR","89"
"Springdale_AR","89"
"Tontitown_AR","89"
"Russellville_AR","88"
"Centerville_AR","88"
"Fort Smith_AR","89"
"Van Buren_AR","89"
"Albert_OK","77"
"Concho_OK","77"
"Chickasha_OK","77"
"Dibble_OK","77"
"Davis_OK","77"
"Nicoma Park_OK","77"
"Norman_OK","77"
"Edmond_OK","77"
"Yukon_OK","77"
"Washita_OK","77"
"Oklahoma City_OK","77"
"Austin_TX","195"
"Ardmore_OK","77"
"Countyline_OK","77"
"Fox_OK","77"
"Lawton_OK","77"
"Addington_OK","77"
"Altus_OK","77"
"Duncan_OK","77"
"Meers_OK","77"
"Burns Flat_OK","77"
"Elk City_OK","77"
"Enid_OK","77"
"Hopeton_OK","77"
"Southard_OK","77"
"Woodward_OK","77"
"Texhoma_TX","81"
"Bartlesville_OK","77"
"Broken Arrow_OK","77"
"Claremore_OK","77"
"Foyil_OK","77"
"Hallett_OK","77"
"Leonard_OK","77"
"Sapulpa_OK","77"
"Stillwater_OK","77"
"Tulsa_OK","77"
"Disney_OK","77"
"Grove_OK","77"
"Ketchum_OK","77"
"Langley_OK","77"
"Miami_OK","89"
"Pryor_OK","77"
"Twin Oaks_OK","77"
"Muskogee_OK","89"
"Crowder_OK","77"
"Hitchita_OK","77"
"Braggs_OK","77"
"Moodys_OK","77"
"Proctor_OK","77"
"Tahlequah_OK","89"
"Wainwright_OK","77"
"Wagoner_OK","77"
"Mcalester_OK","77"
"Albion_OK","77"
"Alderson_OK","77"
"Blocker_OK","77"
"Atoka_OK","77"
"Gowen_OK","77"
"Haileyville_OK","77"
"Krebs_OK","77"
"Lehigh_OK","77"
"Panola_OK","77"
"Ponca City_OK","77"
"Durant_OK","77"
"Albany_OK","77"
"Golden_OK","77"
"Kemp_OK","77"
"Pickens_OK","77"
"Shawnee_OK","77"
"Seminole_OK","77"
"Ada_OK","77"
"Connerville_OK","77"
"Fittstown_OK","77"
"Monroe_OK","77"
"Carrollton_TX","78"
"Irving_TX","78"
"Plano_TX","78"
"Flower Mound_TX","80"
"Lewisville_TX","78"
"Rowlett_TX","78"
"Frisco_TX","78"
"Garland_TX","78"
"Grand Prairie_TX","78"
"Mckinney_TX","78"
"Richardson_TX","78"
"Sherman_TX","78"
"Cedar Hill_TX","78"
"Elmo_TX","78"
"Ennis_TX","78"
"Desoto_TX","78"
"Fate_TX","78"
"Duncanville_TX","78"
"Corsicana_TX","78"
"Josephine_TX","78"
"Waxahachie_TX","78"
"Mesquite_TX","78"
"Dallas_TX","78"
"Greenville_TX","78"
"Chicota_TX","78"
"Commerce_TX","78"
"Cunningham_TX","78"
"Gober_TX","78"
"Golden_TX","78"
"Mount Pleasant_TX","78"
"Merit_TX","78"
"Randolph_TX","78"
"Sulphur Springs_TX","78"
"Texarkana_TX","88"
"Lodi_TX","78"
"Redwater_TX","88"
"Longview_TX","78"
"Cason_TX","78"
"Elysian Fields_TX","78"
"Henderson_TX","78"
"Joinerville_TX","78"
"Jonesville_TX","78"
"Judson_TX","78"
"Laird Hill_TX","78"
"Marshall_TX","78"
"Minden_TX","78"
"New London_TX","78"
"Panola_TX","78"
"Price_TX","78"
"Scottsville_TX","78"
"Selman City_TX","78"
"Tyler_TX","78"
"Chandler_TX","78"
"Cuney_TX","78"
"Gallatin_TX","78"
"Maydelle_TX","78"
"Poynor_TX","78"
"Big Sandy_TX","78"
"Palestine_TX","78"
"Centralia_TX","98"
"Latexo_TX","78"
"Tennessee Colony_TX","78"
"Lufkin_TX","78"
"Martinsville_TX","78"
"Nacogdoches_TX","78"
"Woden_TX","78"
"Woodville_TX","98"
"Arlington_TX","78"
"Lillian_TX","80"
"Mineral Wells_TX","80"
"Bedford_TX","80"
"Burleson_TX","80"
"Azle_TX","80"
"Grapevine_TX","80"
"Fort Worth_TX","80"
"Denton_TX","80"
"Gainesville_TX","78"
"Greenwood_TX","80"
"Slidell_TX","80"
"Roanoke_TX","80"
"Wichita Falls_TX","80"
"Bluegrove_TX","80"
"Kamay_TX","80"
"Vernon_TX","80"
"Stephenville_TX","80"
"Dennis_TX","80"
"Morgan Mill_TX","80"
"Olden_TX","80"
"Paluxy_TX","80"
"Proctor_TX","195"
"Peaster_TX","80"
"Temple_TX","195"
"Davilla_TX","195"
"Heidenheimer_TX","195"
"Killeen_TX","98"
"Mound_TX","195"
"Pendleton_TX","195"
"Schwertner_TX","195"
"Gatesville_TX","195"
"Laguna Park_TX","78"
"Leroy_TX","78"
"Ross_TX","195"
"Waco_TX","195"
"Early_TX","195"
"Brownwood_TX","195"
"Lowake_TX","195"
"Star_TX","195"
"Telegraph_TX","195"
"Veribest_TX","195"
"Houston_TX","98"
"Conroe_TX","98"
"Kingwood_TX","98"
"Ace_TX","98"
"Dallardsville_TX","98"
"Dodge_TX","98"
"Hufsmith_TX","98"
"Huntsville_TX","98"
"Humble_TX","98"
"Leggett_TX","98"
"Magnolia_TX","98"
"Riverside_TX","98"
"Spring_TX","98"
"Bellaire_TX","98"
"Bay City_TX","98"
"Cypress_TX","98"
"Alief_TX","98"
"Altair_TX","98"
"Barker_TX","98"
"Cedar Lane_TX","98"
"Egypt_TX","98"
"Elmaton_TX","98"
"Prairie View_TX","98"
"Nada_TX","98"
"Old Ocean_TX","98"
"Sheridan_TX","98"
"Thompsons_TX","98"
"Sugar Land_TX","98"
"Katy_TX","98"
"Stafford_TX","98"
"Pasadena_TX","98"
"Alvin_TX","98"
"Angleton_TX","98"
"Baytown_TX","98"
"Freeport_TX","98"
"Friendswood_TX","98"
"Galveston_TX","98"
"Hardin_TX","98"
"La Porte_TX","98"
"Mont Belvieu_TX","98"
"Raywood_TX","98"
"Pearland_TX","98"
"Texas City_TX","98"
"Orange_TX","98"
"Orangefield_TX","98"
"Port Arthur_TX","98"
"Village Mills_TX","98"
"Vidor_TX","98"
"Beaumont_TX","98"
"Bryan_TX","195"
"Brenham_TX","195"
"Chriesman_TX","195"
"College Station_TX","195"
"Concord_TX","98"
"Deanville_TX","195"
"Flynn_TX","98"
"Kurten_TX","195"
"Lyons_TX","195"
"Navasota_TX","195"
"New Baden_TX","195"
"Roans Prairie_TX","195"
"Wellborn_TX","195"
"Wheelock_TX","195"
"Victoria_TX","195"
"Fannin_TX","195"
"Hochheim_TX","195"
"Nursery_TX","195"
"Sublime_TX","195"
"Sweet Home_TX","195"
"Thomaston_TX","195"
"Weesatche_TX","195"
"Kerrville_TX","195"
"Leming_TX","195"
"Peggy_TX","195"
"Beeville_TX","195"
"Geronimo_TX","195"
"Pandora_TX","195"
"San Antonio_TX","195"
"Alice_TX","195"
"Ben Bolt_TX","195"
"Dinero_TX","195"
"Edroy_TX","195"
"Rockport_TX","195"
"Corpus Christi_TX","195"
"Mcallen_TX","195"
"Brownsville_TX","195"
"Combes_TX","195"
"Edinburg_TX","195"
"Harlingen_TX","195"
"La Blanca_TX","195"
"Lasara_TX","195"
"Progreso_TX","195"
"San Perlita_TX","195"
"Santa Maria_TX","195"
"Belmont_TX","195"
"Cedar Park_TX","195"
"Leander_TX","195"
"Mc Neil_TX","195"
"San Marcos_TX","195"
"Staples_TX","195"
"Round Rock_TX","195"
"Pflugerville_TX","195"
"Del Rio_TX","195"
"Eagle Pass_TX","195"
"Plum_TX","195"
"Alanreed_TX","81"
"Borger_TX","81"
"Dawn_TX","81"
"Edmonson_TX","195"
"Lazbuddie_TX","81"
"Plainview_TX","81"
"Samnorwood_TX","81"
"Amarillo_TX","81"
"Aiken_TX","81"
"Odell_TX","195"
"Levelland_TX","195"
"New Deal_TX","195"
"Whitharral_TX","195"
"Lubbock_TX","195"
"Dunn_TX","195"
"Snyder_TX","195"
"Big Spring_TX","195"
"Forsan_TX","195"
"Arvada_CO","76"
"Wheat Ridge_CO","76"
"Westminster_CO","76"
"Broomfield_CO","76"
"Aurora_CO","76"
"Englewood_CO","76"
"Littleton_CO","76"
"Denver_CO","76"
"Golden_CO","76"
"Fort Collins_CO","79"
"Loveland_CO","79"
"Masonville_CO","79"
"Greeley_CO","79"
"Hereford_CO","79"
"Colorado Springs_CO","76"
"Pueblo_CO","76"
"Alamosa_CO","76"
"Bayfield_CO","76"
"Telluride_CO","76"
"Grand Junction_CO","76"
"Glenwood Springs_CO","76"
"Aspen_CO","76"
"Snowmass Village_CO","76"
"Craig_CO","76"
"Vail_CO","76"
"Cheyenne_WY","79"
"Laramie_WY","79"
"Huntley_WY","79"
"Van Tassell_WY","79"
"Gillette_WY","79"
"Wright_WY","79"
"Saddlestring_WY","79"
"Lovington_NM","81"
"Phoenix_AZ","263"
"Apache Junction_AZ","264"
"Chandler Heights_AZ","264"
"Casa Grande_AZ","264"
"Tortilla Flat_AZ","264"
"Mesa_AZ","264"
"Coolidge_AZ","264"
"Hayden_AZ","264"
"Maricopa_AZ","264"
"Queen Creek_AZ","264"
"Chandler_AZ","264"
"Scottsdale_AZ","264"
"Fountain Hills_AZ","264"
"Florence_AZ","264"
"Tempe_AZ","264"
"Valley Farms_AZ","264"
"Gilbert_AZ","264"
"Glendale_AZ","263"
"Cave Creek_AZ","264"
"Wickenburg_AZ","263"
"Wikieup_AZ","263"
"Yuma_AZ","263"
"Sun City_AZ","263"
"Sun City West_AZ","263"
"Surprise_AZ","263"
"Peoria_AZ","263"
"Claypool_AZ","264"
"Payson_AZ","263"
"Safford_AZ","264"
"Fort Huachuca_AZ","266"
"Tucson_AZ","266"
"Catalina_AZ","266"
"Pinedale_AZ","264"
"Springerville_AZ","264"
"Prescott_AZ","263"
"Prescott Valley_AZ","264"
"Kingman_AZ","264"
"Saint George_UT","175"
"The Lakes_NV","175"
"Boulder City_NV","175"
"Henderson_NV","175"
"Mercury_NV","175"
"North Las Vegas_NV","175"
"Pahrump_NV","175"
"Indian Springs_NV","175"
"Las Vegas_NV","175"
"Ely_NV","173"
"Fallon_NV","173"
"Sparks_NV","173"
"Winnemucca_NV","173"
"Incline Village_NV","173"
"Reno_NV","173"
"Carson City_NV","173"
"Elko_NV","173"
"Los Angeles_CA","143"
"Dodgertown_CA","143"
"Bell_CA","143"
"Beverly Hills_CA","143"
"Compton_CA","169"
"Culver City_CA","169"
"Downey_CA","169"
"Hawthorne_CA","169"
"Malibu_CA","169"
"Manhattan Beach_CA","169"
"Venice_CA","143"
"Marina Del Rey_CA","143"
"Playa Del Rey_CA","169"
"Inglewood_CA","169"
"Santa Monica_CA","169"
"Torrance_CA","169"
"Whittier_CA","160"
"Buena Park_CA","151"
"La Habra_CA","151"
"La Mirada_CA","151"
"Norwalk_CA","160"
"Pico Rivera_CA","160"
"Santa Fe Springs_CA","160"
"Artesia_CA","169"
"Bellflower_CA","169"
"Lakewood_CA","169"
"Los Alamitos_CA","169"
"San Pedro_CA","169"
"Sunset Beach_CA","151"
"Surfside_CA","151"
"Wilmington_CA","169"
"Carson_CA","169"
"Long Beach_CA","169"
"Altadena_CA","160"
"Duarte_CA","160"
"La Canada Flintridge_CA","160"
"Monrovia_CA","160"
"Montrose_CA","160"
"Mount Wilson_CA","160"
"Sierra Madre_CA","160"
"South Pasadena_CA","160"
"Sunland_CA","144"
"Tujunga_CA","144"
"Verdugo City_CA","160"
"Arcadia_CA","160"
"Pasadena_CA","160"
"San Marino_CA","160"
"Glendale_CA","160"
"La Crescenta_CA","160"
"Canoga Park_CA","144"
"West Hills_CA","144"
"Castaic_CA","144"
"Chatsworth_CA","144"
"Newbury Park_CA","158"
"Newhall_CA","144"
"Northridge_CA","144"
"Pacoima_CA","144"
"Reseda_CA","144"
"San Fernando_CA","144"
"Mission Hills_CA","144"
"Sun Valley_CA","144"
"Tarzana_CA","144"
"Thousand Oaks_CA","158"
"Westlake Village_CA","158"
"Woodland Hills_CA","144"
"Calabasas_CA","144"
"Agoura Hills_CA","158"
"Santa Clarita_CA","158"
"Valencia_CA","158"
"Canyon Country_CA","162"
"Van Nuys_CA","144"
"Sylmar_CA","144"
"North Hills_CA","144"
"Granada Hills_CA","144"
"Winnetka_CA","144"
"Panorama City_CA","144"
"Sherman Oaks_CA","144"
"Encino_CA","144"
"Burbank_CA","144"
"North Hollywood_CA","144"
"Universal City_CA","144"
"Toluca Lake_CA","144"
"Studio City_CA","144"
"Valley Village_CA","144"
"City Of Industry_CA","160"
"Rancho Cucamonga_CA","160"
"El Monte_CA","160"
"Guasti_CA","160"
"La Puente_CA","160"
"Monterey Park_CA","160"
"Ontario_CA","160"
"Pomona_CA","160"
"Rosemead_CA","160"
"San Gabriel_CA","160"
"Upland_CA","160"
"Walnut_CA","160"
"Alhambra_CA","160"
"Alpine_CA","163"
"Bonita_CA","163"
"Chula Vista_CA","163"
"Imperial Beach_CA","163"
"La Mesa_CA","163"
"Lemon Grove_CA","163"
"Lincoln Acres_CA","163"
"National City_CA","163"
"Spring Valley_CA","163"
"Tecate_CA","163"
"Carlsbad_CA","163"
"El Cajon_CA","163"
"Encinitas_CA","163"
"Escondido_CA","163"
"La Jolla_CA","163"
"Oceanside_CA","163"
"San Luis Rey_CA","163"
"Santee_CA","163"
"Poway_CA","163"
"San Marcos_CA","163"
"Vista_CA","163"
"Fallbrook_CA","163"
"San Diego_CA","163"
"San Ysidro_CA","163"
"Coronado_CA","163"
"Indio_CA","149"
"Cathedral City_CA","149"
"La Quinta_CA","149"
"Palm Desert_CA","149"
"Palm Springs_CA","149"
"Yucca Valley_CA","149"
"Barstow_CA","148"
"Blue Jay_CA","148"
"Bryn Mawr_CA","148"
"Cedarpines Park_CA","148"
"Phelan_CA","148"
"Fontana_CA","148"
"Hesperia_CA","148"
"Loma Linda_CA","148"
"Redlands_CA","148"
"Skyforest_CA","148"
"Victorville_CA","148"
"San Bernardino_CA","148"
"Riverside_CA","148"
"Lake Elsinore_CA","148"
"Hemet_CA","148"
"Moreno Valley_CA","148"
"Murrieta_CA","148"
"Perris_CA","148"
"San Jacinto_CA","148"
"Temecula_CA","148"
"Huntington Beach_CA","151"
"Laguna Niguel_CA","151"
"El Toro_CA","151"
"Irvine_CA","151"
"Costa Mesa_CA","151"
"East Irvine_CA","151"
"Laguna Beach_CA","151"
"Laguna Hills_CA","151"
"Newport Beach_CA","151"
"San Clemente_CA","151"
"Trabuco Canyon_CA","151"
"Westminster_CA","151"
"Mission Viejo_CA","151"
"San Juan Capistrano_CA","151"
"Aliso Viejo_CA","151"
"Santa Ana_CA","151"
"Fountain Valley_CA","151"
"Tustin_CA","151"
"Anaheim_CA","151"
"Atwood_CA","151"
"Fullerton_CA","151"
"Garden Grove_CA","151"
"Orange_CA","151"
"Corona_CA","160"
"Ventura_CA","158"
"Camarillo_CA","158"
"Carpinteria_CA","158"
"Fillmore_CA","158"
"Moorpark_CA","158"
"Ojai_CA","158"
"Oxnard_CA","158"
"Port Hueneme_CA","158"
"Santa Paula_CA","158"
"Simi Valley_CA","158"
"Santa Barbara_CA","158"
"Goleta_CA","164"
"Delano_CA","152"
"Goshen_CA","154"
"Hanford_CA","154"
"Kaweah_CA","154"
"Porterville_CA","152"
"Tulare_CA","154"
"Visalia_CA","154"
"Waukena_CA","154"
"Bakersfield_CA","152"
"San Luis Obispo_CA","164"
"Los Osos_CA","164"
"Arroyo Grande_CA","164"
"Atascadero_CA","164"
"Lompoc_CA","164"
"Morro Bay_CA","164"
"Paso Robles_CA","164"
"Pismo Beach_CA","164"
"Santa Maria_CA","164"
"Solvang_CA","164"
"Oceano_CA","164"
"Grover Beach_CA","164"
"Mojave_CA","162"
"California City_CA","162"
"Bishop_CA","162"
"Lancaster_CA","162"
"Little Lake_CA","162"
"Ridgecrest_CA","162"
"Tehachapi_CA","152"
"Palmdale_CA","162"
"Boron_CA","162"
"Burrel_CA","154"
"Clovis_CA","154"
"Madera_CA","154"
"Santa Rita Park_CA","154"
"South Dos Palos_CA","154"
"Fresno_CA","154"
"Salinas_CA","159"
"Carmel By The Sea_CA","159"
"Carmel_CA","159"
"Monterey_CA","159"
"Spreckels_CA","159"
"Burlingame_CA","150"
"Daly City_CA","150"
"Los Altos_CA","156"
"Menlo Park_CA","150"
"Mountain View_CA","156"
"Redwood City_CA","150"
"South San Francisco_CA","150"
"Sunnyvale_CA","156"
"San Francisco_CA","150"
"Sacramento_CA","157"
"Palo Alto_CA","156"
"Concord_CA","155"
"Fremont_CA","155"
"Hayward_CA","155"
"Oakville_CA","165"
"Moraga_CA","155"
"Napa_CA","165"
"Oakland_CA","155"
"Piedmont_CA","155"
"Emeryville_CA","155"
"Berkeley_CA","155"
"Richmond_CA","155"
"El Sobrante_CA","155"
"San Rafael_CA","165"
"Kentfield_CA","165"
"Rohnert Park_CA","165"
"Mill Valley_CA","165"
"Novato_CA","165"
"Petaluma_CA","165"
"Sausalito_CA","165"
"San Quentin_CA","165"
"Corte Madera_CA","165"
"Larkspur_CA","165"
"Fairfax_CA","165"
"San Anselmo_CA","165"
"Aptos_CA","159"
"Campbell_CA","156"
"Cupertino_CA","156"
"Gilroy_CA","156"
"Hollister_CA","159"
"Holy City_CA","156"
"Los Gatos_CA","156"
"Milpitas_CA","156"
"Morgan Hill_CA","156"
"Mount Hermon_CA","156"
"New Almaden_CA","156"
"Redwood Estates_CA","156"
"Santa Clara_CA","156"
"Santa Cruz_CA","159"
"Scotts Valley_CA","159"
"Saratoga_CA","156"
"Watsonville_CA","159"
"San Jose_CA","156"
"Stockton_CA","157"
"Lodi_CA","157"
"Merced_CA","154"
"Modesto_CA","154"
"Standard_CA","157"
"Tracy_CA","154"
"Santa Rosa_CA","165"
"Boyes Hot Springs_CA","165"
"Calpella_CA","165"
"Clearlake Park_CA","165"
"Rio Nido_CA","165"
"Sebastopol_CA","165"
"The Sea Ranch_CA","165"
"Eureka_CA","165"
"Cutten_CA","165"
"Auburn_CA","157"
"Carmichael_CA","157"
"Citrus Heights_CA","157"
"Davis_CA","157"
"Martell_CA","157"
"Represa_CA","157"
"Vacaville_CA","157"
"Chicago Park_CA","157"
"Weimar_CA","157"
"Rancho Cordova_CA","157"
"Elk Grove_CA","157"
"Folsom_CA","157"
"West Sacramento_CA","157"
"Chico_CA","157"
"Nelson_CA","157"
"Paradise_CA","157"
"Yuba City_CA","157"
"Bella Vista_CA","157"
"Big Bar_CA","157"
"Big Bend_CA","157"
"Fall River Mills_CA","157"
"Gerber_CA","157"
"Hat Creek_CA","157"
"Junction City_CA","157"
"Lakehead_CA","157"
"Mcarthur_CA","157"
"Manton_CA","157"
"Mill Creek_CA","157"
"Mineral_CA","157"
"Montgomery Creek_CA","157"
"Obrien_CA","157"
"Old Station_CA","157"
"Paskenta_CA","157"
"Paynes Creek_CA","157"
"Platina_CA","157"
"Proberta_CA","157"
"Round Mountain_CA","157"
"Shasta_CA","157"
"Tehama_CA","157"
"Trinity Center_CA","157"
"Vina_CA","157"
"Whiskeytown_CA","157"
"Redding_CA","157"
"Susanville_CA","173"
"South Lake Tahoe_CA","173"
"Truckee_CA","173"
"Twin Falls_ID","271"
"Sun Valley_ID","271"
"Idaho Falls_ID","271"
"Rexburg_ID","271"
"Caldwell_ID","271"
"Huston_ID","271"
"Nampa_ID","271"
"Meridian_ID","271"
"Boise_ID","271"
"Coeur D Alene_ID","223"
"Post Falls_ID","223"
"Beaverton_OR","182"
"Shaniko_OR","182"
"Hillsboro_OR","182"
"Portland_OR","182"
"Keizer_OR","182"
"Salem_OR","182"
"Crabtree_OR","183"
"Corvallis_OR","183"
"Saint Benedict_OR","182"
"Sweet Home_OR","183"
"Alvadore_OR","183"
"Curtin_OR","183"
"Eugene_OR","183"
"Ophir_OR","183"
"Cottage Grove_OR","183"
"Springfield_OR","183"
"Thurston_OR","183"
"Wedderburn_OR","183"
"Wilbur_OR","183"
"Grants Pass_OR","183"
"Murphy_OR","183"
"Klamath Falls_OR","183"
"Bend_OR","183"
"Bellevue_WA","180"
"Hobart_WA","180"
"Kent_WA","180"
"Bothell_WA","180"
"Lynnwood_WA","180"
"Preston_WA","180"
"Redondo_WA","180"
"Seahurst_WA","180"
"Federal Way_WA","180"
"Auburn_WA","180"
"Redmond_WA","180"
"Mill Creek_WA","180"
"Kirkland_WA","180"
"Seattle_WA","180"
"Everett_WA","180"
"Bellingham_WA","180"
"Blaine_WA","180"
"North Lakewood_WA","180"
"Silvana_WA","180"
"Snohomish_WA","180"
"Burley_WA","180"
"Carlsborg_WA","180"
"Sumner_WA","180"
"Port Gamble_WA","180"
"Southworth_WA","180"
"Tracyton_WA","180"
"Wauna_WA","180"
"Tacoma_WA","180"
"Camp Murray_WA","180"
"Lakewood_WA","180"
"Olympia_WA","180"
"Lacey_WA","180"
"Tumwater_WA","180"
"Adna_WA","180"
"East Olympia_WA","180"
"Carrolls_WA","182"
"Heisson_WA","182"
"Vancouver_WA","182"
"Yakima_WA","223"
"Spokane_WA","223"
"Pasco_WA","223"
