/,,
/specials/,,
/dr-dick-moller/,,
/family-dentistry-serving-camas/,,
/family-dentistry-serving-%20/,,
/office-tour/,,
/videos/,,
/dentist-near-vancouver-wa/,,
/dental-surgeon/,,
,/bone-grafting/,
,/tmj-disorder/,
,/apicoectomy/,
,/oral-surgery/,
,/root-canal-therapy/,
,/periodontal-disease/,
,/wisdom-tooth-extraction/,
,/tooth-extraction/,
,/frenectomy/,
,/pinhole-gum-rejuvenation/,
,/soft-tissue-grafting/,
/meet-us/,,
/patient-resources/,,
,/tooth-extraction-post-op-instructions/,
,/implant-post-op-instructions/,
,/financial-options/,
,/dental-phobia/,
/contact/,,
/our-staff/,,
/dr-blake-perkins/,,
/cosmetic-dentistry/,,
,/reviews/,
,/porcelain-bridges/,
,/porcelain-veneers/,
,/dentures/,
,/tooth-colored-fillings/,
,/tooth-bonding/,
,/teeth-straightening/,
,/teeth-whitening/,
,,/white-for-life/
/dental-memberships/,,
/family-dentistry/,,
,/brushing-and-flossing-your-teeth/,
,/fluoride-treatment/,
,/digital-x-rays/,
,/sealants/,
,/sleep-apnea/,
,/regular-exams-and-teeth-cleaning/,
,/oral-cancer-exams/,
,/tooth-abscess/,
/dental-terminology/,,
/dental-implants/,,
,/plaque-removal-from-dental-implants/,
,/dental-implant-care/,
,/implant-supported-dentures/,
,/procedure/,
,/dental-implant-costs/,
